:0200000400FCFE
:104800009080861BEA00791E00029080821BEA20BD
:10481000793E0002806A908086691E00020BEA00E1
:10482000908082693E00020BEA20BF10281D908014
:1048300086691E00020BEA00908082693E00020B2E
:10484000EA209F10793E00021BEA20908086691EB4
:1048500000020BEA00908082693E00020BEA20BF52
:1048600010501D908082691E00020BEA0090808625
:10487000693E00020BEA209F10793E00021BEA20ED
:10488000908086691E00020BEA00908082693E00DB
:10489000020BEA20BF106803024816908082693E2E
:1048A00000020BEA20AA9082AC1BEA20793E0002AB
:1048B0009082AC693E00020BEA207E2800017F0155
:1048C0009F02791E00021BEA004D2378E3AA907F25
:1048D0006F1BEA00791E0002E4907F73F09F119035
:1048E0007F74793E00021BEA20907F6F693E0002D0
:1048F0000BEA204D23680474018001E47E145BDA26
:104900007E0400FE7E3400589AFDFEB8907F6F69E9
:104910003E00020BEA204D237803024A06907F6F87
:10492000693E00020BEA207E1BB0BEB02D781B74DE
:1049300001907F73F0907F6F693E00020BEA200BBD
:1049400034793E00021BEA208025907F6F693E008B
:10495000020BEA207E1BB0BEB02B7813907F6F69EC
:104960003E00020BEA200B34793E00021BEA208055
:10497000487E14000A907F74693E00020BEA209A78
:10498000FD57CA907F6F691E00020BEA007E0B3054
:104990000A136D007E2800309F022F10907F7479DB
:1049A0003E00021BEA20907F6F693E00020BEA2066
:1049B0000B34793E00021BEA20907F6F693E0002B3
:1049C0000BEA207E1BA07430BCAB4813907F6F694C
:1049D0003E00020BEA207E1BA07439BCAB0892900B
:1049E0007F73E0BEB000681E907F74693E00020BCA
:1049F000EA206E34FFFF6E24FFFF0B1C907F74795A
:104A00003E00021BEA20907F74693E00020BEA2000
:104A1000AA9077A81BEA20793E00029077A41BEAAF
:104A200000791E0002E49077BCF09F119077BD7969
:104A30003E00021BEA209077A4693E00020BEA20A8
:104A40004D23680474018001E47E145BDA7E040067
:104A5000FE7E3400859AFDFEB89077A4693E000280
:104A60000BEA204D237803024BC99077A8693E00DA
:104A7000020BEA20BE1800005845742D9077A469F7
:104A80003E00020BEA207A1BB09077A4693E000238
:104A90000BEA200B349077A4793E00021BEA2090A9
:104AA00077A8693E00020BEA206E34FFFF6E24FFF8
:104AB000FF0B1C9077A8793E00021BEA2080209013
:104AC00077A8693E00020BEA204D237812743090DB
:104AD00077A4693E00020BEA207A1BB0024BC902A0
:104AE0004B617E08000A9077A8693E00020BEA201D
:104AF0009AFD58269077BD791E00021BEA00907738
:104B0000BD693E00020BEA20BE180000480E9077F7
:104B1000BD695E00020BEA407CAB80109077BD69F6
:104B20003E00020BEA209F229F217CAB9077BC7E47
:104B3000EB7074012CB7F00A277E3477AC2D327AF3
:104B400071827A61837AEBA07E08000A9077A86967
:104B50003E00020BEA209AFD5826793E00021BEA2D
:104B6000209077A8693E00020BEA204D23680302DB
:104B70004AE2804C9077BCE00A2B7E3477AB2D3232
:104B80007A71827A6183E00A0B7E1400302D1090D6
:104B900077A4693E00020BEA207A1B309077A46963
:104BA0003E00020BEA200B349077A4793E00021BF2
:104BB000EA209077BC7EEBA07E70017CBA9CB7F0B7
:104BC0009077BCE0BEB00078ABAA90808A1BEA0068
:104BD000791E00029F1190808E793E00021BEA2010
:104BE00090808A693E00020BEA204D23680474011C
:104BF0008001E47E145BDA7E0400FE7E3400B09A0D
:104C0000FDFEB890808A693E00020BEA204D2368C1
:104C10007080487E14000A90808E693E00020BEA84
:104C2000209AFD57CA90808A691E00020BEA007E16
:104C30000B300A136D007E2800309F022F109080E9
:104C40008E793E00021BEA2090808A693E00020BAA
:104C5000EA200B34793E00021BEA2090808A693EEC
:104C600000020BEA207E1BA07430BCAB481390807E
:104C70008A693E00020BEA207E1BA07439BCAB0897
:104C80009290808E693E00020BEA20AA90784F1B1A
:104C9000EA20793E000290784B1BEA00791E000260
:104CA000E4907863F090784B693E00020BEA204D67
:104CB00023680474018001E47E145BDA7E0400FE44
:104CC0007E3400D09AFDFEB890784B693E00020B0E
:104CD000EA204D237803024DA990784F693E0002E7
:104CE0000BEA204D237812743090784B693E000215
:104CF0000BEA207A1BB0024DA980497E14000A906D
:104D0000784F693E00020BEA209AFD57D37CA390AE
:104D100078637EEB7074012CB7F00A277E347853E9
:104D20002D327A71827A61837AEBA07E14000A9028
:104D3000784F693E00020BEA209AFD57D3793E0076
:104D4000021BEA2090784F693E00020BEA204D23B7
:104D500078A9804C907863E00A2B7E3478522D320B
:104D60007A71827A6183E01A0B7E1400302D1090E4
:104D7000784B693E00020BEA207A1B3090784B6931
:104D80003E00020BEA200B3490784B793E00021B68
:104D9000EA209078637EEBA07E70017CBA9CB7F02D
:104DA000907863E0BEB00078ABAA907AA61BEA00C8
:104DB000791E0002E4907AAAF09F11907AAB793EB6
:104DC00000021BEA209F11907AAF793E00021BEA95
:104DD000206D337E243F80907AB3793E00021BEA37
:104DE00020907AA6693E00020BEA204D23680474E5
:104DF000018001E47E145BDA7E0400FE7E3400FA5A
:104E00009AFDFEB8907AA6693E00020BEA204D2377
:104E10007803025026907AA6693E00020BEA207EB3
:104E20001BB0BEB02D781B7401907AAAF0907AA6C0
:104E3000693E00020BEA200B34793E00021BEA2097
:104E40008025907AA6693E00020BEA207E1BB0BE48
:104E5000B02B7813907AA6693E00020BEA200B343F
:104E6000793E00021BEA2080566D117E044120909D
:104E70007AAB693E00020BEA209AFD55987F71904B
:104E80007AA6693E00020BEA207E1B700A277E3458
:104E900000309D237CB49AFD57127F017F179AFD45
:104EA00054E0907AAB793E00021BEA20907AA66922
:104EB0003E00020BEA200B34793E00021BEA2090F0
:104EC0007AA6693E00020BEA207E1BA07430BCABC0
:104ED0004813907AA6693E00020BEA207E1BA0745C
:104EE00039BCAB0884907AA6693E00020BEA207EAA
:104EF0001BB0BEB02E6803024FE6907AA6693E0052
:104F0000020BEA200B34793E00021BEA2080716D0F
:104F1000117E044120907AAF693E00020BEA209A8C
:104F2000FD55987F71907AA6693E00020BEA207EBB
:104F30001B700A277E3400309D237CB49AFD5712E3
:104F40007F017F179AFD54E0907AAF793E00021BF3
:104F5000EA206D117E044120907AB3693E00020B75
:104F6000EA209AFD5598793E00021BEA20907AA625
:104F7000693E00020BEA200B34793E00021BEA2056
:104F8000907AA6693E00020BEA207E1BA07430BC1A
:104F9000AB4834907AA6693E00020BEA207E1BA043
:104FA0007439BCAB1821907AB3693E00020BEA2039
:104FB0009AFD47C47E84412E7E9484809F559AFD3D
:104FC00046A85003024F0F907AB3691E00020BEA05
:104FD00000907AAF693E00020BEA209AFD563879BC
:104FE0003E00021BEA20907AAF691E00020BEA0025
:104FF000907AAB693E00020BEA209AFD54E0793EBC
:1050000000021BEA20907AAAE0BEB0006818907AED
:10501000AB693E00020BEA209AFD56FF907AAB790D
:105020003E00021BEA20907AAB693E00020BEA20A8
:10503000AA907433F090742F1BEA20793E000290FE
:10504000742B1BEA00791E00026D339074341BEA46
:10505000306D339074361BEA30907433E0907454A2
:10506000F090742B693E00020BEA204D2368047413
:10507000018001E47E145BDA7E0400FE7E34013997
:105080009AFDFEB890742B693E00020BEA204D2376
:1050900078030253F790742F693E00020BEA209ABE
:1050A000FD574A9074341BEA3090742F691E000239
:1050B0000BEA009F119AFD56B92827742D90742B86
:1050C000693E00020BEA207A1BB090742B693E0007
:1050D000020BEA200B3490742B793E00021BEA206D
:1050E000807690742F693E00020BEA209AFD47C437
:1050F000BE0800007804BE180000785C743090741C
:105100002B693E00020BEA207A1BB090742B693E9B
:1051100000020BEA200B3490742B793E00021BEA4C
:1051200020742E90742B693E00020BEA207A1BB08B
:1051300090742B693E00020BEA200B3490742B799B
:105140003E00021BEA20743090742B693E00020B73
:10515000EA207A1BB00253F79074340BEA207CB437
:105160009AFD57127F0190742F693E00020BEA20CE
:105170009AFD54DD90742F793E00021BEA20801EB8
:105180006D117E04412090742F693E00020BEA20CD
:105190009AFD559890742F793E00021BEA20907476
:1051A000547EEBA07E70017CBA9CB7F0BEA0007864
:1051B000CF90742F693E00020BEA209AFD574A9067
:1051C00074361BEA30E4907454F09074340BEA3077
:1051D0007E24000A9AFD57879074547EEB70740108
:1051E0002CB7F07402ACB77E3474382D357A7182E6
:1051F0007A61831BEA207E24000A9074340BEA3023
:105200009AFD57871BEA306D229074340BEA30BD4B
:105210003278B70252A46D229074547EEB707402FF
:10522000ACB77E3474362D357A71827A61830BEA9D
:1052300030BD32481B9074547EEB707402ACB77E64
:105240003474362D357A71827A61830BEA00801DC1
:105250009074547EEB707402ACB77E3474362D3586
:105260007A71827A61830BEA306D009D037E1400AF
:10527000302D1090742B693E00020BEA207A1B300F
:1052800090742B693E00020BEA200B3490742B794A
:105290003E00021BEA209074547EEBA07E70017CDD
:1052A000BA9CB7F0907454E0BEB000680302521686
:1052B000907433E0BEB00078030253F7E490745466
:1052C000F0742E90742B693E00020BEA207A1BB01A
:1052D00090742B693E00020BEA200B3490742B79FA
:1052E0003E00021BEA206D229074360BEA30BD327C
:1052F0007812743090742B693E00020BEA207A1BFE
:10530000B00253F7804B9074360BEA307E24000ACB
:105310009AFD57879074547EEB7074012CB7F0742B
:1053200002ACB77E3474482D357A71827A61831B62
:10533000EA207E24000A9074360BEA309AFD5787E3
:105340001BEA309074337EEBA07E70017CBA9CB770
:10535000F0907433E0BEB00078AC0253EB6D229055
:1053600074547EEB707402ACB77E3474462D357A7B
:1053700071827A61830BEA30BD32481B9074547E8F
:10538000EB707402ACB77E3474462D357A71827A34
:1053900061830BEA00801D9074547EEB707402AC44
:1053A000B77E3474462D357A71827A61830BEA3088
:1053B0006D009D037E1400302D1090742B693E000B
:1053C000020BEA207A1B3090742B693E00020BEA34
:1053D000200B3490742B793E00021BEA2090745409
:1053E0007EEBA07E70017CBA9CB7F0907454E0BE56
:1053F000B000680302535DAA9077C11BEA00791ED2
:105400000002E49077C5F09F009F119077C61BEAD9
:1054100000791E0002792E0004793E00069F009F4D
:10542000119077CE1BEA00791E0002792E000479D4
:105430003E00067E043FF06D119F119077D61BEA67
:1054400000791E0002792E0004793E00069077C193
:10545000693E00020BEA204D23680474018001E4D8
:105460007E145BDA7E0400FE7E34018E9AFDFEB867
:105470009077C1693E00020BEA204D237803025762
:105480001C9077C1693E00020BEA207E1BB0BEB0C3
:105490002D781B74019077C5F09077C1693E0002AA
:1054A0000BEA200B34793E00021BEA20802590771E
:1054B000C1693E00020BEA207E1BB0BEB02B781300
:1054C0009077C1693E00020BEA200B34793E00025E
:1054D0001BEA20806E7E8440246D999F559077C68C
:1054E0000BEA00691E0002692E0004693E00069A5C
:1054F000FD44F97F607F719077C1693E00020BEA3D
:10550000207E1B700A277E3400309D237CB49AFDD8
:10551000471C7F407F517F067F179AFD43EA9077B3
:10552000C61BEA00791E0002792E0004793E0006AF
:105530009077C1693E00020BEA200B34793E0002ED
:105540001BEA209077C1693E00020BEA207E1BA077
:105550007430BCAB48169077C1693E00020BEA205C
:105560007E1BA07439BCAB18030254D59077C16977
:105570003E00020BEA207E1BB0BEB02E680302562E
:10558000B49077C1693E00020BEA200B34793E00EB
:10559000021BEA200256327E8440246D999F55906A
:1055A00077CE0BEA00691E0002692E0004693E00F6
:1055B000069AFD44F97F607F719077C1693E0002D1
:1055C0000BEA207E1B700A277E3400309D237CB4BA
:1055D0009AFD471C7F407F517F067F179AFD43EA63
:1055E0009077CE1BEA00791E0002792E0004793EE6
:1055F00000067E8440246D999F559077D60BEA0073
:10560000691E0002692E0004693E00069AFD44F9F5
:105610001BEA00791E0002792E0004793E000690F4
:1056200077C1693E00020BEA200B34793E00021B71
:10563000EA209077C1693E00020BEA207E1BA0742D
:1056400030BCAB48389077C1693E00020BEA207E3F
:105650001BA07439BCAB18257E8441CD7E94CD65EA
:105660009F559077D60BEA00691E0002692E000450
:10567000693E00069AFD46A850030255979077D6DA
:105680000BEA80699E000269AE000469BE000690C4
:1056900077CE0BEA00691E0002692E0004693E0005
:1056A000069AFD46091BEA00791E0002792E0004C5
:1056B000793E00069077CE0BEA80699E000269AEC3
:1056C000000469BE00069077C60BEA00691E00025E
:1056D000692E0004693E00069AFD43EA1BEA007940
:1056E0001E0002792E0004793E00069077C5E0BEC8
:1056F000B00068289077C60BEA00691E0002692E88
:105700000004693E00069AFD47099077C61BEA002F
:10571000791E0002792E0004793E00069077C60BB0
:10572000EA00691E0002692E0004693E0006AA9084
:105730007107F09070FB1BEA00791E00026D339038
:1057400071081BEA306D3390710A1BEA30907107C3
:10575000E0907136F09070FB693E00020BEA204D3C
:1057600023680474018001E47E145BDA7E0400FE89
:105770007E3401CE9AFDFEB89070FB693E00020BAC
:10578000EA204D237803025B2D9070FF0BEA00693D
:105790001E0002692E0004693E00069AFD476490CF
:1057A00071081BEA309070FF0BEA80699E00026965
:1057B000AE000469BE00069F009F119AFD46A8280E
:1057C00027742D9070FB693E00020BEA207A1BB013
:1057D0009070FB693E00020BEA200B349070FB795D
:1057E0003E00021BEA20807A9070FF0BEA00691EDF
:1057F0000002692E0004693E0006BE08000078041D
:10580000BE180000785C74309070FB693E00020B9B
:10581000EA207A1BB09070FB693E00020BEA200B75
:10582000349070FB793E00021BEA20742E9070FBCE
:10583000693E00020BEA207A1BB09070FB693E00C3
:10584000020BEA200B349070FB793E00021BEA2029
:1058500074309070FB693E00020BEA207A1BB002A4
:105860005B2D9071080BEA207CB49AFD471C7F40A9
:105870007F519070FF0BEA00691E0002692E000440
:10588000693E00069AFD43E69070FF1BEA00791E10
:105890000002792E0004793E000680307E84402488
:1058A0006D999F559070FF0BEA00691E0002692EEA
:1058B0000004693E00069AFD44F99070FF1BEA005F
:1058C000791E0002792E0004793E00069071367E22
:1058D000EBA07E70017CBA9CB7F0BEA00078BD90B2
:1058E00070FF0BEA00691E0002692E0004693E0089
:1058F000069AFD476490710A1BEA30E4907136F015
:105900009071080BEA307E24000A9AFD5787907147
:10591000367EEB7074012CB7F07402ACB77E347134
:105920000C2D357A71827A61831BEA207E24000A6D
:105930009071080BEA309AFD57871BEA306D229070
:1059400071080BEA30BD3278B70259DA6D229071D6
:10595000367EEB707402ACB77E34710A2D357A71E5
:10596000827A61830BEA30BD32481B9071367EEB40
:10597000707402ACB77E34710A2D357A71827A6107
:10598000830BEA00801D9071367EEB707402ACB719
:105990007E34710A2D357A71827A61830BEA306D1B
:1059A000009D037E1400302D109070FB693E0002B4
:1059B0000BEA207A1B309070FB693E00020BEA2054
:1059C0000B349070FB793E00021BEA209071367E0A
:1059D000EBA07E70017CBA9CB7F0907136E0BEB04F
:1059E00000680302594C907107E0BEB000780302D2
:1059F0005B2DE4907136F0742E9070FB693E0002CE
:105A00000BEA207A1BB09070FB693E00020BEA2083
:105A10000B349070FB793E00021BEA206D229071DE
:105A20000A0BEA30BD32781274309070FB693E0088
:105A3000020BEA207A1BB0025B2D804B90710A0B9F
:105A4000EA307E24000A9AFD57879071367EEB700B
:105A500074012CB7F07402ACB77E3471242D357A02
:105A600071827A61831BEA207E24000A90710A0BFE
:105A7000EA309AFD57871BEA309071077EEBA07ED3
:105A800070017CBA9CB7F0907107E0BEB00078ACB2
:105A9000025B216D229071367EEB707402ACB77E92
:105AA0003471222D357A71827A61830BEA30BD32EE
:105AB000481B9071367EEB707402ACB77E34712255
:105AC0002D357A71827A61830BEA00801D907136E0
:105AD0007EEB707402ACB77E3471222D357A718200
:105AE0007A61830BEA306D009D037E1400302D1027
:105AF0009070FB693E00020BEA207A1B309070FB2D
:105B0000693E00020BEA200B349070FB793E0002E4
:105B10001BEA209071367EEBA07E70017CBA9CB7A8
:105B2000F0907136E0BEB0006803025A93AA907BF1
:105B3000F31BEA00791E0002907BF3691E00020B42
:105B4000EA009AFCFFF06D22907BF7793E00021B81
:105B5000EA209F11907BFB793E00021BEA20E49033
:105B60007BFFF0E4907C00F0907BF3693E00020B39
:105B7000EA204D23680474018001E47E145BDA7E20
:105B80000400FE7E3402219AFDFEB8907BF3693E4C
:105B900000020BEA204D237803025D11907C00E0A7
:105BA000BEB0007803025C9F907BF3693E00020B5D
:105BB000EA207E1BA07461BCAB482F907BF3693E4A
:105BC00000020BEA207E1BA07466BCAB181C907B05
:105BD000F3693E00020BEA207E1B701A577E4400D8
:105BE000579D54907BFFF0025C70907BF3693E0000
:105BF000020BEA207E1BA07441BCAB482E907BF3C5
:105C0000693E00020BEA207E1BA07446BCAB181B49
:105C1000907BF3693E00020BEA207E1B701A577ED0
:105C20004400379D54907BFFF08045907BF3693EA4
:105C300000020BEA207E1BA07430BCAB5803025D4F
:105C400011907BF3693E00020BEA207E1BA07439A1
:105C5000BCAB0803025D11907BF3693E00020BEAC6
:105C6000207E1B701A577E4400309D54907BFFF0BD
:105C7000907BFB691E00020BEA0074042F0014786D
:105C8000FB907BFF7EEB70740F5C7B0A376D224DBF
:105C9000314D20907BFB793E00021BEA20803F9033
:105CA0007BF3693E00020BEA207E1BB0BEB0307869
:105CB0002D907BF3693E00020BEA200B347E1BB073
:105CC000BEB0787819907BF3693E00020BEA200B96
:105CD00034793E00021BEA207401907C00F0907B36
:105CE000F3693E00020BEA200B34793E00021BEA06
:105CF00020907BF7693E00020BEA207E2800017F9E
:105D0000019F02791E00021BEA004D236803025B1B
:105D10008B907BFB693E00020BEA20AA9075711BF9
:105D2000EA20793E000290756D1BEA00791E0002A0
:105D30007E345C097E2400FE7E1475757E040001AD
:105D400074109AFD585CE4907591F090756D693E01
:105D500000020BEA204D23680474018001E47E14E4
:105D60005BDA7E0400FE7E34025F9AFDFEB874307A
:105D700090756D693E00020BEA207A1BB090756D3C
:105D8000693E00020BEA200B3490756D793E0002EB
:105D90001BEA20747890756D693E00020BEA207A48
:105DA0001BB090756D693E00020BEA200B349075B4
:105DB0006D793E00021BEA2090756D693E00020B72
:105DC000EA204D237803025EA1907571693E0002BE
:105DD0000BEA204D237812743090756D693E0002F5
:105DE0000BEA207A1BB0025EA1804A907571695E51
:105DF00000020BEA407EA00F5CAB9075917EEB70C9
:105E000074012CB7F00A277E3475852D327A7182A1
:105E10007A61837AEBA07404907571693E00020B7D
:105E2000EA201E341E2450034E60801478F4793E1C
:105E300000021BEA20907571693E00020BEA204DBA
:105E40002378A88053907591E00A2B7E3475842DB9
:105E5000327A71827A6183E01A2B7E3475752D3225
:105E60007A71827A6183E090756D693E00020BEA77
:105E7000207A1BB090756D693E00020BEA200B344E
:105E800090756D793E00021BEA209075917EEBA023
:105E90007E70017CBA9CB7F0907591E0BEB000783E
:105EA000A4AA9078F5F09078F11BEA00791E000220
:105EB0009078ED1BEA20793E0002E49078FFF0E450
:105EC000907900F09078F5E0BEB0007803025F8929
:105ED0009078ED693E00020BEA209078F7793E0059
:105EE000021BEA209078F7693E00020BEA20BE18F8
:105EF0000000581E9078F7693E00020BEA206E34CD
:105F0000FFFF6E24FFFF0B1C9078F7793E00021B09
:105F1000EA209078F6E00A1B6D009078F7693E0061
:105F2000020BEA209AFD58267E1800302F01907847
:105F3000F1693E00020BEA207A1B309078F6E00A05
:105F40001B6D009078F7693E00020BEA209AFD581D
:105F500026793E00021BEA209079007EEBA07401B6
:105F60002CBAF09078F7693E00020BEA204D2368C6
:105F7000159078F1693E00020BEA200B34793E005F
:105F8000021BEA20808C0260389078ED693E0002A6
:105F90000BEA209078FB793E00021BEA209078F60D
:105FA000E00A1B6D009078FB693E00020BEA209A24
:105FB000FD57D57CB39078FFF09078FF7EEBA0740E
:105FC0000ABCAB400C7EA0379078FFE02CBAF08082
:105FD0000A7EA0309078FFE02CBAF09078FFE09035
:105FE00078F1693E00020BEA207A1BB09078F6E067
:105FF0000A1B6D009078FB693E00020BEA209AFDB7
:1060000057D5793E00021BEA209079007EEBA07400
:10601000012CBAF09078FB693E00020BEA204D2378
:1060200068169078F1693E00020BEA200B34793E45
:1060300000021BEA20025F9D907900E022907CAD77
:106040001BEA20793E0002907CA91BEA00791E0021
:10605000029F11907CB1793E00021BEA2002610F81
:106060007E080001907CAD693E00020BEA209F1083
:10607000907CB1691E00020BEA009F107D13907C9A
:10608000A9693E00020BEA202D317E1BB0907CB541
:10609000F0907CB1693E00020BEA207D13907CA950
:1060A000693E00020BEA202D317E1B307E28000164
:1060B000907CAD693E00020BEA209F12907CB16992
:1060C0005E00020BEA409F127D03907CA9693E00AE
:1060D000020BEA202D307A1B30907CB5E0907CB129
:1060E000693E00020BEA207D13907CA9693E000204
:1060F0000BEA202D317A1BB0907CB1691E00020B97
:10610000EA007E1800012F10793E00021BEA209061
:106110007CAD693E00020BEA207F011E141E045074
:10612000034E2080907CB1693E00020BEA20BF0143
:10613000280302606022906DD91BEA20793E00029C
:10614000906DD51BEA00791E00027E345C197E2416
:1061500000FE7E146E167E04000174119AFD585CD8
:106160009F11906DE5793E00021BEA20906DD56984
:106170003E00020BEA20906DE9793E00021BEA2006
:10618000906DD5693E00020BEA204D23681C906D8E
:10619000DD693E00020BEA204D23680E906DD9693F
:1061A0003E00020BEA204D2378059F1102681E0273
:1061B00067D3906DDD693E00020BEA207E1BB0BE06
:1061C000B0256853906DDD693E00020BEA207E1B0E
:1061D000300B34793E00021BEA20906DE9693E00E5
:1061E000020BEA207A1B30906DE9693E00020BEA4F
:1061F000200B34906DE9793E00021BEA20906DE59A
:10620000691E00020BEA007E1800012F10793E0083
:10621000021BEA200267D3906DDD693E00020BEAA3
:10622000200B34793E00021BEA20906DDD693E00B0
:10623000020BEA207E1BB0249D780302653D24F00A
:10624000780302646A24FB780302659A24146803C5
:10625000026779906DE1693E00020BEA201B3579F7
:106260003E00021BEA20906DE1693E00020BEA202D
:106270000B1A30906DEF1BEA306D33906E011BEA04
:10628000306D33906E031BEA306D22906DEF0BEA98
:1062900030BD32581C7E340001906E031BEA3090F2
:1062A0006DEF0BEA306E34FFFF0B34906DEF1BEA9D
:1062B00030906DEF0BEA307E24000A9AFD57877EFE
:1062C0005400302D52906E010BEA207E3400012DD7
:1062D000321BEA307E346DF12D327A71827A61831D
:1062E000F07E24000A906DEF0BEA309AFD57871B71
:1062F000EA306D22906DEF0BEA30BD32080E906EE1
:10630000010BEA207E34000FBD2348A5906E030BDD
:10631000EA206D33BD23681E742D906E010BEA20B8
:106320007E3400012D321BEA307E346DF12D327A3D
:1063300071827A6183F06D33906DED1BEA3080736A
:10634000906DED0BEA207E346DF12D327A71827AF8
:106350006183E0906E27F0906DED0BEA30906E0156
:106360000BEA209D237E346DF02D327A71827A61A2
:1063700083E0906DED0BEA207E346DF12D327A7161
:10638000827A6183F0906E27E0906DED0BEA309099
:106390006E010BEA209D237E346DF02D327A7182DE
:1063A0007A6183F0906DED0BEA207E3400012D328E
:1063B0001BEA30906E010BEA307E2400029AFD57F2
:1063C000877D23906DED0BEA30BD325803026340A8
:1063D0006D33906DED1BEA30805C906DED0BEA2023
:1063E0007E346DF12D327A71827A6183E0906DE9AD
:1063F000693E00020BEA207A1BB0906DE9693E000D
:10640000020BEA200B34906DE9793E00021BEA2072
:10641000906DE5691E00020BEA007E1800012F1046
:10642000793E00021BEA20906DED0BEA207E3400DD
:10643000012D321BEA30906E010BEA20906DED0BBE
:10644000EA30BD3258217E180001906DD9691E00D6
:10645000020BEA009F01906DE5693E00020BEA2005
:10646000BF1050030263DA0267C0906DE1693E001D
:10647000020BEA201B36793E00021BEA20906DE1F8
:10648000691E00020BEA00693000020B0A20906EC0
:1064900005793E00021BEA20906E05693E00020B62
:1064A000EA204D2378127E345BD37E2400FE906E6A
:1064B00005793E00021BEA208050906E05693E007F
:1064C000020BEA207E1B300B34793E00021BEA20CF
:1064D000906DE9693E00020BEA207A1B30906DE96D
:1064E000693E00020BEA200B34906DE9793E000210
:1064F0001BEA20906DE5691E00020BEA007E180081
:10650000012F10793E00021BEA20906E05693E00C3
:10651000020BEA207E1BB0BEB000681E7E18000190
:10652000906DD9691E00020BEA009F01906DE5692C
:106530003E00020BEA20BF1040800267C0906DE170
:10654000693E00020BEA201B35793E00021BEA205F
:10655000906DE1693E00020BEA200B1A10906DE984
:10656000693E00020BEA207A1B30906DE9693E001B
:10657000020BEA200B34906DE9793E00021BEA2001
:10658000906DE5691E00020BEA007E1800012F10D5
:10659000793E00021BEA200267C0906DE1693E006F
:1065A000020BEA201B36793E00021BEA20906DE1C7
:1065B000691E00020BEA00693000020B0A20906E8F
:1065C00009793E00021BEA206D33906E011BEA3010
:1065D000906E09693E00020BEA207E24000F5D23C5
:1065E0007E346E162D327A71827A6183E0906E016C
:1065F0000BEA207E3400012D321BEA307E346E0D12
:106600002D327A71827A6183F07404906E09693E4A
:1066100000020BEA201E341E2450034E60801478C2
:10662000F4793E00021BEA20906E09693E00020BDD
:10663000EA20BE180000280E906E010BEA207E347E
:106640000008BD23488A6D33906DED1BEA308073DE
:10665000906DED0BEA207E346E0D2D327A71827AC8
:106660006183E0906E27F0906DED0BEA30906E0143
:106670000BEA209D237E346E0C2D327A71827A6172
:1066800083E0906DED0BEA207E346E0D2D327A7131
:10669000827A6183F0906E27E0906DED0BEA309086
:1066A0006E010BEA209D237E346E0C2D327A7182AE
:1066B0007A6183F0906DED0BEA207E3400012D327B
:1066C0001BEA30906E010BEA307E2400029AFD57DF
:1066D000877D23906DED0BEA30BD32580302665082
:1066E0006D33906DED1BEA30805C906DED0BEA2010
:1066F0007E346E0D2D327A71827A6183E0906DE97D
:10670000693E00020BEA207A1BB0906DE9693E00F9
:10671000020BEA200B34906DE9793E00021BEA205F
:10672000906DE5691E00020BEA007E1800012F1033
:10673000793E00021BEA20906DED0BEA207E3400CA
:10674000012D321BEA30906E010BEA20906DED0BAB
:10675000EA30BD3258217E180001906DD9691E00C3
:10676000020BEA009F01906DE5693E00020BEA20F2
:10677000BF1050030266EA8047906DDD693E00025B
:106780000BEA207E1B30906DE9693E00020BEA2087
:106790007A1B30906DE9693E00020BEA200B3490C1
:1067A0006DE9793E00021BEA20906DE5691E00024A
:1067B0000BEA007E1800012F10793E00021BEA2030
:1067C000906DDD693E00020BEA200B34793E000239
:1067D0001BEA20906DDD693E00020BEA207E1BB0B3
:1067E000BEB00068217E180001906DD9691E0002BC
:1067F0000BEA009F01906DE5693E00020BEA20BFA5
:106800001050030261B2E4906DE9693E00020BEAA8
:10681000207A1BB0906DE5693E00020BEA20AA9039
:106820006CF01BEA20793E0002906CEC1BEA0079C8
:106830001E00029F11906CF4793E00021BEA207E3C
:10684000346CEC7E240001906CF8793E00021BEA67
:1068500020027184906CF0693E00020BEA207E1BDE
:10686000B0906CFCF0906CFCE0BEB0256803027147
:106870002D906CF0693E00020BEA200B34793E004B
:10688000021BEA207E1BB024DBBEB0544003027121
:10689000717EA003A4906899730270F20271710274
:1068A0007171027171027171027171027171027103
:1068B00071027171027171027171027171027171F3
:1068C0000271710271710271710271710271710252
:1068D00071710271710271710271710271710271D3
:1068E00071027171027171027171027171027171C3
:1068F000027171027171027171027171026AEA02B0
:1069000071710271710271710271710271710271A2
:106910007102717102717102717102717102717192
:1069200002717102717102717102717102717102F1
:106930007171026EF80271710271710271710271EE
:106940007102717102717102717102717102717162
:106950000271710269980269FE027171026AEA02AB
:1069600071710271710269FE0271710271710271BD
:1069700071027171027171026E4002704C0271718C
:10698000027171026FB0027171026D880271710241
:106990007171026EF8027171906CF8693E00020B21
:1069A000EA201B36793E00021BEA20906CF8693E13
:1069B00000020BEA20695100020B1A40906CFDF0B6
:1069C000906CFDE0906CEC693E00020BEA207A1BB3
:1069D000B0906CEC693E00020BEA200B34793E006B
:1069E000021BEA20906CF4691E00020BEA007E187C
:1069F00000012F10793E00021BEA20027171906C99
:106A0000F8693E00020BEA201B36793E00021BEAC1
:106A100020906CF8691E00020BEA00693000020B3E
:106A20000A20906D1E793E00021BEA20740A9078BD
:106A3000F6F0906D1E693E00020BEA207E146CFD9C
:106A40007E0400017401125EA2906D22F0906D1E12
:106A5000693E00020BEA20BE18000058237EA02DDC
:106A6000906D22E00A2B7E346CFD2D327A71827A91
:106A700061837AEBA0906D227EEBA074012CBAF0BA
:106A80007E146CFD7E040001906D22E00A3B6D22B5
:106A900012603D906D22E00A3BCA397E346CFD7E67
:106AA000240001906CEC691E00020BEA009AFCFFC6
:106AB000CB1BFD906D22E00A1B906CEC693E00023E
:106AC0000BEA202D31793E00021BEA20906D22E076
:106AD0000A1B6D00906CF4693E00020BEA202F1037
:106AE000793E00021BEA20027171906CF8693E0049
:106AF000020BEA209E340008793E00021BEA209037
:106B00006CF8695E00020BEA400B2A006912000271
:106B10006922000469320006906D1E1BEA00791E8E
:106B20000002792E0004793E0006740A9078F6F08F
:106B3000906D1E0BEA00691E0002692E0004693E7A
:106B400000069AFD47647E146CFD7E04000174010A
:106B5000125EA2906D26F0906D1E0BEA80699E0079
:106B60000269AE000469BE00069F009F119AFD46AF
:106B7000A828237EA02D906D26E00A2B7E346CFD84
:106B80002D327A71827A61837AEBA0906D267EEB4A
:106B9000A074012CBAF07E146CFD7E040001906D8F
:106BA00026E00A3B6D2212603D906D26E00A3BCA4A
:106BB000397E346CFD7E240001906CEC691E00026D
:106BC0000BEA009AFCFFCB1BFD906D26E00A1B90A0
:106BD0006CEC693E00020BEA202D31793E00021B6D
:106BE000EA20906D26E00A1B6D00906CF4693E006F
:106BF000020BEA202F10793E00021BEA20906D1E46
:106C00000BEA00691E0002692E0004693E00069A24
:106C1000FD47647CB49AFD47177F407F51906D1EFD
:106C20000BEA00691E0002692E0004693E00069A04
:106C3000FD43E67E84412E7E9484809F559AFD44D8
:106C4000F9906D1E1BEA00791E0002792E0004796E
:106C50003E0006906D1E0BEA00691E0002692E00C0
:106C600004693E0006BE0800007804BE18000068F3
:106C70002F740A9078F6F0906D1E0BEA00691E00E2
:106C800002692E0004693E00069AFD47647E146C7A
:106C9000FD7E0400017401125EA2906D26F0802A30
:106CA0007430906D02F07430906D01F07430906D1E
:106CB00000F07430906CFFF07430906CFEF0743023
:106CC000906CFDF07406906D26F080237EA03090CD
:106CD0006D26E00A2B7E346CFD2D327A71827A614A
:106CE000837AEBA0906D267EEBA074012CBAF09015
:106CF0006D267EEBA07406BCAB40D17EA02E906DBD
:106D000026E00A2B7E346CFD2D327A71827A618303
:106D10007AEBA0906D267EEBA074012CBAF07E1465
:106D20006CFD7E040001906D26E00A3B6D2212602E
:106D30003D906D26E00A3BCA397E346CFD7E24000E
:106D400001906CEC691E00020BEA009AFCFFCB1B61
:106D5000FD906D26E00A1B906CEC693E00020BEA88
:106D6000202D31793E00021BEA20906D26E00A1B9F
:106D70006D00906CF4693E00020BEA202F10793E02
:106D800000021BEA20027171906CF8693E00020B50
:106D9000EA201B36793E00021BEA20906CF8691E3F
:106DA00000020BEA00693000020B0A20906D1E7988
:106DB0003E00021BEA20740A9078F6F0906D1E697E
:106DC0003E00020BEA207E146CFD7E040001E412FA
:106DD0005EA2906D22F07E146CFD7E040001906D29
:106DE00022E00A3B6D2212603D906D22E00A3BCA10
:106DF000397E346CFD7E240001906CEC691E00022B
:106E00000BEA009AFCFFCB1BFD906D22E00A1B9061
:106E10006CEC693E00020BEA202D31793E00021B2A
:106E2000EA20906D22E00A1B6D00906CF4693E0030
:106E3000020BEA202F10793E00021BEA200271713A
:106E4000906CF8693E00020BEA201B36793E000286
:106E50001BEA20906CF8691E00020BEA0069300002
:106E6000020B0A20906D1E793E00021BEA20740876
:106E70009078F6F0906D1E693E00020BEA207E14B9
:106E80006CFD7E040001E4125EA2906D22F07E147F
:106E90006CFD7E040001906D22E00A3B6D221260C1
:106EA0003D906D22E00A3BCA397E346CFD7E2400A1
:106EB00001906CEC691E00020BEA009AFCFFCB1BF0
:106EC000FD906D22E00A1B906CEC693E00020BEA1B
:106ED000202D31793E00021BEA20906D22E00A1B32
:106EE0006D00906CF4693E00020BEA202F10793E91
:106EF00000021BEA20027171906CF8693E00020BDF
:106F0000EA201B36793E00021BEA20906CF8691ECD
:106F100000020BEA00693000020B0A20906D1E7916
:106F20003E00021BEA2074109078F6F0906D1E6906
:106F30003E00020BEA207E146CFD7E040001E41288
:106F40005EA2906D22F07E146CFD7E040001906DB7
:106F500022E00A3B6D2212603D906D22E00A3BCA9E
:106F6000397E346CFD7E240001906CEC691E0002B9
:106F70000BEA009AFCFFCB1BFD906D22E00A1B90F0
:106F80006CEC693E00020BEA202D31793E00021BB9
:106F9000EA20906D22E00A1B6D00906CF4693E00BF
:106FA000020BEA202F10793E00021BEA20027171C9
:106FB000906CF8693E00020BEA201B36793E000215
:106FC0001BEA20906CF8691E00020BEA0069300091
:106FD000020B0A20906CFD793E00021BEA208057CC
:106FE000906CFD693E00020BEA207E1B30906CEC39
:106FF000693E00020BEA207A1B30906CEC693E007F
:10700000020BEA200B34793E00021BEA20906CF45C
:10701000691E00020BEA007E1800012F10793E0065
:10702000021BEA20906CFD693E00020BEA200B3443
:10703000793E00021BEA20906CFD693E00020BEADB
:10704000207E1BB0BEB0007897027171906CF86919
:107050003E00020BEA201B36793E00021BEA20901C
:107060006CF8691E00020BEA00693000020B0A206E
:10707000906D1E793E00021BEA2074109078F6F0A5
:10708000906D1E693E00020BEA207E146CFD7E04AA
:107090000001E4125EA27E146CFD7E0400017E18E5
:1070A000000812603D7E340008CA397E346CFD7ED3
:1070B000240001906CEC691E00020BEA009AFCFFB0
:1070C000CB1BFD906CEC693E00020BEA202E3400D5
:1070D00008793E00021BEA207E080008906CF469E3
:1070E0003E00020BEA202F10793E00021BEA20022C
:1070F00071717425906CEC693E00020BEA207A1BDA
:10710000B0906CEC693E00020BEA200B34793E0033
:10711000021BEA20906CF4691E00020BEA007E1844
:1071200000012F10793E00021BEA208044906CF091
:10713000693E00020BEA207E1B30906CEC693E0039
:10714000020BEA207A1B30906CEC693E00020BEADD
:10715000200B34793E00021BEA20906CF4691E007B
:10716000020BEA007E1800012F10793E00021BEA94
:1071700020906CF0693E00020BEA200B34793E004F
:10718000021BEA20906CF0693E00020BEA207E1B95
:10719000B0BEB0006803026854906CF4693E00020F
:1071A0000BEA20AA906E2A1BEA00791E0002906E5C
:1071B000281BEA307E3456FC7E2400FE7E146E3698
:1071C0007E04000174409AFD585C6D33906E761B0E
:1071D000EA306D33906E781BEA30906E2A691E009B
:1071E000020BEA006D337E240080BF01500302745D
:1071F0004D027439906E32693E00020BEA20BE18CF
:10720000004028067E340040800A906E32693E00BD
:10721000020BEA20906E761BEA30906E760BEA3015
:10722000CA39906E2A693E00020BEA207E146E363F
:107230007E0400019AFCFFCB1BFD906E760BEA10DA
:107240006D00906E32693E00020BEA209F10793E7D
:1072500000021BEA20906E760BEA10906E2A693EBF
:1072600000020BEA202D31793E00021BEA20906ECD
:10727000760BEA007E1400019D017E1400FF5D1074
:10728000906E280BEA301A261A242F112F117E54E3
:1072900057E87E4400FE2F21693200020B2A207A33
:1072A0001B30906E760BEA207E3400019D237E34E5
:1072B000FF005D327D130A12906E280BEA301A2609
:1072C0001A242F112F117E54577C7E4400FE2F214B
:1072D000693200020B2A207A1B307E346E367D1311
:1072E0000A12906E280BEA301A261A242F112F1139
:1072F0007E5457947E4400FE2F21693200020B2AEF
:10730000207A1B307E146E36906E280BEA301A26D7
:107310001A242F112F117E5457AC7E4400FE2F21CA
:10732000693200020B2A207A1B30906E780BEA102B
:10733000906E2E693E00020BEA202D317D130A1259
:10734000906E280BEA301A261A242F112F117E5422
:1073500057947E4400FE2F21693200020B2A207AC6
:107360001B30906E780BEA10906E2E693E00020B77
:10737000EA202D317D13906E280BEA301A261A244C
:107380002F112F117E5457AC7E4400FE2F216932FD
:1073900000020B2A207A1B307440906E280BEA30D2
:1073A0001A261A242F112F117E1457DC7E0400FE9A
:1073B0002F01693000020B0A207A1BB074C1906E55
:1073C000280BEA301A261A242F112F117E1456E4A6
:1073D0007E0400FE2F01693000020B0A207A1BB0E8
:1073E000906E280BEA301A261A242F112F117E14C2
:1073F00057F47E0400FE2F01693000020B0A207E44
:107400001BB030E0DBE4906E280BEA301A261A2419
:107410002F112F117E1457F47E0400FE2F016930C6
:1074200000020B0A207A1BB0906E760BEA20906E59
:10743000780BEA302D321BEA30906E32693E000242
:107440000BEA204D2368030271F4027613906E322A
:10745000693E00020BEA207D037E1400019D017E3F
:107460001400FF5D106D00906E280BEA301A261A8A
:10747000242F112F117E5457E87E4400FE2F2169DE
:107480003200020B2A207A1B30906E32693E0002D5
:107490000BEA207D237E3400019D237E34FF005DB6
:1074A000326D227C36906E280BEA301A261A242F71
:1074B000112F117E54577C7E4400FE2F216932002B
:1074C000020B2A207A1B30906E2A693E00020BEADA
:1074D000207D130A12906E280BEA301A261A242FE8
:1074E000112F117E5457947E4400FE2F21693200E3
:1074F000020B2A207A1B30906E2A693E00020BEAAA
:10750000207D13906E280BEA301A261A242F112F93
:10751000117E5457AC7E4400FE2F21693200020BCD
:107520002A207A1B30906E2E693E00020BEA207DE5
:10753000130A12906E280BEA301A261A242F112FE4
:10754000117E5457887E4400FE2F21693200020BC1
:107550002A207A1B30906E2E693E00020BEA207DB5
:1075600013906E280BEA301A261A242F112F117E41
:107570005457A07E4400FE2F21693200020B2A20BE
:107580007A1B307460906E280BEA301A261A242F6A
:10759000112F117E1457DC7E0400FE2F016930008C
:1075A000020B0A207A1BB074C1906E280BEA301AC5
:1075B000261A242F112F117E1456E47E0400FE2F6C
:1075C00001693000020B0A207A1BB0906E280BEA8A
:1075D000301A261A242F112F117E1457F47E04001E
:1075E000FE2F01693000020B0A207E1BB030E0DB69
:1075F000E4906E280BEA301A261A242F112F117EE0
:107600001457F47E0400FE2F01693000020B0A209B
:107610007A1BB0AA906EC91BEA00791E0002906E18
:10762000C71BEA307E34573C7E2400FE7E146ED1A8
:107630007E04000174409AFD585C6D33906F111BFD
:10764000EA30906EC9691E00020BEA006D337E2499
:107650000080BF015003027836027822906ECD6917
:107660003E00020BEA20BE18004028067E3400408F
:10767000800A906ECD693E00020BEA20906F111BCC
:10768000EA30906F110BEA30CA39906EC9693E003A
:10769000020BEA207E146ED17E0400019AFCFFCB1F
:1076A0001BFD906F110BEA106D00906ECD693E00CE
:1076B000020BEA209F10793E00021BEA20906F1116
:1076C0000BEA10906EC9693E00020BEA202D317959
:1076D0003E00021BEA20906F110BEA007E140001AD
:1076E0009D017E1400FF5D10906EC70BEA301A26D4
:1076F0001A242F112F117E5457E87E4400FE2F21AB
:10770000693200020B2A207A1B30906F110BEA209D
:107710007E3400019D237E34FF005D327D130A120A
:10772000906EC70BEA301A261A242F112F117E549F
:10773000577C7E4400FE2F21693200020B2A207AFA
:107740001B307E346ED17D130A12906EC70BEA3067
:107750001A261A242F112F117E5457947E4400FEAE
:107760002F21693200020B2A207A1B307E146ED141
:10777000906EC70BEA301A261A242F112F117E544F
:1077800057AC7E4400FE2F21693200020B2A207A7A
:107790001B307440906EC70BEA301A261A242F1142
:1077A0002F117E1457DC7E0400FE2F016930000289
:1077B0000B0A207A1BB074C1906EC70BEA301A26F0
:1077C0001A242F112F117E1456E47E0400FE2F017F
:1077D000693000020B0A207A1BB0906EC70BEA30AA
:1077E0001A261A242F112F117E1457F47E0400FE3E
:1077F0002F01693000020B0A207E1BB030E0DBE471
:10780000906EC70BEA301A261A242F112F117E14FE
:1078100057F47E0400FE2F01693000020B0A207A23
:107820001BB0906ECD693E00020BEA204D23680329
:1078300002765C02799E906ECD693E00020BEA20D2
:107840007D037E1400019D017E1400FF5D106D001C
:10785000906EC70BEA301A261A242F112F117E546E
:1078600057E87E4400FE2F21693200020B2A207A5D
:107870001B30906ECD693E00020BEA207D237E34E2
:1078800000019D237E34FF005D326D227C36906EB8
:10789000C70BEA301A261A242F112F117E54577C59
:1078A0007E4400FE2F21693200020B2A207A1B3011
:1078B000906EC9693E00020BEA207D130A12906E99
:1078C000C70BEA301A261A242F112F117E54579411
:1078D0007E4400FE2F21693200020B2A207A1B30E1
:1078E000906EC9693E00020BEA207D13906EC70BB3
:1078F000EA301A261A242F112F117E5457AC7E44D9
:1079000000FE2F21693200020B2A207A1B307440BE
:10791000906EC70BEA301A261A242F112F117E14ED
:1079200057DC7E0400FE2F01693000020B0A207A2A
:107930001BB074C1906EC70BEA301A261A242F119F
:107940002F117E1456E47E0400FE2F0169300002E0
:107950000B0A207A1BB0906EC70BEA301A261A2445
:107960002F112F117E1457F47E0400FE2F01693071
:1079700000020B0A207E1BB030E0DBE4906EC70BE8
:10798000EA301A261A242F112F117E1457F47E0480
:1079900000FE2F01693000020B0A207A1BB0AA906A
:1079A0007ED11BEA00791E0002907ECF1BEA309048
:1079B0007ED5693E00020BEA207D037E1400019D06
:1079C000017E1400FF5D106D00907ECF0BEA301A2F
:1079D000261A242F112F117E5457E87E4400FE2FC3
:1079E00021693200020B2A207A1B30907ED5693E35
:1079F00000020BEA207D237E3400019D237E34FFAC
:107A0000005D326D227C36907ECF0BEA301A261A4A
:107A1000242F112F117E54577C7E4400FE2F2169A4
:107A20003200020B2A207A1B30907ED1693E000280
:107A30000BEA207D130A12907ECF0BEA301A261A29
:107A4000242F112F117E5457887E4400FE2F216968
:107A50003200020B2A207A1B30907ED1693E000250
:107A60000BEA207D13907ECF0BEA301A261A242FC2
:107A7000112F117E5457A07E4400FE2F2169320041
:107A8000020B2A207A1B307420907ECF0BEA301A2A
:107A9000261A242F112F117E1457DC7E0400FE2F8E
:107AA00001693000020B0A207A1BB074C1907ECFAE
:107AB0000BEA301A261A242F112F117E1456E47E59
:107AC0000400FE2F01693000020B0A207A1BB090DF
:107AD0007ECF0BEA301A261A242F112F117E14574D
:107AE000F47E0400FE2F01693000020B0A207E1B89
:107AF000B030E0DBE4907ECF0BEA301A261A242F58
:107B0000112F117E1457F47E0400FE2F01693000FE
:107B1000020B0A207A1BB0AA908355F09083531B66
:107B2000EA307E180001906ECD793E00021BEA20FB
:107B30009083530BEA307E1483557E0400019AFC37
:107B40007614AA907EDB1BEA00791E0002907ED993
:107B50001BEA30907EDF693E00020BEA20906ECD7A
:107B6000793E00021BEA20907ED90BEA30907EDB42
:107B7000691E00020BEA009AFC7614AA9082EA1BA6
:107B8000EA209082E81BEA307E180002906ECD79E0
:107B90003E00021BEA209082E80BEA307E1482EA63
:107BA0007E0400019AFC7614AA907EE51BEA007917
:107BB0001E0002907EE31BEA30907EE9693E0002DF
:107BC0000BEA202F11906ECD793E00021BEA209027
:107BD0007EE30BEA30907EE5691E00020BEA009A14
:107BE000FC7614AA9082EF7AEB509082EEF09082AD
:107BF000EC1BEA307E180001906ECD793E00021B2E
:107C0000EA209082EC0BEA307E1482EE7E040001C2
:107C10009AFC76147E180001906ECD793E00021B0E
:107C2000EA209082EC0BEA307E1482EF7E040001A1
:107C30009AFC7614AA907E661BEA00791E000290D8
:107C40007E65F0907E631BEA307E180001906ECD59
:107C5000793E00021BEA20907E630BEA307E147EA0
:107C6000657E0400019AFC7614907E6A693E0002EB
:107C70000BEA20906ECD793E00021BEA20907E63D5
:107C80000BEA30907E66691E00020BEA009AFC76D1
:107C900014AA9081D31BEA109081D11BEA20908115
:107CA000CF1BEA307E180002906ECD793E00021B99
:107CB000EA209081CF0BEA307E1481D17E0400014E
:107CC0009AFC76147E180002906ECD793E00021B5D
:107CD000EA209081CF0BEA307E1481D37E0400012C
:107CE0009AFC7614AA907D5F1BEA00791E00029030
:107CF0007D5D1BEA20907D5B1BEA307E18000290C0
:107D00006ECD793E00021BEA20907D5B0BEA307E4F
:107D1000147D5D7E0400019AFC7614907D63693EBB
:107D200000020BEA202F11906ECD793E00021BEA73
:107D300020907D5B0BEA30907D5F691E00020BEAAC
:107D4000009AFC7614AA9083561BEA30E49083587C
:107D5000F07E180001907ED5793E00021BEA20904B
:107D600083560BEA307E1483587E0400019AFC7916
:107D70009F908358E0AA907EEF1BEA00791E0002D4
:107D8000907EED1BEA30907EF3693E00020BEA2004
:107D9000907ED5793E00021BEA20907EED0BEA3002
:107DA000907EEF691E00020BEA009AFC799FAA9070
:107DB00082F01BEA307E180002907ED5793E0002E8
:107DC0001BEA209082F00BEA307E1482F27E0400DF
:107DD000019AFC799F9082F20BEA30AA907EF91BFF
:107DE000EA00791E0002907EF71BEA30907EFD6962
:107DF0003E00020BEA202F11907ED5793E00021B37
:107E0000EA20907EF70BEA30907EF9691E00020BA3
:107E1000EA009AFC799FAA9082F6F09082F41BEA1D
:107E200030E49082F7F07E180001906ECD793E002C
:107E3000021BEA209082F40BEA307E1482F67E0464
:107E400000019AFC76147E180001907ED5793E00E0
:107E5000021BEA209082F40BEA307E1482F77E0443
:107E600000019AFC799F9082F7E0AA907E711BEA4C
:107E700000791E0002907E70F0907E6E1BEA307ECC
:107E8000180001906ECD793E00021BEA20907E6EB4
:107E90000BEA307E147E707E0400019AFC7614900A
:107EA0007E75693E00020BEA20907ED5793E000285
:107EB0001BEA20907E6E0BEA30907E71691E0002F4
:107EC0000BEA009AFC799FAA9081D71BEA20908147
:107ED000D51BEA307E180002906ECD793E00021B61
:107EE000EA209081D50BEA307E1481D77E04000110
:107EF0009AFC76147E180002907ED5793E00021B13
:107F0000EA209081D50BEA307E1481D97E040001ED
:107F10009AFC799F9081D90BEA30AA907D6B1BEA7D
:107F200000791E0002907D691BEA20907D671BEAA4
:107F3000307E180002906ECD793E00021BEA209040
:107F40007D670BEA307E147D697E0400019AFC7621
:107F500014907D6F693E00020BEA20907ED5793E39
:107F600000021BEA20907D670BEA30907D6B691E52
:107F700000020BEA009AFC799FAA907C2D1BEA0074
:107F8000791E0002907C2B1BEA30907C31693E0008
:107F9000020BEA20906E2E793E00021BEA20907CB4
:107FA00035693E00020BEA20906E32793E00021BDA
:107FB000EA20907C2B0BEA30907C2D691E00020B8E
:107FC000EA009AFC71A4AA907C3B1BEA00791E008F
:107FD00002907C391BEA30907C3F693E00020BEA3C
:107FE00020906E2E793E00021BEA20907C43693E71
:107FF00000020BEA202F11906E32793E00021BEA3C
:1080000020907C390BEA30907C3B691E00020BEA21
:10801000009AFC71A4AA9079691BEA00791E0002FB
:108020009079671BEA209079651BEA309F1190795F
:1080300075793E00021BEA2090796F0BEA307E24AE
:10804000FF005D2390796D0BEA107E34FF005D31F7
:10805000BD326811E47E1456BA7E0400FE7E3402FE
:10806000519AFDFEB890796D0BEA207E3400FF5DD9
:10807000327E24000174017E1400109AFD429C900F
:10808000796F0BEA207E3400FF5D327E240001749C
:10809000017E1400109AFD429C9079710BEA207EBB
:1080A00034FFFFBD2368189079710BEA207E3400FD
:1080B000FF5D326D2274017E1400039AFD429C9094
:1080C00079730BEA207E34FFFFBD23681990797322
:1080D0000BEA207E3400FF5D327E240001E47E1432
:1080E00000109AFD429C907969693E00020BEA20DB
:1080F000BE189680406490796D0BEA207E3400FFB4
:108100005D326D229AFD3BA290796F0BEA207E349E
:1081100000FF5D326D229AFD3BA29079710BEA203F
:108120007E34FFFFBD2368129079710BEA207E3404
:1081300000FF5D326D229AFD3BA29079730BEA201D
:108140007E34FFFFBD2368129079730BEA207E34E2
:1081500000FF5D326D229AFD3BA29079650BEA30FB
:108160001B3468741B3478030283090B35680302DF
:10817000841553A2F390796D0BEA307D231A247E87
:108180003400035D321B3468141B3468151B3468DB
:10819000162E3400037813E5A2F5A2800D43A20445
:1081A000800843A208800343A20CE4F5CE43CE909E
:1081B00043CE039079670BEA301B35680D1B34689A
:1081C0000E0B35780D43CE04800843CE0880034360
:1081D000CE0C43CE4002841574FC7E14FD6C7E04EC
:1081E000007E7E0B705C7B7A0B7090796D0BEA30B1
:1081F0007D231A247E3400035D321B34681E1B3439
:10820000682E1B34683E2E340003784A7E14FD6CC1
:108210007E04007E7E0B707A0B70803A74017E14AF
:10822000FD6C7E04007E7E0B704C7B7A0B7080268A
:1082300074027E14FD6C7E04007E7E0B704C7B7A93
:108240000B70801274037E14FD6C7E04007E7E0B26
:10825000704C7B7A0B70E47E34F8007E24007E7ACA
:108260001BB074907E14F8007E04007E7E0B704C70
:108270007B7A0B70907969691E00020BEA0090828C
:10828000A4693E00020BEA209AFD57D590797579D2
:108290003E00021BEA2074037E14F8007E04007E78
:1082A0007E0B704C7B7A0B709079670BEA301B3534
:1082B000681C1B34682C0B35783A74047E14F80063
:1082C0007E04007E7E0B704C7B7A0B7080267408D7
:1082D0007E14F8007E04007E7E0B704C7B7A0B705F
:1082E0008012740C7E14F8007E04007E7E0B704CAD
:1082F0007B7A0B7074407E14F8007E04007E7E0B47
:10830000704C7B7A0B7002841574F37E14FD6C7EC6
:1083100004007E7E0B705C7B7A0B7090796D0BEAAB
:10832000307D231A247E3400035D321B34681E1B0B
:1083300034682E1B34683E2E340003784A7E14FDC8
:108340006C7E04007E7E0B707A0B70803A74047E23
:1083500014FD6C7E04007E7E0B704C7B7A0B70806B
:108360002674087E14FD6C7E04007E7E0B704C7BB0
:108370007A0B708012740C7E14FD6C7E04007E7E7D
:108380000B704C7B7A0B70E47E34F8207E24007EE8
:108390007A1BB074907E14F8207E04007E7E0B70F1
:1083A0004C7B7A0B7074037E14F8207E04007E7E72
:1083B0000B704C7B7A0B709079670BEA301B356839
:1083C0001C1B34682C0B35783A74047E14F8207E1C
:1083D00004007E7E0B704C7B7A0B70802674087EC6
:1083E00014F8207E04007E7E0B704C7B7A0B70802C
:1083F00012740C7E14F8207E04007E7E0B704C7B81
:108400007A0B7074407E14F8207E04007E7E0B7020
:108410004C7B7A0B70E49079650BEA301A261A24AB
:108420002F112F117E1456F07E0400FE2F016930AB
:1084300000020B0A207A1BB074109079650BEA30A9
:108440001A261A242F112F117E1457D07E0400FEF5
:108450002F01693000020B0A207A1BB090796969FC
:108460001E00020BEA009082A4693E00020BEA2083
:108470009AFD57D54D0178046DFF80047EF400010C
:108480007D3F1A361AE6907969691E00020BEA00F0
:108490009082A4693E00020BEA209AFD57D52F175F
:1084A000907975793E00021BEA20907975693E004B
:1084B000020BEA20BE1800FF280E7E1800FF9079FC
:1084C00075793E00021BEA20907975691E00020B47
:1084D000EA009079650BEA301A261A242F112F1121
:1084E0007E5458007E4400FE2F21693200020B2A80
:1084F000207A1B30E49079650BEA301A261A242F73
:10850000112F117E1457F47E0400FE2F01693000F4
:10851000020B0A207A1BB0E49079650BEA301A2628
:108520001A242F112F117E1457DC7E0400FE2F0118
:10853000693000020B0A207A1BB0E49079650BEADF
:10854000301A261A242F112F117E1457B87E0400DA
:10855000FE2F01693000020B0A207A1BB0E49079EB
:10856000650BEA301A261A242F112F117E1457C4D6
:108570007E0400FE2F01693000020B0A207A1BB036
:1085800074C19079650BEA301A261A242F112F1125
:108590007E1456E47E0400FE2F01693000020B0AAF
:1085A000207A1BB0AA90835BF09083591BEA30902D
:1085B00083590BEA301B3468191B3468410B35783A
:1085C0006974C0F5CD90835BE0F5CFE5CD30E7FB76
:1085D000806974C07E34F8017E24007E7A1BB090DE
:1085E000835BE07E34F8027E24007E7A1BB07E340A
:1085F000F8017E24007E7E1BB030E7F2803D74C01F
:108600007E34F8217E24007E7A1BB090835BE07E6E
:1086100034F8227E24007E7A1BB07E34F8217E243A
:10862000007E7E1BB030E7F28011E47E1456BA7EE5
:108630000400FE7E3402F79AFDFEB8AA9082FAF09A
:108640009082F81BEA3074FF9082FBF09082F80B66
:10865000EA301B3468231B34685A0B3568030286E2
:10866000EF74C0F5CD9082FAE0F5CFE5CD30E7FBB1
:10867000E5CF9082FBF002870074C07E34F8017E63
:1086800024007E7A1BB09082FAE07E34F8027E24C9
:10869000007E7A1BB07E34F8017E24007E7E1BB003
:1086A00030E7F27E34F8027E24007E7E1BB090829A
:1086B000FBF0804C74C07E34F8217E24007E7A1B4F
:1086C000B09082FAE07E34F8227E24007E7A1BB0DD
:1086D0007E34F8217E24007E7E1BB030E7F27E34AB
:1086E000F8227E24007E7E1BB09082FBF08011E495
:1086F0007E1456BA7E0400FE7E3403159AFDFEB841
:108700009082FBE0AA90835EF090835C1BEA30903D
:10871000835C0BEA3090835EE09AFC85A5AA907F8B
:10872000031BEA00791E0002907F011BEA308020C3
:10873000907F010BEA30907F03691E00020BEA0074
:108740007E0BB00B14791E00021BEA009AFC85A573
:10875000907F07693E00020BEA207E2800017F011E
:108760009F02791E00021BEA004D2378C3AA908263
:10877000FE1BEA209082FC1BEA309082FC0BEA3060
:108780009082FE0BEA107E24FF005D217D520A5A82
:108790009AFC85A59082FC0BEA309082FE0BEA20C1
:1087A0007E5400FF5D529AFC85A5AA907F0D1BEABE
:1087B00000791E0002907F0B1BEA308047907F0BF0
:1087C0000BEA30907F0D691E00020BEA000B0A10C5
:1087D0007E24FF005D217D520A5A9AFC85A5907F78
:1087E0000B0BEA30907F0D691E00020BEA000B0AAA
:1087F000200B15791E00021BEA007E5400FF5D521B
:108800009AFC85A5907F11693E00020BEA207E2824
:1088100000017F019F02791E00021BEA004D2378B0
:108820009CAA9083037AEB50908302F09083001B04
:10883000EA309083000BEA30908302E09AFC85A531
:108840009083000BEA30908303E09AFC85A5AA9000
:108850007E7C1BEA00791E0002907E7BF0907E7980
:108860001BEA30907E790BEA30907E7BE09AFC85A3
:10887000A58020907E790BEA30907E7C691E0002F4
:108880000BEA007E0BB00B14791E00021BEA009A63
:10889000FC85A5907E80693E00020BEA207E2800C0
:1088A000017F019F02791E00021BEA004D2378C35D
:1088B000AA9081DF1BEA109081DD1BEA209081DB0A
:1088C0001BEA309081DB0BEA309081DD0BEA107EF1
:1088D00024FF005D217D520A5A9AFC85A59081DB18
:1088E0000BEA309081DD0BEA207E5400FF5D529A46
:1088F000FC85A59081DB0BEA309081DF0BEA107ECE
:1089000024FF005D217D520A5A9AFC85A59081DBE7
:108910000BEA309081DF0BEA207E5400FF5D529A13
:10892000FC85A5AA907D771BEA00791E0002907D48
:10893000751BEA20907D731BEA30907D730BEA3043
:10894000907D750BEA107E24FF005D217D520A5A4E
:108950009AFC85A5907D730BEA30907D750BEA201B
:108960007E5400FF5D529AFC85A5907D730BEA3022
:10897000907D77691E00020BEA000B0A107E24FF2F
:10898000005D217D520A5A9AFC85A5907D730BEA01
:1089900030907D77691E00020BEA000B0A200B1550
:1089A000791E00021BEA007E5400FF5D529AFC858E
:1089B000A5AA9083901BEA309083900BEA30E49A4A
:1089C000FC863CAA907F171BEA00791E0002907F6C
:1089D000151BEA30802E907F150BEA30E49AFC8656
:1089E0003C907F17693E00020BEA207A1BB0907F13
:1089F00017693E00020BEA200B34907F17793E0086
:108A0000021BEA20907F1B693E00020BEA207E28B1
:108A100000017F019F02791E00021BEA004D2378AE
:108A2000B5AA9083041BEA306D339083061BEA30AD
:108A30009083040BEA30E49AFC863C0A3B90830660
:108A40001BEA309083040BEA30E49AFC863C0A2B44
:108A50009083060BEA307C676C774D329083061B5F
:108A6000EA309083060BEA30AA907F211BEA007956
:108A70001E0002907F1F1BEA30805A907F1F0BEA76
:108A800030E49AFC863C0A1B907F21693E00020B71
:108A9000EA201B1A10907F1F0BEA30E49AFC863CF8
:108AA0000A0B907F21693E00020BEA200B1A107C12
:108AB000236C334D10907F21693E00020BEA201B8E
:108AC0001A10907F21693E00020BEA200B35793E97
:108AD00000021BEA20907F25693E00020BEA207EFF
:108AE0002800017F019F02791E00021BEA004D232E
:108AF0007889AA908361F090835F1BEA3090835F4E
:108B00000BEA30908361E09AFC85A590835F0BEAC5
:108B100030E49AFC863CAA907E871BEA00791E000E
:108B200002907E86F0907E841BEA30907E840BEA71
:108B300030907E86E09AFC85A5802E907E840BEA9C
:108B400030E49AFC863C907E87693E00020BEA2066
:108B50007A1BB0907E87693E00020BEA200B3490AE
:108B60007E87793E00021BEA20907E8B693E0002E0
:108B70000BEA207E2800017F019F02791E00021B64
:108B8000EA004D2378B5AA9081E31BEA209081E1A9
:108B90001BEA306D339081E51BEA309081E10BEAEE
:108BA000309081E30BEA107E24FF005D217D520AA4
:108BB0005A9AFC85A59081E10BEA309081E30BEA9B
:108BC000207E5400FF5D529AFC85A59081E10BEA5E
:108BD00030E49AFC863C0A3B9081E51BEA309081A8
:108BE000E10BEA30E49AFC863C0A2B9081E50BEA23
:108BF000307C676C774D329081E51BEA309081E5DF
:108C00000BEA30AA907D831BEA00791E0002907D5A
:108C1000811BEA20907D7F1BEA30907D7F0BEA303C
:108C2000907D810BEA107E24FF005D217D520A5A5F
:108C30009AFC85A5907D7F0BEA30907D810BEA2020
:108C40007E5400FF5D529AFC85A5805A907D7F0B73
:108C5000EA30E49AFC863C0A1B907D83693E000260
:108C60000BEA201B1A10907D7F0BEA30E49AFC86F9
:108C70003C0A0B907D83693E00020BEA200B1A1020
:108C80007C236C334D10907D83693E00020BEA20FB
:108C90001B1A10907D83693E00020BEA200B357988
:108CA0003E00021BEA20907D87693E00020BEA200D
:108CB0007E2800017F019F02791E00021BEA004D01
:108CC000237889AA907C491BEA00791E0002907CD7
:108CD000471BEA308073907C4D693E00020BEA200E
:108CE0004D236845907C470BEA30907C49691E0013
:108CF000020BEA007E0BB00B14791E00021BEA0087
:108D00009AFC863C907C4D693E00020BEA207A1B5F
:108D1000B0907C4D693E00020BEA200B34907C4DF4
:108D2000793E00021BEA208020907C470BEA3090BD
:108D30007C49691E00020BEA007E0BB00B14791E01
:108D400000021BEA009AFC85A5907C51693E000256
:108D50000BEA207E2800017F019F02791E00021B82
:108D6000EA004D236803028CD6AA907C571BEA00C8
:108D7000791E0002907C551BEA30028E5D907C5B70
:108D8000693E00020BEA204D237803028E0C907C92
:108D9000550BEA30907C57691E00020BEA000B0A63
:108DA000107E24FF005D217D520A5A9AFC863C0AFF
:108DB0001B907C5B693E00020BEA201B1A10907C22
:108DC000550BEA30907C57691E00020BEA000B0A33
:108DD000509AFC863C0A0B907C5B693E00020BEAD1
:108DE000200B1A107C236C334D10907C5B693E0085
:108DF000020BEA201B1A10907C5B693E00020BEA12
:108E0000200B35793E00021BEA20803E907C550BFA
:108E1000EA30907C57691E00020BEA000B0A107EB4
:108E200024FF005D217D520A5A9AFC85A5907C554D
:108E30000BEA30907C57691E00020BEA000B0A20F7
:108E40007E5400FF5D529AFC85A5907C57693E00D8
:108E5000020BEA200B35793E00021BEA20907C5F72
:108E6000693E00020BEA207E2800017F019F027903
:108E70001E00021BEA004D236803028D7DAA907933
:108E80007D1BEA00791E000290797B1BEA20907915
:108E9000791BEA309F11907989793E00021BEA2004
:108EA0009079830BEA307E24FF005D239079810B5B
:108EB000EA107E34FF005D31BD326811E47E145645
:108EC000BA7E0400FE7E34046A9AFDFEB890798171
:108ED0000BEA207E3400FF5D327E24000174017EA7
:108EE0001400109AFD429C9079830BEA207E340096
:108EF000FF5D327E24000174017E1400109AFD4251
:108F00009C9079850BEA207E34FFFFBD2368169084
:108F100079850BEA207E3400FF5D326D2274016D8D
:108F2000119AFD429C9079870BEA207E34FFFFBDA9
:108F30002368199079870BEA207E3400FF5D327E2A
:108F4000240001E47E1400109AFD429C90797D6912
:108F50003E00020BEA20BE18968040649079810B97
:108F6000EA207E3400FF5D326D229AFD3BA29079AB
:108F7000830BEA207E3400FF5D326D229AFD3BA216
:108F80009079850BEA207E34FFFFBD23681290792B
:108F9000850BEA207E3400FF5D326D229AFD3BA2F4
:108FA0009079870BEA207E34FFFFBD236812907909
:108FB000870BEA207E3400FF5D326D229AFD3BA2D2
:108FC0009079790BEA301B3478030290841B347853
:108FD000030291C70B35680302930753A2F39079FC
:108FE000810BEA307D231A247E3400035D321B346A
:108FF00068141B3468151B3468162E34000378136C
:10900000E5A2F5A2800D43A204800843A2088003D4
:1090100043A20CE4F5CE43CE9090797D691E000208
:109020000BEA009082A4693E00020BEA209AFD57E9
:10903000D5907989793E00021BEA20907989693EB2
:1090400000020BEA201E341E2450034E60807E086E
:1090500000012F017E34FE907E24007E7A1B30902A
:10906000797B0BEA301B35680D1B34680E0B3578A5
:109070000D43CE04800843CE08800343CE0C43CE7C
:109080004002930774FC7E14FD6C7E04007E7E0B10
:10909000705C7B7A0B709079810BEA307D231A2407
:1090A0007E3400035D321B34681E1B34682E1B3473
:1090B000683E2E340003784A7E14FD6C7E04007EE8
:1090C0007E0B707A0B70803A74017E14FD6C7E0406
:1090D000007E7E0B704C7B7A0B70802674027E14AF
:1090E000FD6C7E04007E7E0B704C7B7A0B708012D0
:1090F00074037E14FD6C7E04007E7E0B704C7B7AC4
:109100000B70E47E34F8007E24007E7A1BB07490ED
:109110007E14F8007E04007E7E0B704C7B7A0B7010
:1091200090797D691E00020BEA009082A4693E00DE
:10913000020BEA209AFD57D5907989793E00021BEF
:10914000EA20907989693E00020BEA201E341E2431
:1091500050034E60807E0800012F017E34F8087EA7
:1091600024007E7A1B3090797B0BEA301B35681C1B
:109170001B34682C0B35783A74047E14F8007E0496
:10918000007E7E0B704C7B7A0B70802674087E14F8
:10919000F8007E04007E7E0B704C7B7A0B70801290
:1091A000740C7E14F8007E04007E7E0B704C7B7A7B
:1091B0000B7074407E14F8007E04007E7E0B704CB1
:1091C0007B7A0B7002930774F37E14FD6C7E0400AF
:1091D0007E7E0B705C7B7A0B709079810BEA307D20
:1091E000231A247E3400035D321B34681E1B34684E
:1091F0002E1B34683E2E340003784A7E14FD6C7EAC
:1092000004007E7E0B707A0B70803A74047E14FD2D
:109210006C7E04007E7E0B704C7B7A0B7080267413
:10922000087E14FD6C7E04007E7E0B704C7B7A0BF6
:10923000708012740C7E14FD6C7E04007E7E0B70B8
:109240004C7B7A0B70E47E34F8207E24007E7A1BFF
:10925000B074907E14F8207E04007E7E0B704C7BF0
:109260007A0B7090797D691E00020BEA009082A44F
:10927000693E00020BEA209AFD57D5907989793E24
:1092800000021BEA20907989693E00020BEA201E49
:10929000341E2450034E60807E0800012F017E346E
:1092A000F8287E24007E7A1B3090797B0BEA301BF5
:1092B00035681C1B34682C0B35783A74047E14F81E
:1092C000207E04007E7E0B704C7B7A0B70802674AF
:1092D000087E14F8207E04007E7E0B704C7B7A0B97
:1092E000708012740C7E14F8207E04007E7E0B7059
:1092F0004C7B7A0B7074407E14F8207E04007E7ED6
:109300000B704C7B7A0B70AA9083241BEA20793E69
:1093100000027E140064908324693E00020BEA2060
:109320009AFD57CA793E00021BEA20801F7E18036F
:10933000E89AFC48A6908324693E00020BEA207E4E
:109340000800019F10793E00021BEA20A2F9E433D5
:10935000BEB000780E908324693E00020BEA204DD7
:109360002378CA908324693E00020BEA204D2378BB
:109370000474018001E422907C8BF0907C831BEAD2
:1093800020793E0002907C7F1BEA00791E00027467
:1093900001907C8CF0907C87693E00020BEA204DA6
:1093A000236812907C87693E00020BEA2012930822
:1093B000BEB0007858907C83693E00020BEA20BE64
:1093C0001810003848907C7F693E00020BEA204D5F
:1093D00023683AC3C2B5907C83693E00020BEA2041
:1093E000907EDF793E00021BEA207E340001907CF3
:1093F0007F691E00020BEA009AFC7B43907C8BE0A5
:10940000BEB0017803D3D2B5E4907C8CF0907C8C14
:10941000E0AA907CE11BEA20793E0002907CDD1BF3
:10942000EA00791E00027401907CE9F0907CE56905
:109430003E00020BEA204D236812907CE5693E0055
:10944000020BEA20129308BEB0007863907CE169B9
:109450003E00020BEA20BE1810003853907CDD69F4
:109460003E00020BEA204D236845C3C2B5907CDD67
:10947000693E00020BEA20907C31793E00021BEA33
:1094800020907CE1693E00020BEA20907C35793E19
:1094900000021BEA207E340001907CDD691E000280
:1094A0000BEA009AFC7F7AD3D2B5E4907CE9F09085
:1094B0007CE9E0AA9076F11BEA00791E0002907622
:1094C000F0F09076EE1BEA209076EC1BEA30740107
:1094D000907701F09076F1693E00020BEA209077D8
:1094E00002793E00021BEA20E4907706F06D33908B
:1094F00077071BEA307E3400089077091BEA30902A
:1095000076EC0BEA109076F1693E00020BEA207AC5
:109510001B309076EE0BEA109076F1693E00020B5C
:10952000EA200B347A1B309076F0E09076F1693EB9
:1095300000020BEA202E3400037A1BB09076FD69FE
:109540003E00020BEA209076F5691E00020BEA004D
:109550002F019076F1693E00020BEA200B3679115B
:1095600000021B1A009076F1691E00020BEA000B44
:1095700016693000020B0A207D237E34FF005D3225
:109580006D227C457C567C676C779076F1695E0035
:10959000020BEA400B56691200020B2A007D017E85
:1095A0001400FF5D106D007C036C116D114D134DA7
:1095B000029076F1693E00020BEA200B36695100F9
:1095C000020B1A406D337E2400FF5D355D247C76EE
:1095D0007C650A244D314D209076F1691E00020B06
:1095E000EA000B16695000020B0A406D117E04FF61
:1095F000005D155D040A100A024D134D029076F1CC
:10960000693E00020BEA200B36791100021B1A009A
:109610009077090BEA309077071BEA30806F9077DC
:10962000070BEA10907702693E00020BEA202D3109
:109630007E1BB0907706F09077070BEA10907702C8
:10964000693E00020BEA202D310B347E1B309077EF
:10965000070BEA00907702693E00020BEA202D30EA
:109660007A1B30907706E09077070BEA109077022C
:10967000693E00020BEA202D310B347A1BB07E24A8
:1096800000029077070BEA302D321BEA3090770703
:109690000BEA106D009076F5693E00020BEA20BFE0
:1096A00001500302961E7E180384907C87793E0049
:1096B000021BEA209076F1691E00020BEA00907608
:1096C000F5693E00020BEA209076F9695E00020B14
:1096D000EA404D45780474018001E49AFC93779048
:1096E0007701F0907701E0BEB00078489076F96994
:1096F0003E00020BEA204D23683A9076FD693E0059
:10970000020BEA204D23682C9F11907C87793E0044
:10971000021BEA209076F9691E00020BEA0090769F
:10972000FD693E00020BEA2074019AFC9377907762
:1097300001F08003D3D2B5907701E0AA908108F0C0
:109740009081041BEA00791E00029081021BEA301E
:109750007402908104693E00020BEA207A1BB090EB
:1097600081020BEA10908104693E00020BEA200B93
:10977000347A1B30908108E00A1B6D0090810469E7
:109780003E00020BEA200B36791100021B1A007E04
:10979000180384907C87793E00021BEA20908104A4
:1097A000691E00020BEA00908108E00A3B6D2274FA
:1097B000019AFC9377908109F0E4908104693E005E
:1097C000020BEA207A1BB07E180384907CE5793E78
:1097D00000021BEA20908104691E00020BEA00903F
:1097E0008108E00A3B6D229AFC9412908109F09066
:1097F0008109E0AA907ABA7AEB50907AB9F0907A1F
:10980000B71BEA30907AB70BEA30907AC41BEA3083
:10981000907ABAE00A2B7C456C55907AB9E00A3B05
:109820004D32907AC61BEA307E18000C9076F5799E
:109830003E00021BEA209F119076F9793E00021B40
:10984000EA209F119076FD793E00021BEA207E34CB
:1098500000017E240001E47E147ABC7E0400019A9B
:10986000FC94B4907ABBF0907ABBE0AA907B417AEA
:10987000EB60907B407AEB70907B3FF0907B40E018
:109880000A2B7C456C55907B3FE00A3B4D32907B28
:109890004B1BEA30907B41E00A3B907B4D1BEA304A
:1098A0007E18000C9076F5793E00021BEA209F118D
:1098B0009076F9793E00021BEA209F119076FD799F
:1098C0003E00021BEA207E3400017E240002E47E7A
:1098D000147B437E0400019AFC94B4907B42F09088
:1098E0007B42E0AA907ACA1BEA20907AC81BEA3031
:1098F000907AC80BEA30907AD51BEA30907ACA0B7E
:10990000EA30907AD71BEA307E18000C9076F57911
:109910003E00021BEA209F119076F9793E00021B5F
:10992000EA209F119076FD793E00021BEA207E34EA
:1099300000017E240003E47E147ACD7E0400019AA7
:10994000FC94B4907ACCF0907ACCE0AA907CEA1B9C
:10995000EA30907CEA0BEA30907CF51BEA307E1806
:10996000000A9076F5793E00021BEA209F1190765E
:10997000F9793E00021BEA209F119076FD793E00A6
:10998000021BEA207E3400017E240004E47E147C65
:10999000ED7E0400019AFC94B4907CECF0907CEC99
:1099A000E0AA907DDFF0907DDFE00A3B907DE91B2F
:1099B000EA307E18000A9076F5793E00021BEA2014
:1099C0009F119076F9793E00021BEA209F11907654
:1099D000FD793E00021BEA207E3400017E24000552
:1099E000E47E147DE17E0400019AFC94B4907DE055
:1099F000F0907DE0E0AA907CF71BEA30907CF70BBA
:109A0000EA30907D021BEA307E18000A9076F579E4
:109A10003E00021BEA209F119076F9793E00021B5E
:109A2000EA209F119076FD793E00021BEA207E34E9
:109A300000017E240006E47E147CFA7E0400019A74
:109A4000FC94B4907CF9F0907CF9E0AA907DEBF066
:109A5000907DEBE00A3B907DF51BEA307E18000A12
:109A60009076F5793E00021BEA209F119076F979F5
:109A70003E00021BEA209F119076FD793E00021BFA
:109A8000EA207E3400017E240007E47E147DED7E12
:109A90000400019AFC94B4907DECF0907DECE0AA77
:109AA000907D041BEA30907D040BEA30907D0F1B03
:109AB000EA307E18000A9076F5793E00021BEA2013
:109AC0009F119076F9793E00021BEA209F11907653
:109AD000FD793E00021BEA207E3400017E2400084E
:109AE000E47E147D077E0400019AFC94B4907D0608
:109AF000F0907D06E0AA907DF7F0907DF7E00A3BBC
:109B0000907E011BEA307E18000A9076F5793E00BF
:109B1000021BEA209F119076F9793E00021BEA2091
:109B20009F119076FD793E00021BEA207E340001F1
:109B30007E240009E47E147DF97E0400019AFC94E1
:109B4000B4907DF8F0907DF8E0AA907AD91BEA00F5
:109B5000791E00027E3400017E147ADE7E0400014C
:109B6000740C9AFC973C907ADDF0907ADDE0BEB000
:109B700000781E7E340004CA397E347AE67E2400E2
:109B800001907AD9691E00020BEA009AFCFFCB1BF8
:109B9000FD907ADDE0AA907AEA1BEA00791E0002C5
:109BA0007E3400027E147AEF7E040001740C9AFC6D
:109BB000973C907AEEF0907AEEE0BEB00078207E8E
:109BC000340004CA397E347AF77E240001907AEAA0
:109BD000691E00020BEA000B169AFCFFCB1BFD90DE
:109BE0007AEEE0AA9078C41BEA00791E00027E3467
:109BF00000107E1478C97E04000174109AFC973C12
:109C00009078C8F09078C8E0BEB00078339078CCF7
:109C1000E09078C4693E00020BEA202E3400067AF8
:109C20001BB07E340008CA397E3478D17E2400010E
:109C30009078C4691E00020BEA009AFCFFCB1BFD62
:109C40009078C8E0AA907AFB1BEA00791E00027E99
:109C50003400117E147B007E040001740C9AFC9782
:109C60003C907AFFF0907AFFE0BEB00078207E341E
:109C70007B087E240001691100020B1A00907AFB18
:109C8000693E00020BEA20791100021B1A00907A4B
:109C9000FFE0AA90781C1BEA0090781A1BEA10904B
:109CA00078181BEA209078161BEA3074019078200F
:109CB000F09078180BEA309078291BEA3090781AE7
:109CC0000BEA3090782B1BEA3090781C0BEA30902E
:109CD000782D1BEA3090781E0BEA3090782F1BEA23
:109CE00030906EBEE0BEB00078129078160BEA306D
:109CF0007D230A247E340010BD2378487E1800108E
:109D00009076F5793E00021BEA209F119076F97952
:109D10003E00021BEA209F119076FD793E00021B57
:109D2000EA209078160BEA300A367E2400019078FB
:109D3000160BEA507E1478217E0400019AFC94B43C
:109D4000907820F0907820E0AA907E9A1BEA307EEE
:109D50001800089076F5793E00021BEA209F1190CA
:109D600076F9793E00021BEA209F119076FD793E3C
:109D700000021BEA20907E9A0BEA300A367E24000D
:109D800002907E9A0BEA507E147E9D7E0400019A1A
:109D9000FC94B4907E9CF0907E9CE0AA907B701B1B
:109DA000EA20907B6E1BEA30907B700BEA30907B50
:109DB0007B1BEA307E18000A9076F5793E00021B84
:109DC000EA209F119076F9793E00021BEA209F114C
:109DD0009076FD793E00021BEA20907B6E0BEA3004
:109DE0000A367E240003907B6E0BEA507E147B7350
:109DF0007E0400019AFC94B4907B72F0907B72E038
:109E0000AA9079CC1BEA109079CA1BEA209079C8F5
:109E10001BEA309079CA0BEA309079D71BEA309070
:109E200079CC0BEA309079D91BEA307E18000C907F
:109E300076F5793E00021BEA209F119076F9793E73
:109E400000021BEA209F119076FD793E00021BEA7A
:109E5000209079C80BEA300A367E2400049079C835
:109E60000BEA507E1479CF7E0400019AFC94B490E2
:109E700079CEF09079CEE0AA9079DF1BEA10907944
:109E8000DD1BEA209079DB1BEA309079DD0BEA30AC
:109E90009079EA1BEA309079DF0BEA309079EC1B7D
:109EA000EA307E18000C9076F5793E00021BEA201D
:109EB0009F119076F9793E00021BEA209F1190765F
:109EC000FD793E00021BEA209079DB0BEA300A366E
:109ED0007E2400069079DB0BEA507E1479E27E0442
:109EE00000019AFC94B49079E1F09079E1E0AA90B5
:109EF0007C8FF0907C8D1BEA30907C8FE00A3B9049
:109F00007C991BEA307E18000A9076F5793E0002B3
:109F10001BEA209F119076F9793E00021BEA209FF0
:109F2000119076FD793E00021BEA20907C8D0BEAB1
:109F3000300A367E240007907C8D0BEA507E147C1C
:109F4000917E0400019AFC94B4907C90F0907C90F7
:109F5000E0AA90828B1BEA00791E000274019082B5
:109F60008FF0906EBE7EEBA0740ABCAB506A6D336E
:109F700090781E1BEA30906EBE7EEB7074012C7BD5
:109F80007AEB700A277E3410004D326D226D116D10
:109F9000009AFC9C9390828FF090828FE0BEB0017B
:109FA0007810906EBE7EEBA07E70017CBA9CB7F0FC
:109FB000802690828B693E00020BEA204D236818B0
:109FC000906EBEE00A3B90828B691E00020BEA0095
:109FD0009AFCA08A90828FF090828FE0BEB00178C8
:109FE000046D33800C906EBEE00A2B7E3410004D61
:109FF00032AA907B7F1BEA20907B7D1BEA30907B0E
:10A000007F0BEA30907B8A1BEA307E18000A90763C
:10A01000F5793E00021BEA209F119076F9793E0007
:10A02000021BEA209F119076FD793E00021BEA2078
:10A030007E3400107E240010907B7D0BEA507E144D
:10A040007B827E0400019AFC94B4907B81F0907B2B
:10A0500081E0AA90832AF09083281BEA306D229039
:10A0600083280BEA30BD32780A7E341000908328B2
:10A070001BEA309083280BEA3090832AE09AFC9EFA
:10A08000EF90832BF090832BE0AA907B8E1BEA004D
:10A09000791E0002907B8C1BEA30907B8E691E003B
:10A0A000020BEA009AFCFFF07DF36DEE7E180008CB
:10A0B0009076F5793E00021BEA20907B8E693E0087
:10A0C000020BEA209076F9793E00021BEA207E34EA
:10A0D00000107E240005907B8C0BEA507E147B934D
:10A0E0007E0400019076FD79FE00021BEAE09AFCF6
:10A0F00094B4907B92F0907B92E0AA907B51F09088
:10A100007B4F1BEA30907B4F0BEA30907B5B1BEA66
:10A1100030907B51E00A3B907B5D1BEA307E18005B
:10A120000C9076F5793E00021BEA209F119076F99B
:10A13000793E00021BEA209F119076FD793E0002D5
:10A140001BEA207E3400107E24001174017E147BF3
:10A15000537E0400019AFC94B4907B52F0907B52A1
:10A16000E0AA907FBD1BEA00907FBB1BEA10907FA6
:10A17000B91BEA20907FB71BEA307401907FBFF0D3
:10A18000906EBF7EEBA07432BCAB5052907FBD0B83
:10A19000EA3090781E1BEA30906EBF7EEB7074013F
:10A1A0002C7B7AEB700A277E3411004D32907FB7FA
:10A1B0000BEA20907FB90BEA10907FBB0BEA009A64
:10A1C000FC9C93907FBFF0907FBFE0BEB001780E03
:10A1D000906EBF7EEBA07E70017CBA9CB7F0907F42
:10A1E000BFE0BEB00178046D33800C906EBFE00A12
:10A1F0002B7E3411004D32AA9070E61BEA00791EC6
:10A2000000029070E41BEA3074019070EEF07E342E
:10A2100070E47E2400019070F7793E00021BEA2072
:10A220009070E6693E00020BEA20906DDD793E00F9
:10A23000021BEA209070F7693E00020BEA20906D45
:10A24000E1793E00021BEA207E146E7A7E04000152
:10A250007E1800329AFC61369070EA793E00021B4B
:10A26000EA209070EA693E00020BEA20BE18000066
:10A2700048669070EA693E00020BEA209070F3791C
:10A280003E00021BEA207E1800089076F5793E0019
:10A29000021BEA207E346E7A7E2400019076F979E2
:10A2A0003E00021BEA209070F3693E00020BEA2098
:10A2B0009076FD793E00021BEA207E3400117E2458
:10A2C00000059070E40BEA507E1470EF7E040001EC
:10A2D0009AFC94B49070EEF09070EEE0AA907B9DA2
:10A2E0001BEA00791E0002907B9B1BEA30907B9D4D
:10A2F000691E00020BEA009AFCFFF06D22907BA61B
:10A30000793E00021BEA207E1800089076F5793E1F
:10A3100000021BEA20907B9D693E00020BEA209020
:10A3200076F9793E00021BEA20907BA6693E000286
:10A330000BEA209076FD793E00021BEA207E340075
:10A34000117E240005907B9B0BEA507E147BA27E3D
:10A350000400019AFC94B4907BA1F0907BA1E0AA48
:10A36000907BAC1BEA20907BAA1BEA30907BAC0B65
:10A37000EA30907BB71BEA307E18000A9076F579B8
:10A380003E00021BEA209F119076F9793E00021BE5
:10A39000EA209F119076FD793E00021BEA207E3470
:10A3A00000117E240010907BAA0BEA507E147BAF34
:10A3B0007E0400019AFC94B4907BAEF0907BAEE0FA
:10A3C000AA907FC61BEA00907FC41BEA10907FC250
:10A3D0001BEA20907FC01BEA307401907FC8F09088
:10A3E0006EC07EEBA07414BCAB5052907FC60BEADB
:10A3F0003090781E1BEA30906EC07EEB7074012C9A
:10A400007B7AEB700A277E3412004D32907FC00BAE
:10A41000EA20907FC20BEA10907FC40BEA009AFCFE
:10A420009C93907FC8F0907FC8E0BEB001780E90FA
:10A430006EC07EEBA07E70017CBA9CB7F0907FC8A6
:10A44000E0BEB00178046D33800C906EC0E00A2B42
:10A450007E3412004D32AA9070201BEA00791E0053
:10A460000290701F7AEB5090701EF090701C1BEAE7
:10A47000309F11907024793E00021BEA20740190F5
:10A480007028F07E34701C7E240001907029793E83
:10A4900000021BEA20907020693E00020BEA209027
:10A4A0006DDD793E00021BEA20907029693E0002B2
:10A4B0000BEA20906DE1793E00021BEA207E146ECB
:10A4C0007A7E0400017E1800329AFC613690702476
:10A4D000793E00021BEA20907024693E00020BEADC
:10A4E00020BE180000580302A568907024693E0041
:10A4F000020BEA20907031793E00021BEA20907036
:10A500001EE00A3B9070351BEA3090701FE00A3B5A
:10A510009070371BEA307E18000C9076F5793E007B
:10A52000021BEA207E346E7A7E2400019076F9794F
:10A530003E00021BEA20907031693E00020BEA20C7
:10A540009076FD793E00021BEA207E3400127E24C4
:10A55000000590701C0BEA507E14702D7E040001E3
:10A560009AFC94B4907028F0907028E0AA907A61D8
:10A570001BEA20907A60F0907A5E1BEA30907A6154
:10A580000BEA30907A6C1BEA30907A60E00A3B90DC
:10A590007A6E1BEA307E18000C9076F5793E000248
:10A5A0001BEA209F119076F9793E00021BEA209F5A
:10A5B000119076FD793E00021BEA207E3400127E67
:10A5C000240010907A5E0BEA507E147A647E0400B8
:10A5D000019AFC94B4907A63F0907A63E0AA907B3D
:10A5E0000F7AEB50907B0EF0907B0C1BEA30907B47
:10A5F0000EE00A3B907B191BEA30907B0FE00A3B90
:10A60000907B1B1BEA307E18000C9076F5793E009B
:10A61000021BEA209F119076F9793E00021BEA2086
:10A620009F119076FD793E00021BEA207E340012D5
:10A630007E240011907B0C0BEA507E147B117E046B
:10A6400000019AFC94B4907B10F0907B10E0AA90EB
:10A650007FCF1BEA00907FCD1BEA10907FCB1BEAD7
:10A6600020907FC91BEA307401907FD1F0906EC1B9
:10A670007EEBA07402BCAB5052907FCF0BEA3090BF
:10A68000781E1BEA30906EC17EEB7074012C7B7AD1
:10A69000EB700A277E3413004D32907FC90BEA20FD
:10A6A000907FCB0BEA10907FCD0BEA009AFC9C9335
:10A6B000907FD1F0907FD1E0BEB001780E906EC156
:10A6C0007EEBA07E70017CBA9CB7F0907FD1E0BE9B
:10A6D000B00178046D33800C906EC1E00A2B7E349B
:10A6E00013004D32AA907BBB1BEA20907BB91BEA7A
:10A6F00030907BBB0BEA30907BC61BEA307E1800A3
:10A700000A9076F5793E00021BEA209F119076F9B7
:10A71000793E00021BEA209F119076FD793E0002EF
:10A720001BEA207E3400137E240005907BB90BEADF
:10A73000507E147BBE7E0400019AFC94B4907BBDD5
:10A74000F0907BBDE0AA907FD81BEA00907FD61BDB
:10A75000EA10907FD41BEA20907FD21BEA3074016C
:10A76000907FDAF0906EC27EEBA07401BCAB5052C9
:10A77000907FD80BEA3090781E1BEA30906EC27E34
:10A78000EB7074012C7B7AEB700A277E3414004D39
:10A7900032907FD20BEA20907FD40BEA10907FD6C4
:10A7A0000BEA009AFC9C93907FDAF0907FDAE0BE8F
:10A7B000B001780E906EC27EEBA07E70017CBA9CD8
:10A7C000B7F0907FDAE0BEB00178046D33800C9072
:10A7D0006EC2E00A2B7E3414004D32AA907FE11B3A
:10A7E000EA00907FDF1BEA10907FDD1BEA20907F5C
:10A7F000DB1BEA307401907FE3F0906EC37EEBA028
:10A80000740ABCAB5052907FE10BEA3090781E1B6B
:10A81000EA30906EC37EEB7074012C7B7AEB700A89
:10A82000277E3415004D32907FDB0BEA20907FDDD0
:10A830000BEA10907FDF0BEA009AFC9C93907FE379
:10A84000F0907FE3E0BEB001780E906EC37EEBA087
:10A850007E70017CBA9CB7F0907FE3E0BEB00178D7
:10A86000046D33800C906EC3E00A2B7E3415004DCE
:10A8700032AA907B207AEB50907B1FF0907B1D1BBF
:10A88000EA30907B1FE00A3B907B2A1BEA30907BEA
:10A8900020E00A3B907B2C1BEA307E18000C90765F
:10A8A000F5793E00021BEA209F119076F9793E006F
:10A8B000021BEA209F119076FD793E00021BEA20E0
:10A8C0007E3400157E240005907B1D0BEA507E141B
:10A8D0007B227E0400019AFC94B4907B21F0907B53
:10A8E00021E0AA907FEA1BEA00907FE81BEA109023
:10A8F0007FE61BEA20907FE41BEA30907FEA0BEAB8
:10A900003090781E1BEA307E341601907FE40BEA0B
:10A9100020907FE60BEA10907FE80BEA009AFC9CFF
:10A9200093907FECF0907FECE0BEB00178046D3343
:10A9300080047E341601AA907A731BEA20907A7202
:10A94000F0907A701BEA30907A700BEA30907A7E41
:10A950001BEA30907A730BEA207C456C55907A7232
:10A96000E00A3B4D32907A801BEA307E18000C9052
:10A9700076F5793E00021BEA209F119076F9793E28
:10A9800000021BEA209F119076FD793E00021BEA2F
:10A99000207E3400167E24000574017E147A767EB3
:10A9A0000400019AFC94B4907A75F0907A75E0AA4C
:10A9B000907FF31BEA00907FF11BEA10907FEF1B62
:10A9C000EA20907FED1BEA307401907FF5F0906EE5
:10A9D000C47EEBA07405BCAB5052907FF30BEA3001
:10A9E00090781E1BEA30906EC47EEB7074012C7B55
:10A9F0007AEB700A277E3417004D32907FED0BEA18
:10AA000020907FEF0BEA10907FF10BEA009AFC9CFC
:10AA100093907FF5F0907FF5E0BEB001780E906ED8
:10AA2000C47EEBA07E70017CBA9CB7F0907FF5E00D
:10AA3000BEB00178046D33800C906EC4E00A2B7EAA
:10AA40003417004D32AA9078381BEA209078341BD6
:10AA5000EA00791E0002907833F09078311BEA30DA
:10AA6000907833E00A3B9078471BEA3090783A0BB5
:10AA7000EA309078491BEA306D3390783D1BEA301C
:10AA8000806890783D0BEA103E14907834693E005F
:10AA9000020BEA202D310B1A107E0400FF5D017CB1
:10AAA000016C1190783D0BEA103E14907834693EA9
:10AAB00000020BEA202D310B1A307E14FF005D13CB
:10AAC0000A124D1090783D0BEA003E0490783469EC
:10AAD0003E00020BEA202D301B1A1090783D0BEA45
:10AAE000207E3400012D321BEA309078380BEA20AA
:10AAF00090783D0BEA30BD3240887E18000C90768D
:10AB0000F5793E00021BEA20907834693E00020B82
:10AB1000EA209076F9793E00021BEA209078380B03
:10AB2000EA303E346D229076FD793E00021BEA2029
:10AB30007E3400177E2400059078310BEA507E1495
:10AB4000783F7E0400019AFC94B490783CF09078B1
:10AB50003CE0AA9079F21BEA109079F01BEA209071
:10AB600079EE1BEA309079F00BEA309079FD1BEA20
:10AB7000309079F20BEA309079FF1BEA307E1800B2
:10AB80000C9076F5793E00021BEA209F119076F931
:10AB9000793E00021BEA209F119076FD793E00026B
:10ABA0001BEA207E3400177E2400109079EE0BEA19
:10ABB000507E1479F57E0400019AFC94B49079F4E7
:10ABC000F09079F4E0AA907C9DF0907C9B1BEA3099
:10ABD000907C9DE00A3B907CA71BEA307E18000A1F
:10ABE0009076F5793E00021BEA209F119076F97964
:10ABF0003E00021BEA209F119076FD793E00021B69
:10AC0000EA207E3400177E240011907C9B0BEA50D2
:10AC10007E147C9F7E0400019AFC94B4907C9EF08C
:10AC2000907C9EE0AA907EA51BEA307E18000890DA
:10AC300076F5793E00021BEA209F119076F9793E65
:10AC400000021BEA209F119076FD793E00021BEA6C
:10AC5000207E3400177E240012907EA50BEA507EE1
:10AC6000147EA87E0400019AFC94B4907EA7F09014
:10AC70007EA7E0AA907FFC1BEA00907FFA1BEA10F7
:10AC8000907FF81BEA20907FF61BEA307401907FDA
:10AC9000FEF0906EC57EEBA07405BCAB5052907F69
:10ACA000FC0BEA3090781E1BEA30906EC57EEB708C
:10ACB00074012C7B7AEB700A277E3418004D329099
:10ACC0007FF60BEA20907FF80BEA10907FFA0BEAF0
:10ACD000009AFC9C93907FFEF0907FFEE0BEB00156
:10ACE000780E906EC57EEBA07E70017CBA9CB7F0AA
:10ACF000907FFEE0BEB00178046D33800C906EC58D
:10AD0000E00A2B7E3418004D32AA9074B3F0907490
:10AD1000AD1BEA209074A91BEA00791E0002907412
:10AD2000A71BEA30E49074B4F09074A9693E000265
:10AD30000BEA209074BB793E00021BEA209074AFAE
:10AD40000BEA309074AD0BEA20AD329074B10BEA8F
:10AD5000107E240004BD1278067E24000280047E4A
:10AD6000240001AD326D229074B7793E00021BEAD7
:10AD7000209074A9693E00020BEA204D23682490BC
:10AD800074AD0BEA206D33BD2368189074AF0BEAE5
:10AD9000206D33BD23680C6D229074B10BEA30BD79
:10ADA00032781C6D339074C71BEA306D339074C9D0
:10ADB0001BEA307E3400019074CB1BEA30802E9069
:10ADC00074AD0BEA309074C71BEA309074AF0BEA95
:10ADD000309074C91BEA309074B10BEA207C456C4A
:10ADE000557E3400014D329074CB1BEA309074B321
:10ADF000E00A3B9074CD1BEA309074B7693E0002C4
:10AE00000BEA20BE180FF028067E340FF0800A905F
:10AE100074B7693E00020BEA209074B51BEA307EDD
:10AE20001800109076F5793E00021BEA209074BB62
:10AE3000693E00020BEA209076F9793E00021BEA97
:10AE4000209074B50BEA306D229076FD793E0002B9
:10AE50001BEA207E3400187E2400059074A70BEABC
:10AE6000507E1474BF7E0400019AFC94B47CAB90B5
:10AE700074B4E02CBAF09074B50BEA109074BB690E
:10AE80003E00020BEA202D31793E00021BEA2090A1
:10AE900074B50BEA106D009074B7693E00020BEABE
:10AEA000209F10793E00021BEA209074A9693E00A1
:10AEB000020BEA204D2368249074AD0BEA206D3319
:10AEC000BD2368189074AF0BEA206D33BD23680C66
:10AED0006D229074B10BEA30BD32781A6D339074E4
:10AEE000C71BEA306D339074C91BEA306D33907420
:10AEF000CB1BEA3080289074AD0BEA309074C71BEE
:10AF0000EA309074AF0BEA309074C91BEA30907449
:10AF1000B10BEA307C676C779074CB1BEA3090748D
:10AF2000B7693E00020BEA204D23680302ADF99099
:10AF300074B4E0AA9077121BEA2090770E1BEA0007
:10AF4000791E000290770DF090770B1BEA307401A8
:10AF5000907718F0E4907719F090770E693E000230
:10AF60000BEA2090771A793E00021BEA2090770DB9
:10AF70007EEBA0740ABCAB280302B01A9077140BC6
:10AF8000EA209077120BEA30AD327D233E247E34E6
:10AF9000000C2D326D22907722793E00021BEA20B0
:10AFA00090770DE00A2B7E3401004D329077261BFE
:10AFB000EA309077160BEA309077281BEA307E183B
:10AFC000000C9076F5793E00021BEA2090770E691E
:10AFD0003E00020BEA209076F9793E00021BEA203F
:10AFE0009077140BEA209077120BEA30AD323E34A2
:10AFF0006D229076FD793E00021BEA207E34001817
:10B000007E24001090770B0BEA507E14771E7E048E
:10B0100000019AFC94B4907718F0907718E0AA9009
:10B0200076511BEA0090764F1BEA1090764D1BEA92
:10B030002090764CF090764A1BEA30740190765757
:10B04000F090764C7EEBA07405BCAB280302B0DC1C
:10B0500090764CE00A3B9076601BEA3090764D0B80
:10B06000EA309076621BEA3090764F0BEA309076A9
:10B07000641BEA309076510BEA309076661BEA301A
:10B080009076530BEA309076681BEA309076550B39
:10B09000EA3090766A1BEA307E1800149076F579D3
:10B0A0003E00021BEA209F119076F9793E00021BB8
:10B0B000EA209F119076FD793E00021BEA207E3443
:10B0C00000187E24001190764A0BEA507E147658C0
:10B0D0007E0400019AFC94B4907657F0907657E085
:10B0E000AA9080051BEA009080031BEA1090800163
:10B0F0001BEA20907FFF1BEA307401908007F090DC
:10B100006EC67EEBA07405BCAB50529080050BEA76
:10B110003090781E1BEA30906EC67EEB7074012C66
:10B120007B7AEB700A277E3419004D32907FFF0B3B
:10B13000EA209080010BEA109080030BEA009AFC51
:10B140009C93908007F0908007E0BEB001780E904D
:10B150006EC67EEBA07E70017CBA9CB7F090800733
:10B16000E0BEB00178046D33800C906EC6E00A2B0F
:10B170007E3419004D32AA907A051BEA10907A03AA
:10B180001BEA20907A011BEA30907A030BEA309098
:10B190007A101BEA30907A050BEA30907A121BEA9B
:10B1A000307E18000C9076F5793E00021BEA209F55
:10B1B000119076F9793E00021BEA209F119076FDEE
:10B1C000793E00021BEA207E3400197E240005909F
:10B1D0007A010BEA507E147A087E0400019AFC94EE
:10B1E000B4907A07F0907A07E0AA90800EF09080F1
:10B1F0000C1BEA309080081BEA00791E00026D33B8
:10B2000090800F1BEA307E34139390796D1BEA30E7
:10B210007E34139190796F1BEA307E3413929079CB
:10B22000711BEA307E34FFFF9079731BEA307E3465
:10B2300000016D227E146C007E0402DC9AFC8016F4
:10B240007E3400807E24000174017E1400109AFD7B
:10B25000429C7E3400457E24000174017E1400105F
:10B260009AFD429C7E3400816D2274017E1400039D
:10B270009AFD429C7E340080E49AFD3EF67E1403E3
:10B28000E89082A4693E00020BEA209AFD57D37E23
:10B290001400059AFD57CA9AFE253F7E340080743B
:10B2A000019AFD3EF67E1403E89082A4693E0002F6
:10B2B0000BEA209AFD57D37E1400149AFD57CA9AC0
:10B2C000FE253F90800C0BEA3090800EE09AFCA0A7
:10B2D000FB7E3400019AFC994C7E3400029AFC9A61
:10B2E000A074019AFC9AF6908008693E00020BEA6D
:10B2F000204D236814908008691E00020BEA009A12
:10B30000FC9F5290800F1BEA3090800F0BEA30AA0E
:10B3100090809A1BEA20793E000290809A693E0054
:10B32000020BEA2090809E793E00021BEA2090806A
:10B330009E693E00020BEA207E2800017F019F02E9
:10B34000791E00021BEA004D2378E3AA9082E01BDD
:10B35000EA00791E00029082E0693E00020BEA20BA
:10B360004D23680474018001E47E145CF77E0400C0
:10B37000FE7E3400439AFDFEB89082E0693E0002F2
:10B380000BEA200B1A3074019AFD3EF69082E069B8
:10B390003E00020BEA200B350B1A3074019AFD3E79
:10B3A000F69082E0691E00020BEA002E1400056987
:10B3B0003000020B0A209AFCB3109082E0693E0034
:10B3C000020BEA200B350B1A30E49AFD3EF6908210
:10B3D000E0691E00020BEA002E140005693000022D
:10B3E0000B0A209AFCB3109082E0693E00020BEA3F
:10B3F000200B1A30E49AFD3EF6AA9082E41BEA0084
:10B40000791E00029082E4693E00020BEA204D237F
:10B41000680474018001E47E145CF77E0400FE7E03
:10B420003400569AFDFEB89082E4693E00020BEAB1
:10B43000200B350B1A30E49AFD3EF69082E4693E0B
:10B4400000020BEA200B1A30E49AFD3EF69082E4EB
:10B45000691E00020BEA002E140005693000020B81
:10B460000A209AFCB3109082E4693E00020BEA20A5
:10B470000B1A3074019AFD3EF69082E4691E0002B8
:10B480000BEA002E140005693000020B0A209AFC1A
:10B49000B3109082E4693E00020BEA200B350B1AD0
:10B4A0003074019AFD3EF69082E4691E00020BEAB8
:10B4B000002E140005693000020B0A209AFCB3101C
:10B4C000AA908276F09082721BEA00791E000290A8
:10B4D0008272693E00020BEA204D236804740180E9
:10B4E00001E47E145CF77E0400FE7E34006B9AFD5E
:10B4F000FEB8908272693E00020BEA200B1A30E41B
:10B500009AFD3EF6908276E0BEB000681790827297
:10B51000693E00020BEA200B350B1A3074019AFDCC
:10B520003EF68014908272693E00020BEA200B35D1
:10B530000B1A30E49AFD3EF6908272691E00020BEF
:10B54000EA002E140005693000020B0A209AFCB3B1
:10B5500010908272693E00020BEA200B1A307401CF
:10B560009AFD3EF6908272691E00020BEA002E14CC
:10B570000005693000020B0A209AFCB31090827219
:10B58000693E00020BEA200B1A30E49AFD3EF69069
:10B590008272693E00020BEA200B350B1A307401EF
:10B5A0009AFD3EF6AA9082771BEA00791E0002E41B
:10B5B00090827BF0908277693E00020BEA204D2357
:10B5C000680474018001E47E145CF77E0400FE7E52
:10B5D0003400889AFDFEB8908277693E00020BEA3B
:10B5E000200B1A30E49AFD3EF6908277693E000205
:10B5F0000BEA200B350B1A3074019AFD3EF690824F
:10B6000077691E00020BEA002E1400056930000263
:10B610000B0A209AFCB310908277693E00020BEA75
:10B62000200B1A3074019AFD3EF6908277691E0055
:10B63000020BEA002E140005693000020B0A209A62
:10B64000FCB310908277693E00020BEA200B350BA9
:10B650001A309AFD3CF9BEB0006806740190827BF6
:10B66000F0908277693E00020BEA200B1A30E49AD0
:10B67000FD3EF6908277691E00020BEA002E140050
:10B6800005693000020B0A209AFCB31090827BE01F
:10B69000AA9081A9F09081A51BEA00791E0002748E
:10B6A000809081AAF09081A5693E00020BEA204DAE
:10B6B00023680474018001E47E145CF77E0400FEBC
:10B6C0007E3400AC9AFDFEB802B7689081AAE09083
:10B6D00081A97EEB705C7B0A276D33BD23681790D0
:10B6E00081A5693E00020BEA200B350B1A3074016C
:10B6F0009AFD3EF680149081A5693E00020BEA2077
:10B700000B350B1A30E49AFD3EF69081AAE01EB08C
:10B71000F09081A5691E00020BEA002E1400056955
:10B720003000020B0A209AFCB3109081A5693E00FC
:10B73000020BEA200B1A3074019AFD3EF69081A5A7
:10B74000691E00020BEA002E140005693000020B8E
:10B750000A209AFCB3109081A5693E00020BEA20F2
:10B760000B1A30E49AFD3EF69081AAE0BEB0006864
:10B770000302B6CB9081A5691E00020BEA009AFC79
:10B78000B5A5BEB0017803E480027401AA9081459A
:10B79000F09081411BEA00791E0002E4908146F09E
:10B7A0007408908147F0908141693E00020BEA20C5
:10B7B0004D23680474018001E47E145CF77E04006C
:10B7C000FE7E3400C79AFDFEB8908141693E0002BA
:10B7D0000BEA200B1A30E49AFD3EF6908141691E77
:10B7E00000020BEA002E140005693000020B0A204B
:10B7F0009AFCB310908141693E00020BEA200B35A0
:10B800000B1A3074019AFD3EF68078908141693EB2
:10B8100000020BEA200B1A30E49AFD3EF6908141BB
:10B82000691E00020BEA002E140005693000020BAD
:10B830000A209AFCB310908141693E00020BEA2075
:10B840000B1A3074019AFD3EF6908141691E000288
:10B850000BEA002E140005693000020B0A209AFC46
:10B86000B310908141693E00020BEA200B350B1AA0
:10B87000309AFD3CF97CAB908146E03EB04CBA90EA
:10B880008146F09081477EEBA07E70017CBA9CB728
:10B89000F0BEA000680302B80B908141693E00022F
:10B8A0000BEA200B1A30E49AFD3EF6908141691EA6
:10B8B00000020BEA002E140005693000020B0A207A
:10B8C0009AFCB310908141691E00020BEA0090813E
:10B8D00045E09AFCB4C1908146E0AA908280F09045
:10B8E000827C1BEA00791E000290827C693E000285
:10B8F0000BEA204D23680474018001E47E145CF798
:10B900007E0400FE7E3400EA9AFDFEB890827C69D7
:10B910001E00020BEA009AFCB34C90827C691E0068
:10B92000020BEA0090827C693E00020BEA200B3693
:10B930007E1BB03EB09AFCB69190827C691E0002DC
:10B940000BEA00908280E09AFCB69190827C691E9E
:10B9500000020BEA009AFCB3FAAA907D2F1BEA20A2
:10B96000793E0002907D2B1BEA00791E0002907D3B
:10B970002B693E00020BEA204D236804740180010C
:10B98000E47E145CF77E0400FE7E3400FC9AFDFE2B
:10B99000B8907D2F693E00020BEA204D23680474A5
:10B9A000018001E47E145CF77E0400FE7E3400FD1D
:10B9B0009AFDFEB8907D2B691E00020BEA009AFCEE
:10B9C000B34C907D2B691E00020BEA00907D2B6921
:10B9D0003E00020BEA200B367E1BB03EB09AFCB64E
:10B9E000918024907D2B691E00020BEA00907D2F30
:10B9F000693E00020BEA207E1BB00B34793E000248
:10BA00001BEA209AFCB691907D33693E00020BEA56
:10BA1000207E2800017F019F02791E00021BEA00A0
:10BA20004D2378BF907D2B691E00020BEA009AFC23
:10BA3000B3FAAA9081AF1BEA309081AB1BEA007980
:10BA40001E00029081AB693E00020BEA204D236884
:10BA50000474018001E47E145CF77E0400FE7E34F1
:10BA600001119AFDFEB89081AB691E00020BEA003D
:10BA70009AFCB34C9081AB691E00020BEA009081E6
:10BA8000AB693E00020BEA200B367E1BB03EB09A3B
:10BA9000FCB6919081AB691E00020BEA009081AF69
:10BAA0000BEA207E34FF005D327D530A5A9AFCB6C1
:10BAB000919081AB691E00020BEA009081AF0BEA06
:10BAC000407E5400FF5D549AFCB6919081AB691E94
:10BAD00000020BEA009AFCB3FAAA907D3B1BEA2015
:10BAE000793E0002907D371BEA00791E0002907DAE
:10BAF00037693E00020BEA204D236804740180017F
:10BB0000E47E145CF77E0400FE7E3401249AFDFE80
:10BB1000B8907D3B693E00020BEA204D2368047417
:10BB2000018001E47E145CF77E0400FE7E34012572
:10BB30009AFDFEB8907D37691E00020BEA009AFC60
:10BB4000B34C907D37691E00020BEA00907D376987
:10BB50003E00020BEA200B367E1BB03EB09AFCB6CC
:10BB600091804F907D37691E00020BEA00907D3B6B
:10BB7000693E00020BEA200B1A207E34FF005D3282
:10BB80007D530A5A9AFCB691907D37691E00020BCC
:10BB9000EA00907D3B693E00020BEA200B1A400B45
:10BBA00035793E00021BEA207E5400FF5D549AFC6A
:10BBB000B691907D3F693E00020BEA207E2800018D
:10BBC0007F019F02791E00021BEA004D23789490AA
:10BBD0007D37691E00020BEA009AFCB3FAAA908135
:10BBE000B67AEB709081B5F09081B11BEA00791EB6
:10BBF00000029081B1693E00020BEA204D236804E7
:10BC000074018001E47E145CF77E0400FE7E340142
:10BC10003B9AFDFEB89081B1691E00020BEA009AC2
:10BC2000FCB34C9081B1691E00020BEA009081B117
:10BC3000693E00020BEA200B367E1BB03EB09AFC38
:10BC4000B6919081B1691E00020BEA009081B5E0C7
:10BC50009AFCB6919081B1691E00020BEA009081B6
:10BC6000B6E09AFCB6919081B1691E00020BEA0021
:10BC70009AFCB3FAAA907CBB1BEA20793E000290A2
:10BC80007CBAF0907CB61BEA00791E0002907CB66C
:10BC9000693E00020BEA204D23680474018001E430
:10BCA0007E145CF77E0400FE7E34014F9AFDFEB8E0
:10BCB000907CBB693E00020BEA204D2368047401AE
:10BCC0008001E47E145CF77E0400FE7E3401509A0D
:10BCD000FDFEB8907CB6691E00020BEA009AFCB328
:10BCE0004C907CB6691E00020BEA00907CB6693E5F
:10BCF00000020BEA200B367E1BB03EB09AFCB691D8
:10BD0000907CB6691E00020BEA00907CBAE09AFCB7
:10BD1000B6918024907CB6691E00020BEA00907CEC
:10BD2000BB693E00020BEA207E1BB00B34793E005B
:10BD3000021BEA209AFCB691907CBF693E00020B80
:10BD4000EA207E2800017F019F02791E00021BEA83
:10BD5000004D2378BF907CB6691E00020BEA009A62
:10BD6000FCB3FAAA9080A81BEA209080A61BEA30B8
:10BD70009080A21BEA00791E00029080A2693E001A
:10BD8000020BEA204D23680474018001E47E145CF8
:10BD9000F77E0400FE7E3401669AFDFEB89080A214
:10BDA000691E00020BEA009AFCB34C9080A2691E47
:10BDB00000020BEA009080A2693E00020BEA200B11
:10BDC000367E1BB03EB09AFCB6919080A2691E00F0
:10BDD000020BEA009080A60BEA207E34FF005D3261
:10BDE0007D530A5A9AFCB6919080A2691E00020BFC
:10BDF000EA009080A60BEA407E5400FF5D549AFC56
:10BE0000B6919080A2691E00020BEA009080A80BF8
:10BE1000EA207E34FF005D327D530A5A9AFCB691C7
:10BE20009080A2691E00020BEA009080A80BEA40F5
:10BE30007E5400FF5D549AFCB6919080A2691E006A
:10BE4000020BEA009AFCB3FAAA907C131BEA30902A
:10BE50007C0F1BEA00791E0002907C0F693E0002F5
:10BE60000BEA204D23680474018001E47E145CF722
:10BE70007E0400FE7E34017C9AFDFEB8907C15693C
:10BE80003E00020BEA204D23680474018001E47E29
:10BE9000145CF77E0400FE7E34017D9AFDFEB890AE
:10BEA0007C0F691E00020BEA009AFCB34C907C0FD9
:10BEB000691E00020BEA00907C0F693E00020BEA4B
:10BEC000200B367E1BB03EB09AFCB691907C0F6979
:10BED0001E00020BEA00907C130BEA207E34FF0068
:10BEE0005D327D530A5A9AFCB691907C0F691E0010
:10BEF000020BEA00907C130BEA407E5400FF5D5475
:10BF00009AFCB691804F907C0F691E00020BEA00EC
:10BF1000907C15693E00020BEA200B1A207E34FF4C
:10BF2000005D327D530A5A9AFCB691907C0F691ECF
:10BF300000020BEA00907C15693E00020BEA200B20
:10BF40001A400B35793E00021BEA207E5400FF5D4B
:10BF5000549AFCB691907C19693E00020BEA207E4F
:10BF60002800017F019F02791E00021BEA004D2379
:10BF70007894907C0F691E00020BEA009AFCB3FAD9
:10BF8000AA9082811BEA00791E0002E4908285F06B
:10BF9000908281693E00020BEA204D2368047401FF
:10BFA0008001E47E145CF77E0400FE7E3401949AE6
:10BFB000FDFEB8908281691E00020BEA009AFCB374
:10BFC0004C908281691E00020BEA00908281693EDA
:10BFD00000020BEA200B367E1BA03EA074014CBA77
:10BFE0009AFCB691908281691E00020BEA007401EE
:10BFF0009AFCB78D908285F0908281691E00020BB9
:10C00000EA009AFCB3FA908285E0AA907D471BEA89
:10C0100020793E0002907D431BEA00791E000290C9
:10C020007D43693E00020BEA204D236804740180C1
:10C0300001E47E145CF77E0400FE7E3401A89AFDC4
:10C04000FEB8907D47693E00020BEA204D2368044C
:10C0500074018001E47E145CF77E0400FE7E3401EE
:10C06000A99AFDFEB8907D43691E00020BEA009A72
:10C07000FCB34C907D43691E00020BEA00907D43A7
:10C08000693E00020BEA200B367E1BA03EA0740125
:10C090004CBA9AFCB6918044907D43691E00020B15
:10C0A000EA00907D4B693E00020BEA204D237804A4
:10C0B00074018001E49AFCB78D907D47693E0002CF
:10C0C0000BEA207A1BB0907D47693E00020BEA2004
:10C0D0000B34907D47793E00021BEA20907D4B692E
:10C0E0003E00020BEA207E2800017F019F02791E9C
:10C0F00000021BEA004D23789F907D43691E0002D9
:10C100000BEA009AFCB3FAAA9081B71BEA00791EE9
:10C1100000026D339081BB1BEA309081B7693E000D
:10C12000020BEA204D23680474018001E47E145C54
:10C13000F77E0400FE7E3401BE9AFDFEB89081B702
:10C14000691E00020BEA009AFCB34C9081B7691E8D
:10C1500000020BEA009081B7693E00020BEA200B57
:10C16000367E1BA03EA074014CBA9AFCB691908119
:10C17000B7691E00020BEA00E49AFCB78D0A3B90F7
:10C1800081BB1BEA309081B7691E00020BEA007484
:10C19000019AFCB78D0A2B9081BB0BEA307C676C4F
:10C1A000774D329081BB1BEA309081B7691E000247
:10C1B0000BEA009AFCB3FA9081BB0BEA30AA907D9F
:10C1C000531BEA20793E0002907D4F1BEA00791E46
:10C1D0000002907D4F693E00020BEA204D23680467
:10C1E00074018001E47E145CF77E0400FE7E34015D
:10C1F000D29AFDFEB8907D53693E00020BEA204DB5
:10C2000023680474018001E47E145CF77E0400FE60
:10C210007E3401D39AFDFEB8907D4F691E00020B5B
:10C22000EA009AFCB34C907D4F691E00020BEA00B5
:10C23000907D4F693E00020BEA200B367E1BA03E2C
:10C24000A074014CBA9AFCB6918074907D4F691E1F
:10C2500000020BEA00E49AFCB78D0A1B907D53693B
:10C260003E00020BEA201B1A10907D4F691E00024F
:10C270000BEA00907D57693E00020BEA204D2378BF
:10C280000474018001E49AFCB78D0A0B907D536918
:10C290003E00020BEA200B1A107C236C334D1090E9
:10C2A0007D53693E00020BEA201B1A10907D5369F2
:10C2B0003E00020BEA200B35793E00021BEA20907B
:10C2C0007D57693E00020BEA207E2800017F019F16
:10C2D00002791E00021BEA004D23680302C24B9044
:10C2E0007D4F691E00020BEA009AFCB3FAAA908106
:10C2F000C1F09081BD1BEA00791E0002E49081C26A
:10C30000F09081BD693E00020BEA204D2368047461
:10C31000018001E47E145CF77E0400FE7E3401EAB5
:10C320009AFDFEB89081BD691E00020BEA009AFCDE
:10C33000B34C9081BD691E00020BEA009081BD697B
:10C340003E00020BEA200B367E1BB03EB09AFCB6D4
:10C35000919081BD691E00020BEA009081C1E09AB4
:10C36000FCB6919081BD691E00020BEA009AFCB3F5
:10C370004C9081BD691E00020BEA009081BD693EB0
:10C3800000020BEA200B367E1BA03EA074014CBAC3
:10C390009AFCB6919081BD691E00020BEA007401FF
:10C3A0009AFCB78D9081C2F09081BD691E00020B8E
:10C3B000EA009AFCB3FA9081C2E0AA907CC81BEA1A
:10C3C00020793E0002907CC7F0907CC31BEA007984
:10C3D0001E0002907CC3693E00020BEA204D2368D8
:10C3E0000474018001E47E145CF77E0400FE7E3458
:10C3F00002019AFDFEB8907CC8693E00020BEA205B
:10C400004D23680474018001E47E145CF77E04000F
:10C41000FE7E3402029AFDFEB8907CC3691E0002C3
:10C420000BEA009AFCB34C907CC3691E00020BEA35
:10C4300000907CC3693E00020BEA200B367E1BB0E5
:10C440003EB09AFCB691907CC3691E00020BEA00D4
:10C45000907CC7E09AFCB691907CC3691E00020BE9
:10C46000EA009AFCB34C907CC3691E00020BEA0000
:10C47000907CC3693E00020BEA200B367E1BA03E77
:10C48000A074014CBA9AFCB6918044907CC3691E9A
:10C4900000020BEA00907CCC693E00020BEA204DC2
:10C4A00023780474018001E49AFCB78D907CC869FC
:10C4B0003E00020BEA207A1BB0907CC8693E000265
:10C4C0000BEA200B34907CC8793E00021BEA2090D6
:10C4D0007CCC693E00020BEA207E2800017F019F90
:10C4E00002791E00021BEA004D23789F907CC369ED
:10C4F0001E00020BEA009AFCB3FAAA9080AE1BEA77
:10C50000309080AA1BEA00791E00026D339080B043
:10C510001BEA309080AA693E00020BEA204D236896
:10C520000474018001E47E145CF77E0400FE7E3416
:10C53000021A9AFDFEB89080AA691E00020BEA005A
:10C540009AFCB34C9080AA691E00020BEA0090800E
:10C55000AA693E00020BEA200B367E1BB03EB09A61
:10C56000FCB6919080AA691E00020BEA009080AE92
:10C570000BEA207E34FF005D327D530A5A9AFCB6E6
:10C58000919080AA691E00020BEA009080AE0BEA2F
:10C59000407E5400FF5D549AFCB6919080AA691EBB
:10C5A00000020BEA009AFCB34C9080AA691E0002BC
:10C5B0000BEA009080AA693E00020BEA200B367E4F
:10C5C0001BA03EA074014CBA9AFCB6919080AA6957
:10C5D0001E00020BEA00E49AFCB78D0A3B9080B083
:10C5E0001BEA309080AA691E00020BEA0074019ACF
:10C5F000FCB78D0A2B9080B00BEA307C676C774DCE
:10C60000329080B01BEA309080AA691E00020BEACB
:10C61000009AFCB3FA9080B00BEA30AA907C211B00
:10C62000EA30907C1D1BEA00791E0002907C1D6997
:10C630003E00020BEA204D23680474018001E47E71
:10C64000145CF77E0400FE7E3402339AFDFEB8903F
:10C650007C23693E00020BEA204D236804740180AC
:10C6600001E47E145CF77E0400FE7E3402349AFD01
:10C67000FEB8907C1D691E00020BEA009AFCB34CC8
:10C68000907C1D691E00020BEA00907C1D693E0033
:10C69000020BEA200B367E1BB03EB09AFCB691909E
:10C6A0007C1D691E00020BEA00907C210BEA207EB3
:10C6B00034FF005D327D530A5A9AFCB691907C1D7E
:10C6C000691E00020BEA00907C210BEA407E5400B8
:10C6D000FF5D549AFCB691907C1D691E00020BEA26
:10C6E000009AFCB34C907C1D691E00020BEA00907E
:10C6F0007C1D693E00020BEA200B367E1BA03EA08B
:10C7000074014CBA9AFCB6918074907C1D691E002D
:10C71000020BEA00E49AFCB78D0A1B907C23693E69
:10C7200000020BEA201B1A10907C1D691E00020BF0
:10C73000EA00907C27693E00020BEA204D23780432
:10C7400074018001E49AFCB78D0A0B907C23693E4A
:10C7500000020BEA200B1A107C236C334D10907CE6
:10C7600023693E00020BEA201B1A10907C23693ECD
:10C7700000020BEA200B35793E00021BEA20907C78
:10C7800027693E00020BEA207E2800017F019F02FC
:10C79000791E00021BEA004D23680302C70A907C41
:10C7A0001D691E00020BEA009AFCB3FAAA907941B7
:10C7B0001BEA20793E000290793D1BEA00791E00B9
:10C7C0000290793D693E00020BEA204D2368047413
:10C7D000018001E47E145CF77E0400FE7E34025189
:10C7E0009AFDFEB8907941693E00020BEA204D2384
:10C7F000680474018001E47E145CF77E0400FE7E10
:10C800003402529AFDFEB8907949693E00020BEA63
:10C81000204D23680474018001E47E145CF77E04DB
:10C8200000FE7E3402539AFDFEB890793D691E00E9
:10C83000020BEA009AFCB34C90793D691E00020B92
:10C84000EA0090793D693E00020BEA200B367E1B20
:10C85000B03EB09AFCB691802490793D691E0002EA
:10C860000BEA00907941693E00020BEA207E1BB082
:10C870000B34793E00021BEA209AFCB69190794570
:10C88000693E00020BEA207E2800017F019F0279A9
:10C890001E00021BEA004D2378BF90794D693E00CF
:10C8A000020BEA204D23780302C93F90793D691EAF
:10C8B00000020BEA009AFCB34C90793D691E00021D
:10C8C0000BEA0090793D693E00020BEA200B367EB0
:10C8D0001BA03EA074014CBA9AFCB691804490799A
:10C8E0003D691E00020BEA0090794D693E00020B83
:10C8F000EA204D23780474018001E49AFCB78D90FE
:10C900007949693E00020BEA207A1BB090794969A7
:10C910003E00020BEA200B34907949793E00021B5D
:10C92000EA2090794D693E00020BEA207E28000142
:10C930007F019F02791E00021BEA004D23789F9021
:10C94000793D691E00020BEA009AFCB3FAAA9079BD
:10C95000551BEA20793E00029079511BEA00791EAE
:10C960000002907951693E00020BEA204D236804D1
:10C9700074018001E47E145CF77E0400FE7E3402C4
:10C98000749AFDFEB8907955693E00020BEA204D7D
:10C9900023680474018001E47E145CF77E0400FEC9
:10C9A0007E3402759AFDFEB890795D693E00020BF7
:10C9B000EA204D23680474018001E47E145CF77E54
:10C9C0000400FE7E3402769AFDFEB8907951691E0D
:10C9D00000020BEA009AFCB34C907951691E0002E8
:10C9E0000BEA00907951693E00020BEA200B367E7B
:10C9F0001BB03EB09AFCB691804F907951691E00F1
:10CA0000020BEA00907955693E00020BEA200B1AEE
:10CA1000207E34FF005D327D530A5A9AFCB6919015
:10CA20007951691E00020BEA00907955693E0002B7
:10CA30000BEA200B1A400B35793E00021BEA207EE0
:10CA40005400FF5D549AFCB691907959693E0002FA
:10CA50000BEA207E2800017F019F02791E00021B45
:10CA6000EA004D237894907961693E00020BEA2038
:10CA70004D23780302CB3E907951691E00020BEAE8
:10CA8000009AFCB34C907951691E00020BEA0090A9
:10CA90007951693E00020BEA200B367E1BA03EA0B6
:10CAA00074014CBA9AFCB6918074907951691E0059
:10CAB000020BEA00E49AFCB78D0A1B90795D693E8F
:10CAC00000020BEA201B1A10907951691E00020B1C
:10CAD000EA00907961693E00020BEA204D23780458
:10CAE00074018001E49AFCB78D0A0B90795D693E70
:10CAF00000020BEA200B1A107C236C334D10907946
:10CB00005D693E00020BEA201B1A1090795D693EB8
:10CB100000020BEA200B35793E00021BEA209079D7
:10CB200061693E00020BEA207E2800017F019F021E
:10CB3000791E00021BEA004D23680302CAAA9079FD
:10CB400051691E00020BEA009AFCB3FAAA9081C850
:10CB50007AEB709081C7F09081C31BEA00791E00C8
:10CB6000029081C3693E00020BEA204D23680474E1
:10CB7000018001E47E145CF77E0400FE7E3402979F
:10CB80009AFDFEB89081C3691E00020BEA009AFC70
:10CB9000B34C9081C3691E00020BEA009081C36907
:10CBA0003E00020BEA200B367E1BB03EB09AFCB66C
:10CBB000919081C3691E00020BEA009081C7E09A40
:10CBC000FCB6919081C3691E00020BEA009081C8F7
:10CBD000E09AFCB6919081C3691E00020BEA009AAC
:10CBE000FCB3FAAA9081CDF09081C91BEA00791EAE
:10CBF0000002E49081CEF09081C9693E00020BEA08
:10CC0000204D23680474018001E47E145CF77E04E7
:10CC100000FE7E3402AA9AFDFEB89081C9691E000A
:10CC2000020BEA009AFCB34C9081C9691E00020B0A
:10CC3000EA009081C9693E00020BEA200B367E1B98
:10CC4000B03EB09AFCB6919081C9691E00020BEA11
:10CC5000009081CDE09AFCB6919081C9691E0002D6
:10CC60000BEA009AFCB3FA9081C9691E00020BEA34
:10CC7000009AFCB34C9081C9691E00020BEA009037
:10CC800081C9693E00020BEA200B367E1BA03EA044
:10CC900074014CBA9AFCB6919081C9691E00020BCE
:10CCA000EA0074019AFCB78D9081CEF09081C96939
:10CCB0001E00020BEA009AFCB3FA9081CEE0AA9023
:10CCC0007CD51BEA20793E0002907CD4F0907CD089
:10CCD0001BEA00791E0002907CD0693E00020BEA3C
:10CCE000204D23680474018001E47E145CF77E0407
:10CCF00000FE7E3402C49AFDFEB8907CDB0BEA2075
:10CD0000907CD90BEA30BD32680474018001E47E66
:10CD1000145CF77E0400FE7E3402C59AFDFEB890D6
:10CD20007CD90BEA10907CD0693E00020BEA201BF4
:10CD30001A10907CDB0BEA10907CD0693E00020B4D
:10CD4000EA200B351B1A10907CD4E0907CD0693E11
:10CD500000020BEA200B367A1BB0907CD5691E00CE
:10CD6000020BEA00907CD0693E00020BEA202E34D0
:10CD70000005791100021B1A00907CD90BEA307E65
:10CD800024000174017E1400119AFD429C907CDB0A
:10CD90000BEA307E24000174017E1400119AFD42DA
:10CDA0009CAA906FB01BEA20906FAC1BEA00791E22
:10CDB0000002906FAA1BEA307E345B217E2400FEC5
:10CDC0007E146FB27E04000174409AFD585C6D338E
:10CDD000906FF21BEA3002D182906FB00BEA207E96
:10CDE000340040BD2328067E3400408006906FB09A
:10CDF0000BEA30906FF21BEA30906FF20BEA30CA08
:10CE000039906FAC693E00020BEA207E146FB27E4F
:10CE10000400019AFCFFCB1BFD906FF20BEA2090FF
:10CE20006FB00BEA309D321BEA30906FF20BEA10C4
:10CE3000906FAC693E00020BEA202D31793E000272
:10CE40001BEA206CAA6D22906FAA0BEA30BD324813
:10CE50002B906FAA0BEA207E340003BD23181D908F
:10CE60006FAA0BEA101A021A0074042F001478FB40
:10CE70007E34FA307E24007E2F10801C906FAA0B27
:10CE8000EA301A261A247E1400309AFD57CA7E14FE
:10CE9000F6907E04007E2F107A1BA06CAA6D229063
:10CEA0006FAA0BEA30BD32482B906FAA0BEA207EA6
:10CEB000340003BD23181D906FAA0BEA101A021A42
:10CEC0000074042F001478FB7E34FA327E24007E36
:10CED0002F10801C906FAA0BEA301A261A247E1499
:10CEE00000309AFD57CA7E14F6927E04007E2F1001
:10CEF0007A1BA0906FF20BEA507E4400019D547C97
:10CF0000AB6D22906FAA0BEA30BD32482B906FAA0E
:10CF10000BEA207E340003BD23181D906FAA0BEA94
:10CF2000101A021A0074042F001478FB7E34FA33AE
:10CF30007E24007E2F10801C906FAA0BEA301A26E8
:10CF40001A247E1400309AFD57CA7E14F6957E048A
:10CF5000007E2F107A1BA0906FF20BEA307E240027
:10CF6000019D327D530A5A6D22906FAA0BEA30BDA3
:10CF700032482A906FAA0BEA207E340003BD2318A2
:10CF80001C906FAA0BEA301A261A247F012F002F5B
:10CF9000007E34FA887E24007E2F10801C906FAAB9
:10CFA0000BEA301A261A247E1400309AFD57CA7EE6
:10CFB00014F6947E04007E2F107A1BB07E346FB27C
:10CFC0007D530A5A7CAB6D22906FAA0BEA30BD32BA
:10CFD000482B906FAA0BEA207E340003BD23181D56
:10CFE000906FAA0BEA101A021A0074042F0014782A
:10CFF000FB7E34FA357E24007E2F10801C906FAAB1
:10D000000BEA301A261A247E1400309AFD57CA7E85
:10D0100014F6987E04007E2F107A1BA07E546FB207
:10D020007CAB6D22906FAA0BEA30BD32482B906F1B
:10D03000AA0BEA207E340003BD23181D906FAA0BB3
:10D04000EA101A021A0074042F001478FB7E34FAD6
:10D05000367E24007E2F10801C906FAA0BEA301AB7
:10D06000261A247E1400309AFD57CA7E14F6997E43
:10D0700004007E2F107A1BA07EA0C06D22906FAAA4
:10D080000BEA30BD32482B906FAA0BEA207E3400A9
:10D0900003BD23181D906FAA0BEA101A021A007420
:10D0A000042F001478FB7E34FA317E24007E2F108A
:10D0B000801C906FAA0BEA301A261A247E140030C6
:10D0C0009AFD57CA7E14F6917E04007E2F107A1BBB
:10D0D000A06D22906FAA0BEA30BD32482B906FAA48
:10D0E0000BEA207E340003BD23181D906FAA0BEAC3
:10D0F000101A021A0074042F001478FB7E34FA32DE
:10D100007E24007E2F10801C906FAA0BEA301A2616
:10D110001A247E1400309AFD57CA7E14F6927E04BB
:10D12000007E2F107E1BB030E0A76CAA6D22906F9E
:10D13000AA0BEA30BD32482B906FAA0BEA207E344E
:10D140000003BD23181D906FAA0BEA101A021A00E3
:10D1500074042F001478FB7E34FA317E24007E2F75
:10D1600010801C906FAA0BEA301A261A247E140035
:10D17000309AFD57CA7E14F6917E04007E2F107AF5
:10D180001BA0906FB00BEA206D33BD23680302CD66
:10D19000D9AA9080B41BEA00791E00029080B21BCD
:10D1A000EA309080B4691E00020BEA009AFCFFF09E
:10D1B0009080B81BEA309080B20BEA309080B4695E
:10D1C0001E00020BEA009080B80BEA209AFCCDA268
:10D1D000AA908364F09083621BEA309083620BEA2A
:10D1E000307E1483647E0400017E2400019AFCCD0D
:10D1F000A2AA9083921BEA306CAA6D229083920BB4
:10D20000EA30BD32482B9083920BEA207E34000333
:10D21000BD23181D9083920BEA101A021A007404A1
:10D220002F001478FB7E34FA3B7E24007E2F108082
:10D230001C9083920BEA301A261A247E1400309A2E
:10D24000FD57CA7E14F6A57E04007E2F107A1BA01F
:10D25000E46D229083920BEA30BD32482A9083928B
:10D260000BEA207E340003BD23181C9083920BEA46
:10D27000301A261A247F012F002F007E34FA8A7E6E
:10D2800024007E2F10801C9083920BEA301A261AFD
:10D29000247E1400309AFD57CA7E14F6A47E040042
:10D2A0007E2F107A1BB09083920BEA407E54747FDD
:10D2B0002D547CAB6D229083920BEA30BD32482B0B
:10D2C0009083920BEA207E340003BD23181D9083C7
:10D2D000920BEA101A021A0074042F001478FB7ED5
:10D2E00034FA3E7E24007E2F10801C9083920BEA3D
:10D2F000301A261A247E1400309AFD57CA7E14F67E
:10D30000A97E04007E2F107A1BA09083920BEA2046
:10D310007E34747F2D327D530A5A7CAB6D2290830C
:10D32000920BEA30BD32482B9083920BEA207E3478
:10D330000003BD23181D9083920BEA101A021A00F5
:10D3400074042F001478FB7E34FA3D7E24007E2F77
:10D3500010801C9083920BEA301A261A247E140047
:10D36000309AFD57CA7E14F6A87E04007E2F107AEC
:10D370001BA07EA0A16D229083920BEA30BD3248A3
:10D380002B9083920BEA207E340003BD23181D905E
:10D3900083920BEA101A021A0074042F001478FB0F
:10D3A0007E34FA397E24007E2F10801C9083920BED
:10D3B000EA301A261A247E1400309AFD57CA7E14C9
:10D3C000F6A17E04007E2F107A1BA0AA90814B1B31
:10D3D000EA00791E000290814AF09081481BEA30F1
:10D3E00090814AE0BEB00068607EA0806D2290818E
:10D3F000480BEA30BD32482B9081480BEA207E343E
:10D400000003BD23181D9081480BEA301A261A2408
:10D4100074042F111478FB7E14FA387E04007E2FDA
:10D4200001801C9081480BEA301A261A247E1400D1
:10D43000309AFD57CA7E14F6A07E04007E2F017E2E
:10D440000B704C7A7A0B70805E7EA07F6D2290818B
:10D45000480BEA30BD32482B9081480BEA207E34DD
:10D460000003BD23181D9081480BEA301A261A24A8
:10D4700074042F111478FB7E14FA387E04007E2F7A
:10D4800001801C9081480BEA301A261A247E140071
:10D49000309AFD57CA7E14F6A07E04007E2F017ECE
:10D4A0000B705C7A7A0B7090814B691E00020BEA5C
:10D4B000009081480BEA203E243E247E3474872D60
:10D4C000327A71827A6183791E00021BEA00AA9087
:10D4D00083651BEA306D229083650BEA30BD3248CC
:10D4E0002B9083650BEA207E340003BD23181D902A
:10D4F00083650BEA101A021A0074042F001478FBDB
:10D500007E34FA3A7E24007E2F10801C9083650BB7
:10D51000EA301A261A247E1400309AFD57CA7E1467
:10D52000F6A27E04007E2F107E1BA074035CBABEA0
:10D53000B00068A19083650BEA207E34747F2D32A1
:10D540007A71827A6183E0908367F06CAA6D229091
:10D5500083650BEA30BD32482B9083650BEA207E51
:10D56000340003BD23181D9083650BEA101A021ABC
:10D570000074042F001478FB7E34FA3A7E24007E77
:10D580002F10801C9083650BEA301A261A247E1413
:10D5900000309AFD57CA7E14F6A27E04007E2F103A
:10D5A0007A1BA09083650BEA309AFCD1F2908367D6
:10D5B000E0AA9081511BEA00791E000290814F1B66
:10D5C000EA30E4908155F090814F0BEA207E34746C
:10D5D0007F2D327A71827A6183E0908151693E00B9
:10D5E000020BEA207A1BB06D2290814F0BEA30BD0E
:10D5F00032482B90814F0BEA207E340003BD231864
:10D600001D90814F0BEA101A021A0074042F0014A7
:10D6100078FB7E34FA3A7E24007E2F10801C9081A5
:10D620004F0BEA301A261A247E1400309AFD57CA8E
:10D630007E14F6A27E04007E2F107E1BA074035C75
:10D64000BABEB00068667401908155F07EA0FC6D92
:10D650002290814F0BEA30BD32482B90814F0BEA6C
:10D66000207E340003BD23181D90814F0BEA301A31
:10D67000261A2474042F111478FB7E14FA3A7E04BF
:10D68000007E2F01801C90814F0BEA301A261A244D
:10D690007E1400309AFD57CA7E14F6A27E04007EE6
:10D6A0002F017E0B705C7A7A0B708005E4908155B7
:10D6B000F090814F0BEA309AFCD1F2908155E0AAAC
:10D6C0009083941BEA306CAA6D229083940BEA300D
:10D6D000BD32482B9083940BEA207E340003BD2397
:10D6E000181D9083940BEA101A021A0074042F007C
:10D6F0001478FB7E34FA307E24007E2F10801C903C
:10D7000083940BEA301A261A247E1400309AFD57AF
:10D71000CA7E14F6907E04007E2F107A1BA06CAA9D
:10D720006D229083940BEA30BD32482B9083940B8A
:10D73000EA207E340003BD23181D9083940BEA1069
:10D740001A021A0074042F001478FB7E34FA327E19
:10D7500024007E2F10801C9083940BEA301A261A26
:10D76000247E1400309AFD57CA7E14F6927E04007F
:10D770007E2F107A1BA06CAA6D229083940BEA3046
:10D78000BD32482B9083940BEA207E340003BD23E6
:10D79000181D9083940BEA101A021A0074042F00CB
:10D7A0001478FB7E34FA317E24007E2F10801C908A
:10D7B00083940BEA301A261A247E1400309AFD57FF
:10D7C000CA7E14F6917E04007E2F107A1BA06CAAEC
:10D7D0006D229083940BEA30BD32482B9083940BDA
:10D7E000EA207E340003BD23181D9083940BEA10B9
:10D7F0001A021A0074042F001478FB7E34FA387E63
:10D8000024007E2F10801C9083940BEA301A261A75
:10D81000247E1400309AFD57CA7E14F6A07E0400C0
:10D820007E2F107A1BA06CAA6D229083940BEA3095
:10D83000BD32482B9083940BEA207E340003BD2335
:10D84000181D9083940BEA101A021A0074042F001A
:10D850001478FB7E34FA3A7E24007E2F10801C90D0
:10D8600083940BEA301A261A247E1400309AFD574E
:10D87000CA7E14F6A27E04007E2F107A1BA06CAA2A
:10D880006D229083940BEA30BD32482B9083940B29
:10D89000EA207E340003BD23181D9083940BEA1008
:10D8A0001A021A0074042F001478FB7E34FA397EB1
:10D8B00024007E2F10801C9083940BEA301A261AC5
:10D8C000247E1400309AFD57CA7E14F6A17E04000F
:10D8D0007E2F107A1BA06CAA6D229083940BEA30E5
:10D8E000BD32482B9083940BEA207E340003BD2385
:10D8F000181D9083940BEA101A021A0074042F006A
:10D900001478FB7E34FA3B7E24007E2F10801C901E
:10D9100083940BEA301A261A247E1400309AFD579D
:10D92000CA7E14F6A57E04007E2F107A1BA0E46D3B
:10D93000229083940BEA30BD32482A9083940BEAFC
:10D94000207E340003BD23181C9083940BEA301A08
:10D95000261A247F012F002F007E34FA8A7E2400AD
:10D960007E2F10801C9083940BEA301A261A247E96
:10D970001400309AFD57CA7E14F6A47E04007E2F50
:10D98000107A1BB09083940BEA407E54747F2D5420
:10D990007CAB6D229083940BEA30BD32482B908390
:10D9A000940BEA207E340003BD23181D9083940B52
:10D9B000EA101A021A0074042F001478FB7E34FA5D
:10D9C0003E7E24007E2F10801C9083940BEA301A38
:10D9D000261A247E1400309AFD57CA7E14F6A97EBA
:10D9E00004007E2F107A1BA09083940BEA207E34D3
:10D9F000747F2D327D530A5A7CAB6D229083940B39
:10DA0000EA30BD32482B9083940BEA207E34000329
:10DA1000BD23181D9083940BEA101A021A00740497
:10DA20002F001478FB7E34FA3D7E24007E2F108078
:10DA30001C9083940BEA301A261A247E1400309A24
:10DA4000FD57CA7E14F6A87E04007E2F107A1BA014
:10DA50007EA00F6D229083940BEA30BD32482B904C
:10DA600083940BEA207E340003BD23181D90839419
:10DA70000BEA101A021A0074042F001478FB7E348B
:10DA8000FA387E24007E2F10801C9083940BEA309D
:10DA90001A261A247E1400309AFD57CA7E14F6A066
:10DAA0007E04007E2F107A1BA07EA0A16D229083A1
:10DAB000940BEA30BD32482B9083940BEA207E34DD
:10DAC0000003BD23181D9083940BEA101A021A005C
:10DAD00074042F001478FB7E34FA397E24007E2FE4
:10DAE00010801C9083940BEA301A261A247E1400AE
:10DAF000309AFD57CA7E14F6A17E04007E2F107A5C
:10DB00001BA0AA907C691BEA20907C651BEA007927
:10DB10001E0002907C631BEA30907C6D0BEA307E25
:10DB20002400049AFE27C17E145AF67E0400FE7E6D
:10DB300034017A9AFDFEB8907C6B0BEA301A367E7F
:10DB400024000F5D23907C690BEA307D131A127E4E
:10DB500034000F5D31BD32780474018001E47E141D
:10DB60005AF67E0400FE7E34017F9AFDFEB8907C5A
:10DB7000690BEA307D231A240E240E240E240E2471
:10DB8000907C630BEA30BD3278057EA00180026C88
:10DB9000AA740F5CBA7E145AF67E0400FE7E34012D
:10DBA000849AFDFEB8907C690BEA307D231A240E1E
:10DBB000240E240E240E24907C630BEA30BD3278B0
:10DBC000057EA00180026CAA740F5CBA7E145AF61E
:10DBD0007E0400FE7E3401859AFDFEB8907C690BC0
:10DBE000EA207E3400FF5D327E24000174017E1441
:10DBF00000109AFD429C907C6B0BEA207E3400FF63
:10DC00005D326D2274017E1400039AFD429C907C6B
:10DC100065691E00020BEA009082A4693E00020BB7
:10DC2000EA209AFD57D574027F011E141E0450038A
:10DC30004E20801478F46D337E2400019F10907C78
:10DC40006F1BEA30907C630BEA50BE54000840031F
:10DC500002E6D77EA003A490DC5B7302DC7302DDD6
:10DC60005D02DE6A02DF9E02E0F602E27102E3EC90
:10DC700002E567907C6D0BEA207E340001BD2378BD
:10DC8000224398505389F0907C6F0BEA50F58B90AB
:10DC90007C6F0BEA307D530A5AF58D438E40D3D208
:10DCA0008E8028907C6D0BEA207E340002BD2378A4
:10DCB0001A439850907C6F0BEA50F5D7907C6F0B0D
:10DCC000EA307D530A5AF5D6438E1553A23F907C15
:10DCD0006B0BEA207E340040BD237815907C690BE5
:10DCE000EA207E340041BD237807E5A2F5A202E6D2
:10DCF000D7907C6B0BEA207E340146BD23781490CC
:10DD00007C690BEA207E340147BD23780643A2409C
:10DD100002E6D7907C6B0BEA207E340226BD237886
:10DD200014907C690BEA207E340227BD23780643D9
:10DD3000A28002E6D7907C6B0BEA207E340353BDB1
:10DD400023680302E6D7907C690BEA207E340354F3
:10DD5000BD23680302E6D743A2C002E6D7907C6DDC
:10DD60000BEA207E340002BD23781A439A50907C3F
:10DD70006F0BEA50F5D7907C6F0BEA307D530A5A4F
:10DD8000F5D6438E1453BAFE74DF7E14FD697E040B
:10DD9000007E7E0B705C7B7A0B70907C6B0BEA20B4
:10DDA0007E341020BD237823907C690BEA207E34DA
:10DDB0001021BD237815E5BAF5BA7E14FD697E04FD
:10DDC000007E7E0B707A0B7002E6D7907C6B0BEABC
:10DDD000207E341156BD237822907C690BEA207E88
:10DDE000341157BD23781443BA017E14FD697E04B3
:10DDF000007E7E0B707A0B7002E6D7907C6B0BEA8C
:10DE0000207E341156BD237827907C690BEA207E52
:10DE1000341157BD237819E5BAF5BA74207E14FD84
:10DE2000697E04007E7E0B704C7B7A0B7002E6D715
:10DE3000907C6B0BEA207E341156BD23680302E60A
:10DE4000D7907C690BEA207E341157BD236803020A
:10DE5000E6D743BA0174207E14FD697E04007E7EFD
:10DE60000B704C7B7A0B7002E6D7907C6D0BEA202E
:10DE70007E340002BD237819907C6F0BEA50F5D7F1
:10DE8000907C6F0BEA307D530A5AF5D6438E14808E
:10DE900025907C6D0BEA207E340003BD237817901B
:10DEA0007C6F0BEA50F5D5907C6F0BEA307D530AFE
:10DEB0005AF5D443DD0A43AC5053BAFD74BF7E1407
:10DEC000FD697E04007E7E0B705C7B7A0B70907C1B
:10DED0006B0BEA207E342010BD237823907C690BE5
:10DEE000EA207E342011BD237815E5BAF5BA7E14F8
:10DEF000FD697E04007E7E0B707A0B7002E6D7907F
:10DF00007C6B0BEA207E342160BD237822907C69F3
:10DF10000BEA207E342161BD23781443BA027E14BB
:10DF2000FD697E04007E7E0B707A0B7002E6D7904E
:10DF30007C6B0BEA207E342296BD237827907C6987
:10DF40000BEA207E342297BD237819E5BAF5BA741E
:10DF5000407E14FD697E04007E7E0B704C7B7A0B44
:10DF60007002E6D7907C6B0BEA207E342360BD23E1
:10DF7000680302E6D7907C690BEA207E3423C7BD94
:10DF800023680302E6D743BA0274407E14FD697E1B
:10DF900004007E7E0B704C7B7A0B7002E6D7907C7F
:10DFA0006D0BEA207E340002BD23782B907C6F0B32
:10DFB000EA50F5D7907C6F0BEA307D530A5AF5D6BC
:10DFC000438E1474FE7E14FDBC7E04007E7E0B70B6
:10DFD0005C7B7A0B708037907C6D0BEA207E34007E
:10DFE00004BD237829907C6F0BEA50F5D3907C6FA9
:10DFF0000BEA307D530A5AF5D243DDA074017E143A
:10E00000FDBC7E04007E7E0B704C7B7A0B7043FD62
:10E010005053BAFB747F7E14FD697E04007E7E0B34
:10E02000705C7B7A0B70907C6B0BEA207E34301234
:10E03000BD237823907C690BEA207E343013BD2306
:10E040007815E5BAF5BA7E14FD697E04007E7E0B74
:10E05000707A0B7002E6D7907C6B0BEA207E34312D
:10E0600062BD237822907C690BEA207E343163BD47
:10E0700023781443BA047E14FD697E04007E7E0B6F
:10E08000707A0B7002E6D7907C6B0BEA207E3432FC
:10E09000B2BD237827907C690BEA207E3432B3BD71
:10E0A000237819E5BAF5BA74807E14FD697E040000
:10E0B0007E7E0B704C7B7A0B7002E6D7907C6B0BEC
:10E0C000EA207E343362BD23680302E6D7907C6980
:10E0D0000BEA207E3433D1BD23680302E6D743BA6E
:10E0E0000474807E14FD697E04007E7E0B704C7B80
:10E0F0007A0B7002E6D7907C6D0BEA207E3400022A
:10E10000BD23782B907C6F0BEA50F5D7907C6F0B7A
:10E11000EA307D530A5AF5D6438E1474FE7E14F706
:10E120006D7E04007E7E0B705C7B7A0B7080589055
:10E130007C6D0BEA207E340005BD23784A907C6F0D
:10E140000BEA107E34FBB77E24007E7A1B30907C75
:10E150006F0BEA307D130A127E34FBB67E24007EFC
:10E160007A1B30740A7E14FBB37E04007E7E0B7033
:10E170004C7B7A0B7074017E14F76D7E04007E7EFA
:10E180000B704C7B7A0B7074507E14F7407E040049
:10E190007E7E0B704C7B7A0B7074FC7E14FD6A7E65
:10E1A00004007E7E0B705C7B7A0B70907C6B0BEABC
:10E1B000207E344014BD23781F907C690BEA207EBA
:10E1C000344015BD2378117E14FD6A7E04007E7EE6
:10E1D0000B707A0B7002E6D7907C6B0BEA207E34D2
:10E1E0004150BD237823907C690BEA207E34415155
:10E1F000BD23781574017E14FD6A7E04007E7E0BBB
:10E20000704C7B7A0B7002E6D7907C6B0BEA207E19
:10E21000344224BD237823907C690BEA207E34426B
:10E2200025BD23781574027E14FD6A7E04007E7E6F
:10E230000B704C7B7A0B7002E6D7907C6B0BEA205C
:10E240007E344330BD23680302E6D7907C690BEA35
:10E25000207E344331BD23680302E6D774037E1465
:10E26000FD6A7E04007E7E0B704C7B7A0B7002E6AA
:10E27000D7907C6D0BEA207E340002BD23782B9072
:10E280007C6F0BEA50F5D7907C6F0BEA307D530A18
:10E290005AF5D6438E1474FE7E14F79D7E04007EDC
:10E2A0007E0B705C7B7A0B708058907C6D0BEA2043
:10E2B0007E340006BD23784A907C6F0BEA107E34D2
:10E2C000FBB57E24007E7A1B30907C6F0BEA307D9C
:10E2D000130A127E34FBB47E24007E7A1B3074A0B5
:10E2E0007E14FBB37E04007E7E0B704C7B7A0B7039
:10E2F00074017E14F79D7E04007E7E0B704C7B7A49
:10E300000B7074507E14F7707E04007E7E0B704C90
:10E310007B7A0B7074F37E14FD6A7E04007E7E0BA4
:10E32000705C7B7A0B70907C6B0BEA207E3450160D
:10E33000BD23781F907C690BEA207E345017BD23E3
:10E3400078117E14FD6A7E04007E7E0B707A0B705D
:10E3500002E6D7907C6B0BEA207E345172BD2378A5
:10E3600023907C690BEA207E345173BD23781574A9
:10E37000047E14FD6A7E04007E7E0B704C7B7A0B5B
:10E380007002E6D7907C6B0BEA207E345242BD23AC
:10E390007823907C690BEA207E345243BD237815A4
:10E3A00074087E14FD6A7E04007E7E0B704C7B7ABE
:10E3B0000B7002E6D7907C6B0BEA207E345336BD9F
:10E3C00023680302E6D7907C690BEA207E3453373A
:10E3D000BD23680302E6D7740C7E14FD6A7E040038
:10E3E0007E7E0B704C7B7A0B7002E6D7907C6D0BB7
:10E3F000EA207E340002BD23782B907C6F0BEA501C
:10E40000F5D7907C6F0BEA307D530A5AF5D6438ED0
:10E410001474FE7E14F7CD7E04007E7E0B705C7B50
:10E420007A0B708058907C6D0BEA207E340007BD1B
:10E4300023784A907C6F0BEA107E34FBBF7E240069
:10E440007E7A1B30907C6F0BEA307D130A127E348B
:10E45000FBBE7E24007E7A1B30740A7E14FBBB7EDA
:10E4600004007E7E0B704C7B7A0B7074017E14F777
:10E47000CD7E04007E7E0B704C7B7A0B7074507ED8
:10E4800014F7A07E04007E7E0B704C7B7A0B7074B8
:10E49000CF7E14FD6D7E04007E7E0B705C7B7A0B5C
:10E4A00070907C6B0BEA207E346060BD23781F90F7
:10E4B0007C690BEA207E346061BD2378117E14FDF7
:10E4C0006D7E04007E7E0B707A0B7002E6D7907C26
:10E4D0006B0BEA207E3461B4BD237823907C690BFA
:10E4E000EA207E3461B5BD23781574107E14FD6D6D
:10E4F0007E04007E7E0B704C7B7A0B7002E6D79018
:10E500007C6B0BEA207E3462A0BD237823907C696B
:10E510000BEA207E3462A1BD23781574207E14FDA1
:10E520006D7E04007E7E0B704C7B7A0B7002E6D70A
:10E53000907C6B0BEA207E346322BD23680302E6E5
:10E54000D7907C690BEA207E346323BD23680302E5
:10E55000E6D774307E14FD6D7E04007E7E0B704C19
:10E560007B7A0B7002E6D7907C6D0BEA207E34003C
:10E5700002BD23782B907C6F0BEA50F5D7907C6F0F
:10E580000BEA307D530A5AF5D6438E1474FE7E147E
:10E59000F7CD7E04007E7E0B705C7B7A0B7080581A
:10E5A000907C6D0BEA207E340008BD23784A907C75
:10E5B0006F0BEA107E34FBBD7E24007E7A1B309008
:10E5C0007C6F0BEA307D130A127E34FBBC7E240084
:10E5D0007E7A1B3074A07E14FBBB7E04007E7E0B13
:10E5E000704C7B7A0B7074017E14F7FD7E04007E04
:10E5F0007E0B704C7B7A0B7074507E14F7D07E04C7
:10E60000007E7E0B704C7B7A0B70743F7E14FD6D28
:10E610007E04007E7E0B705C7B7A0B70907C6B0BB3
:10E62000EA207E347062BD23781F907C690BEA205B
:10E630007E347063BD2378117E14FD6D7E04007EF0
:10E640007E0B707A0B7002E6D7907C6B0BEA207E13
:10E650003471B6BD237822907C690BEA207E347138
:10E66000B7BD23781474407E14FD6D7E04007E7E59
:10E670000B704C7B7A0B70805E907C6B0BEA207E7B
:10E680003472A2BD237822907C690BEA207E34721A
:10E69000A3BD23781474807E14FD6D7E04007E7EFD
:10E6A0000B704C7B7A0B70802E907C6B0BEA207E7B
:10E6B000347370BD237820907C690BEA207E34731C
:10E6C00071BD23781274C07E14FD6D7E04007E7EC1
:10E6D0000B704C7B7A0B70907C630BEA309AFCD603
:10E6E000C0AA9079BB1BEA209079B71BEA00791E7B
:10E6F00000029079B51BEA307E345B617E2400FE17
:10E700007E1479BF7E04000174089AFD585C9079EC
:10E71000B50BEA207E3479BF2D327A71827A61831B
:10E72000E09079C7F06D229079B50BEA30BD3248A0
:10E73000129079B50BEA207E340007BD23180474CB
:10E74000018001E47E145AF67E0400FE7E3402E36A
:10E750009AFDFEB89079BD0BEA30907C6B1BEA30D5
:10E760009079C7E00A3B907C6D1BEA309079B50B3D
:10E77000EA309079B7691E00020BEA009079BB0B72
:10E78000EA209AFCDB03AA9083C3F0D3D2B5C3C2BC
:10E79000B5C3C2F97E3400019083C3E09AFC7B18B4
:10E7A000D3D2F9D3D2B5C3C2B5229080F81BEA0008
:10E7B0009080F61BEA109080F41BEA209080F21BF8
:10E7C000EA30907F4D0BEA209080F20BEA30BD32A8
:10E7D000500474018001E47E145CCA7E0400FE7E55
:10E7E00034006B9AFDFEB8907F4F0BEA209080F4C6
:10E7F0000BEA30BD32500474018001E47E145CCA1F
:10E800007E0400FE7E34006C9AFDFEB8907F4D0BB6
:10E81000EA209080F60BEA30BD325004740180018A
:10E82000E47E145CCA7E0400FE7E34006D9AFDFE18
:10E83000B8907F4F0BEA209080F80BEA30BD325041
:10E840000474018001E47E145CCA7E0400FE7E3400
:10E85000006E9AFDFEB8742A12E7877E340001909C
:10E8600080F20BEA209AFC7B7C7E3400019080F6DB
:10E870000BEA209AFC7B7C742B12E7877E34000124
:10E880009080F40BEA209AFC7B7C7E34000190801F
:10E89000F80BEA209AFC7B7C742C12E787229065A7
:10E8A0004A1BEA306D336D22907F4D0BEA107E04D7
:10E8B00000019D10907F4F0BEA007E5400019D05E2
:10E8C00012E7AA6D3390654C1BEA30802C90654AA4
:10E8D0000BEA2090654C0BEA103E147E34654E2DF9
:10E8E000317A71827A61831BEA2090654C0BEA20B1
:10E8F0007E3400012D321BEA3090654C0BEA207EFD
:10E900003400F0BD2340C66D3390654C1BEA308067
:10E910002D7E1800F0907EE9793E00021BEA207EF1
:10E920003400017E14654E7E0400019AFC7BA990A0
:10E93000654C0BEA207E3400012D321BEA309065D5
:10E940004C0BEA207E340140BD2340C5AA90839C35
:10E950001BEA3090839C0BEA30907F4B1BEA30908F
:10E960007F4B0BEA301B34680E1B3468201B346865
:10E970001C2E340003782A7E3400F0907F4D1BEA71
:10E98000307E340140907F4F1BEA3080147E34018A
:10E9900040907F4D1BEA307E3400F0907F4F1BEAA1
:10E9A00030AA9083221BEA209083201BEA309083B8
:10E9B000200BEA30907F471BEA309083220BEA302D
:10E9C000907F491BEA30AA9082091BEA10908207C7
:10E9D0001BEA209082051BEA30907F4D0BEA2090C5
:10E9E00082050BEA30BD32500474018001E47E14CC
:10E9F0005CCA7E0400FE7E3400C59AFDFEB8907F9E
:10EA00004F0BEA209082070BEA30BD3250047401AC
:10EA10008001E47E145CCA7E0400FE7E3400C69A47
:10EA2000FDFEB89082050BEA309082070BEA209039
:10EA300082050BEA109082070BEA0012E7AA7E34E7
:10EA400000019082090BEA209AFC7B7CAA9080FE50
:10EA5000F09080FC1BEA209080FA1BEA30907F4DFA
:10EA60000BEA209080FA0BEA30BD3250047401802A
:10EA700001E47E145CCA7E0400FE7E3400D99AFD57
:10EA8000FEB8907F4F0BEA209080FC0BEA30BD323D
:10EA9000500474018001E47E145CCA7E0400FE7E92
:10EAA0003400DA9AFDFEB8E49080FFF002EB5C904F
:10EAB00080FA0BEA309080FFE00A1B9080FC0BEAA2
:10EAC000202D219080FA0BEA007E1400072D109073
:10EAD00080FFE00A5B9080FC0BEA002D0512E7AA9C
:10EAE0009080FEE01A3B3E343E343E343E3490800B
:10EAF000FFE00A2B2D237E34FECF2D327E2400FF33
:10EB00007E1BB0908101F0E4908100F0803790810D
:10EB100001E030E0107E340001907F470BEA209A3C
:10EB2000FC7B7C800E7E340001907F490BEA209AAA
:10EB3000FC7B7C908101E01EB0F09081007EEBA018
:10EB400074012CBAF09081007EEBA07408BCAB403D
:10EB5000BD9080FF7EEBA074012CBAF09080FF7E08
:10EB6000EBA07410BCAB500302EAAFAA907F551B18
:10EB7000EA00791E0002907F531BEA20907F511B10
:10EB8000EA306D33907F591BEA30907F4D0BEA20BD
:10EB9000907F510BEA30BD32500474018001E47E55
:10EBA000145CCA7E0400FE7E3400F79AFDFEB89025
:10EBB0007F4F0BEA20907F530BEA30BD3250047434
:10EBC000018001E47E145CCA7E0400FE7E3400F8FD
:10EBD0009AFDFEB88042907F590BEA203E243E24E5
:10EBE0003E24907F510BEA302D32907F530BEA2068
:10EBF000907F590BEA50907F55691E00020BEA0086
:10EC00002D157E0BB09AFCEA4D907F590BEA207EC1
:10EC10003400012D321BEA30907F590BEA10907FAF
:10EC200055693E00020BEA202D317E1BB0BEB000BC
:10EC300078A4AA907FA9F0907FA71BEA20907FA5D7
:10EC40001BEA30907F4D0BEA20907FA50BEA30BD88
:10EC500032500474018001E47E145CCA7E0400FE1C
:10EC60007E34010E9AFDFEB8907F4F0BEA20907F14
:10EC7000A70BEA30BD32500474018001E47E145CBD
:10EC8000CA7E0400FE7E34010F9AFDFEB86CAA9085
:10EC90007FA9E0BCBA581F907FA50BEA30907FA7F0
:10ECA0000BEA20742D9AFCEA4D907FA9E064FF04E2
:10ECB000907FA9F08012907FA50BEA30907FA70B80
:10ECC000EA2074209AFCEA4D907FA9E01A3B7E244A
:10ECD00000649AFD57877CB7907FAAF0907FA9E0E7
:10ECE0001A3B7E24000A9AFD57877E24000A9AFD6B
:10ECF00057877CB5907FABF0907FA9E01A3B7E24CC
:10ED0000000A9AFD57877CB5907FACF0E4907FAD08
:10ED1000F0804A907FADE00A3B7E2400012D233E27
:10ED2000243E243E24907FA50BEA302D32907FA70D
:10ED30000BEA20907FADE00A0B7E147FAA2D107A9B
:10ED400031827A2183E00A4B7E5400302D549AFCA4
:10ED5000EA4D907FAD7EEBA074012CBAF0907FADB0
:10ED60007EEBA07403BCAB40AAAA907FB2F0907F68
:10ED7000B01BEA20907FAE1BEA30907F4D0BEA205B
:10ED8000907FAE0BEA30BD32500474018001E47E06
:10ED9000145CCA7E0400FE7E3401329AFDFEB890F7
:10EDA0007F4F0BEA20907FB00BEA30BD32500474E5
:10EDB000018001E47E145CCA7E0400FE7E340133CF
:10EDC0009AFDFEB8907FB2E00A5B7E4400648D54E9
:10EDD000907FB3F0907FB2E00A3B7E24000A8D3230
:10EDE0007E24000A9AFD57877CB5907FB4F0907F0F
:10EDF000B2E00A3B7E24000A9AFD57877CB5907FDB
:10EE0000B5F0E4907FB6F08042907FB67EEB7074F0
:10EE100008ACB7907FAE0BEA302D35907FB00BEA8F
:10EE200020907FB6E00A0B7E147FB32D107A3182DA
:10EE30007A2183E00A4B7E5400302D549AFCEA4D2F
:10EE4000907FB67EEBA074012CBAF0907FB67EEB7B
:10EE5000A07403BCAB40B2AA907DCB1BEA10907D9E
:10EE6000C91BEA20907DC71BEA30907F4D0BEA203A
:10EE7000907DC70BEA30BD32500474018001E47EFE
:10EE8000145CCA7E0400FE7E34014E9AFDFEB890EA
:10EE90007F4F0BEA20907DC90BEA30BD32500474DD
:10EEA000018001E47E145CCA7E0400FE7E34014FC2
:10EEB0009AFDFEB86D22907DCB0BEA30BD3258260C
:10EEC000907DC70BEA30907DC90BEA20742D9AFC27
:10EED000EA4D907DCB0BEA306E34FFFF0B34907D12
:10EEE000CB1BEA308012907DC70BEA30907DC90BB6
:10EEF000EA2074209AFCEA4D907DCB0BEA307E2408
:10EF000027109AFD57877CB7907DCDF0907DCB0B75
:10EF1000EA307E2403E89AFD57877E24000A9AFD92
:10EF200057877CB5907DCEF0907DCB0BEA307E2468
:10EF300000649AFD57877E24000A9AFD57877CB5A6
:10EF4000907DCFF0907DCB0BEA307E24000A9AFDB5
:10EF500057877E24000A9AFD57877CB5907DD0F0B4
:10EF6000907DCB0BEA307E24000A9AFD57877CB552
:10EF7000907DD1F0E4907DD2F0804A907DD2E00A7D
:10EF80003B7E2400012D233E243E243E24907DC759
:10EF90000BEA302D32907DC90BEA20907DD2E00A39
:10EFA0000B7E147DCD2D107A31827A2183E00A4BBD
:10EFB0007E5400302D549AFCEA4D907DD27EEBA019
:10EFC00074012CBAF0907DD27EEBA07405BCAB40EE
:10EFD000AAAA907DD71BEA10907DD51BEA20907DD0
:10EFE000D31BEA30907F4D0BEA20907DD30BEA30A3
:10EFF000BD32500474018001E47E145CCA7E0400BA
:10F00000FE7E3401739AFDFEB8907F4F0BEA20908C
:10F010007DD50BEA30BD32500474018001E47E14CA
:10F020005CCA7E0400FE7E3401749AFDFEB8907DB9
:10F03000D70BEA507E4427108D54907DD9F0907DF7
:10F04000D70BEA307E2403E88D327E24000A8D320D
:10F050007CB5907DDAF0907DD70BEA307E24006499
:10F060008D327E24000A8D327CB5907DDBF0907D60
:10F07000D70BEA307E24000A8D327E24000A8D32BE
:10F080007CB5907DDCF0907DD70BEA307E24000AC1
:10F090008D327CB5907DDDF0E4907DDEF080429095
:10F0A0007DDE7EEB707408ACB7907DD30BEA302D1B
:10F0B00035907DD50BEA20907DDEE00A0B7E147D35
:10F0C000D92D107A31827A2183E00A4B7E540030A8
:10F0D0002D549AFCEA4D907DDE7EEBA074012CBA93
:10F0E000F0907DDE7EEBA07405BCAB40B2AA9074BC
:10F0F00007F09074031BEA00791E00029074011B54
:10F10000EA209073FF1BEA30907F4D0BEA2090734A
:10F11000FF0BEA30BD32500474018001E47E145CC0
:10F12000CA7E0400FE7E3401939AFDFEB8907F4FA4
:10F130000BEA209074010BEA30BD32500474018058
:10F1400001E47E145CCA7E0400FE7E3401949AFDC4
:10F15000FEB89074077EEBA0740ABCAB2806740A54
:10F16000907407F09074077EEBA074012CBAF090B5
:10F170007403693E00020BEA20BE1800005830906C
:10F180007403693E00020BEA20906CE8793E0002AD
:10F190001BEA207E1474087E0400017E345CC77E66
:10F1A0002400FE9AFC681F7CB790742AF0803F749C
:10F1B00020907408F0907403693E00020BEA2090DE
:10F1C0006CE8793E00021BEA207E1474097E04007C
:10F1D000017E345CC77E2400FE9AFC681F7CB790D9
:10F1E000742AF090742A7EEBA074012CBAF080236C
:10F1F0007EA02090742AE00A2B7E3474082D327A87
:10F2000071827A61837AEBA090742A7EEBA07401FC
:10F210002CBAF09074077EEBA090742AE0BCBA4040
:10F22000CF6CAA907407E00A2B7E3474082D327AD2
:10F2300071827A61837AEBA09073FF0BEA3090744D
:10F24000010BEA207E1474087E0400019AFCEB6C2A
:10F25000AA90725C7AEB3090725BF09072511BEA6C
:10F260002090724F1BEA30907F4D0BEA2090724F36
:10F270000BEA30BD32500474018001E47E145CCA94
:10F280007E0400FE7E3401BE9AFDFEB8907F4F0BD7
:10F29000EA209072510BEA30BD32500474018001B3
:10F2A000E47E145CCA7E0400FE7E3401BF9AFDFE3B
:10F2B000B890725C7EEBA07406BCAB280674069016
:10F2C000725CF090725B7EEBA0740ABCAB28067493
:10F2D0000A90725BF09072530BEA80699E0002699B
:10F2E000AE000469BE00069F009F119AFD46A82843
:10F2F000409072530BEA00691E0002692E000469F7
:10F300003E0006906CE41BEA00791E0002792E0094
:10F3100004793E00067E14725E7E0400017E345C39
:10F32000C47E2400FE9AFC681F7CB790725DF0805A
:10F33000499072530BEA00691E0002692E000469AD
:10F340003E0006906CE41BEA00791E0002792E0054
:10F3500004793E00067E14725F7E0400017E345CF8
:10F36000C47E2400FE9AFC681F7CB790725DF0900A
:10F37000725D7EEBA074012CBAF090725DE00A5BC6
:10F380007E4400079D54907282F090725BE00A4BBD
:10F39000907282E01A5B9D547E4400019D549072ED
:10F3A00080F090725CE00A3B907282E01A4B2D4331
:10F3B0007E5400012D54907281F0802E7EA020900A
:10F3C0007281E01A2B7E34725E2D327A71827A61FC
:10F3D000837AEBA09072817EEBA074012CBAF0903E
:10F3E00072807EEBA074012CBAF09072807EEBA04C
:10F3F000E4BCAB48C79072530BEA80699E00026977
:10F40000AE000469BE00069F009F119AFD46A82821
:10F410001A7EA02D907280E01A2B7E34725E2D32FF
:10F420007A71827A61837AEBA080187EA020907234
:10F4300080E01A2B7E34725E2D327A71827A61837B
:10F440007AEBA06CAA907281E01A2B7E34725E2D4A
:10F45000327A71827A61837AEBA090724F0BEA3034
:10F460009072510BEA207E14725E7E0400019AFCB9
:10F47000EB6CAA9076B01BEA00791E00029076AE83
:10F480001BEA209076AC1BEA309F119076BC793E47
:10F4900000021BEA209F119076C0793E00021BEA11
:10F4A00020907F4D0BEA209076AC0BEA30BD3250B5
:10F4B0000474018001E47E145CCA7E0400FE7E3484
:10F4C00001EE9AFDFEB8907F4F0BEA209076AE0BCE
:10F4D000EA30BD32500474018001E47E145CCA7EBF
:10F4E0000400FE7E3401EF9AFDFEB89076AC0BEA84
:10F4F000309076AE0BEA209076B80BEA009076ACAE
:10F500000BEA102D107E0400019D109076BA0BEAD4
:10F51000509076AE0BEA002D057E5400019D051239
:10F52000E7AA9F119076BC793E00021BEA2080601A
:10F530009F119076C0793E00021BEA2080257E3420
:10F540000001907F490BEA209AFC7B7C9076C06991
:10F550001E00020BEA007E1800012F10793E000207
:10F560001BEA209076B80BEA106D009076C0693ED9
:10F5700000020BEA20BF1040C59076BC691E000255
:10F580000BEA007E1800012F10793E00021BEA20D2
:10F590009076BA0BEA106D009076BC693E00020BC3
:10F5A000EA20BF10408A9F119076BC793E00021B72
:10F5B000EA2002F6739076B40BEA109076BC693EAE
:10F5C00000020BEA209AFD57CA9076B80BEA109A0F
:10F5D000FD57D39076C4793E00021BEA209076C492
:10F5E000693E00020BEA207D139076B0693E00026E
:10F5F0000BEA202D317E1B700A279076BA0BEA3079
:10F600007E1400019D31AD329076B60BEA208D322A
:10F610006D229076C8793E00021BEA209076BC6984
:10F620003E00020BEA207D239076AC0BEA302D32AF
:10F630009076BA0BEA107E2400019D126D00907640
:10F64000C8695E00020BEA409F029076AE0BEA208A
:10F650002D21907F470BEA109AFCE9C79076BC6990
:10F660001E00020BEA007E1800012F10793E0002F6
:10F670001BEA209076B80BEA106D009076BC693ECC
:10F6800000020BEA20BF10500302F5B5AA90788261
:10F690001BEA00791E0002907881F090787F1BEAC7
:10F6A0002090787D1BEA30907F4D0BEA2090787D8A
:10F6B0000BEA30BD32500474018001E47E145CCA50
:10F6C0007E0400FE7E3402149AFDFEB8907F4F0B3C
:10F6D000EA2090787F0BEA30BD325004740180013B
:10F6E000E47E145CCA7E0400FE7E3402159AFDFEA0
:10F6F000B8907881E00A5B1E541E541E5490789195
:10F70000F090787D0BEA3090787F0BEA209078813A
:10F71000E09078867EEB10AC1B7E1400019D01907A
:10F72000787D0BEA102D10907881E00A5B90787F4D
:10F730000BEA002D057E5400019D0512E7AA6D33EA
:10F740009078891BEA3002F87D907886E090789076
:10F75000F0907891E00A1B9078890BEA00AD109048
:10F760007882693E00020BEA202D31907892793E32
:10F7700000021BEA2002F8586D3390788D1BEA30A6
:10F7800002F81B7E34000890788B1BEA30805E9074
:10F79000788B0BEA507E4400019D54907892693E2C
:10F7A00000020BEA207E1BA060051EA01478FB74EB
:10F7B000015CBA90788FF090788FE0BEB00068104E
:10F7C0007E3400019078870BEA209AFC7B7C800EC7
:10F7D0007E340001907F490BEA209AFC7B7C907874
:10F7E0008B0BEA307E2400019D321BEA306D2290A3
:10F7F000788B0BEA30BD321896907892693E000201
:10F800000BEA200B34793E00021BEA2090788D0B26
:10F81000EA207E3400012D321BEA30907891E00A14
:10F820002B90788D0BEA30BD32580302F783907825
:10F8300081E09078917EEB30AC3B907892693E000D
:10F84000020BEA20907891E00A0B9D302D319078E0
:10F8500092793E00021BEA209078907EEBA07E70A9
:10F86000017CBA9CB7F0BEA000680302F7789078DC
:10F87000890BEA207E3400012D321BEA309078811A
:10F88000E00A2B9078890BEA30BD32580302F74921
:10F89000AA906175F09061691BEA00791E000290E0
:10F8A00061671BEA209061651BEA309F11906176C9
:10F8B000793E00021BEA209F1190617A793E000296
:10F8C0001BEA20907F4D0BEA209061650BEA30BD6A
:10F8D00032500474018001E47E145CCA7E0400FE90
:10F8E0007E34024B9AFDFEB8907F4F0BEA20906168
:10F8F000670BEA30BD32500474018001E47E145C71
:10F90000CA7E0400FE7E34024C9AFDFEB890616906
:10F91000693E00020BEA204D23680474018001E473
:10F920007E145CCA7E0400FE7E34024D9AFDFEB851
:10F93000C3C2B59061650BEA309061670BEA209015
:10F9400061710BEA009061650BEA102D107E0400D6
:10F95000019D109061730BEA509061670BEA002DD6
:10F96000057E5400019D0512E7AA9F1190617A79E6
:10F970003E00021BEA2002FB4690616F0BEA1090EA
:10F98000617A693E00020BEA209AFD57CA906173C2
:10F990000BEA109AFD57D390616D0BEA109AFD5750
:10F9A000CA7D13906169693E00020BEA202D3190F7
:10F9B0006362793E00021BEA209F11906176793ED6
:10F9C00000021BEA2002FAF490616D0BEA109061CC
:10F9D00076693E00020BEA209AFD57CA9061710BCE
:10F9E000EA109AFD57D37D13906362693E00020BC3
:10F9F000EA202D317E1B700A379061801BEA30901F
:10FA00006175E0BEB000680302FA8F9061800BEA76
:10FA1000201E241E241E247E34001F5D327C676C51
:10FA2000773E343E343E3490617E1BEA30906180F4
:10FA30000BEA301E341E347E24003F5D2374053EE5
:10FA4000241478FB90617E0BEA304D321BEA309033
:10FA500061800BEA301E341E341E347E24001F5D8C
:10FA60002390617E0BEA304D321BEA3090617E0BB1
:10FA7000EA20906176691E00020BEA003E147E3493
:10FA800061822D317A71827A61831BEA20804E90E7
:10FA90006175E00A2B9061800BEA30BD32501F6D1A
:10FAA00022906176691E00020BEA003E147E3461EA
:10FAB000822D317A71827A61831BEA20801F7E2435
:10FAC000FFFF906176691E00020BEA003E147E344F
:10FAD00061822D317A71827A61831BEA209061768E
:10FAE000691E00020BEA007E1800012F10793E000B
:10FAF000021BEA209061710BEA106D00906176693B
:10FB00003E00020BEA20BF10500302F9C890617159
:10FB10000BEA306D22907EE9793E00021BEA207EDE
:10FB20003400017E1461827E0400019AFC7BA9905E
:10FB3000617A691E00020BEA007E1800012F10791D
:10FB40003E00021BEA209061730BEA106D00906189
:10FB50007A693E00020BEA20BF10500302F979D304
:10FB6000D2B5AA7E34139390796D1BEA307E34139C
:10FB70009190796F1BEA307E34FFFF9079711BEA18
:10FB8000307E34FFFF9079731BEA307E3400016DC4
:10FB9000227E146C007E0402DC9AFC80167E340007
:10FBA000817E240001E47E1400109AFD429C7E3484
:10FBB00000807E240001E47E1400109AFD429C7EA9
:10FBC0003400457E240001E47E1400109AFD429C1E
:10FBD0007E3400927E24000174017E1400109AFD90
:10FBE000429C907F4B0BEA309AFCE94D907F470B8B
:10FBF000EA30907F490BEA209AFCE9A2C3C2F87E62
:10FC00001403E89082A4693E00020BEA209AFD5793
:10FC1000D37E1400C89AFD57CA9AFE253FD3D2F866
:10FC20007E1403E89082A4693E00020BEA209AFD4C
:10FC300057D37E1400649AFD57CA9AFE253F743646
:10FC400012E7877E1403E89082A4693E00020BEA63
:10FC5000209AFD57D37E1400649AFD57CA9AFE2558
:10FC60003F6D22907F4B0BEA30BD32780B7E340023
:10FC700001E49AFC7B18803E907F4B0BEA207E3497
:10FC80000001BD23780C7E34000174C09AFC7B18FF
:10FC90008024907F4B0BEA207E340002BD23780C39
:10FCA0007E34000174709AFC7B18800A7E34000157
:10FCB00074A09AFC7B18743A12E7877E34000174B2
:10FCC000059AFC7B1874B212E7877E340001740C2D
:10FCD0009AFC7B187E340001740C9AFC7B187E34ED
:10FCE0000001E49AFC7B187E34000174339AFC7B9B
:10FCF000187E34000174339AFC7B1874B712E787BE
:10FD00007E34000174359AFC7B1874BB12E7877E41
:10FD100034000174379AFC7B1874C012E7877E3474
:10FD20000001742C9AFC7B1874C212E7877E3400A1
:10FD30000174019AFC7B1874C312E7877E340001BA
:10FD400074129AFC7B1874C412E7877E3400017425
:10FD5000209AFC7B1874C612E7877E340001740F6A
:10FD60009AFC7B1874D012E7877E34000174A49A41
:10FD7000FC7B187E34000174A19AFC7B1874E0129D
:10FD8000E7877E34000174D09AFC7B187E34000132
:10FD900074049AFC7B187E340001740D9AFC7B1865
:10FDA0007E34000174119AFC7B187E3400017413B8
:10FDB0009AFC7B187E340001742B9AFC7B187E34ED
:10FDC0000001743F9AFC7B187E34000174549AFC45
:10FDD0007B187E340001744C9AFC7B187E34000141
:10FDE00074189AFC7B187E340001740D9AFC7B1801
:10FDF0007E340001740B9AFC7B187E340001741F62
:10FE00009AFC7B187E34000174239AFC7B1874E101
:10FE100012E7877E34000174D09AFC7B187E340090
:10FE20000174049AFC7B187E340001740C9AFC7BEC
:10FE3000187E34000174119AFC7B187E3400017422
:10FE4000139AFC7B187E340001742C9AFC7B187E7C
:10FE5000340001743F9AFC7B187E34000174449A8C
:10FE6000FC7B187E34000174519AFC7B187E3400B0
:10FE700001742F9AFC7B187E340001741F9AFC7B5E
:10FE8000187E340001741F9AFC7B187E34000174C4
:10FE9000209AFC7B187E34000174239AFC7B187432
:10FEA0002112E787741112E7877E1403E89082A479
:10FEB000693E00020BEA209AFD57D37E1400789A1F
:10FEC000FD57CA9AFE253F742912E787907F490B98
:10FED000EA309AFCE89EAA9AFCFF05E580BEB000D5
:10FEE00078067E34000180026D33E5800A2B4D23B5
:10FEF0006D33BD2378E59F007E345DAE7E2400FE29
:10FF00009AFD486AAA7E34D8007E2405B89AFE205D
:10FF1000549AFDFF4A7E3400627E240001E47E1480
:10FF200000109AFD429C9AFCFB636D336D227E1497
:10FF30005DA07E0400FE9AFCEB6C7E1403E89082C8
:10FF4000A4693E00020BEA209AFD57D37E14006498
:10FF50009AFD57CA9AFE253F9AFE1F20BEB0006840
:10FF60001C6D337E2400107E145D907E0400FE9A8A
:10FF7000FCEB6C7E3400629AFD427780BD6D337E6F
:10FF80002400107E145D827E0400FE9AFCEB6C7EE1
:10FF90003400BC90616D1BEA307E34007890616F54
:10FFA0001BEA307E3400BC9061711BEA307E340065
:10FFB000789061731BEA306D336D227E1400E87E09
:10FFC000040001E49AFCF89180C5AA7F217F707F2C
:10FFD00010800A7E2B307A1B300B540B34691FFFC4
:10FFE000FC7D011B04790FFFFC4D1178E67F17AAF9
:0EFFF0006D3380020B347E0BB00B1470F7AA39
:0200000400FDFD
:100000009083C1F0D3D2B5C3C2B5C3C2F97E340068
:10001000019083C1E09AFC7B18D3D2F9D3D2B5C347
:10002000C2B5229080D01BEA009080CE1BEA1090CF
:1000300080CC1BEA209080CA1BEA309080C8E00A7E
:100040002B9080CA0BEA30BD32500474018001E469
:100050007E145C647E0400FE7E34006A9AFDFEB865
:100060009080C9E00A2B9080CC0BEA30BD3250045E
:1000700074018001E47E145C647E0400FE7E340022
:100080006B9AFDFEB89080C8E00A2B9080CE0BEAF8
:1000900030BD32500474018001E47E145C647E043F
:1000A00000FE7E34006C9AFDFEB89080C9E00A2BF9
:1000B0009080D00BEA30BD32500474018001E47EA0
:1000C000145C647E0400FE7E34006D9AFDFEB86D03
:1000D000229080C60BEA30BD327862742A1200008A
:1000E0007E3400019080CA0BEA107E2400342D215A
:1000F0009AFC7B7C7E3400019080CE0BEA107E243B
:1001000000342D219AFC7B7C742B1200007E34007D
:10011000019080CC0BEA107E2400282D219AFC7BD4
:100120007C7E3400019080D00BEA107E2400282DC4
:10013000219AFC7B7C742C12000002027B9080C60A
:100140000BEA207E340001BD237862742A1200007D
:100150007E3400019080CA0BEA107E2400352D21E8
:100160009AFC7B7C7E3400019080CE0BEA107E24CA
:1001700000352D219AFC7B7C742B1200007E34000C
:10018000019080CC0BEA107E2400282D219AFC7B64
:100190007C7E3400019080D00BEA107E2400282D54
:1001A000219AFC7B7C742C12000002027B9080C69A
:1001B0000BEA207E340002BD237861742A1200000D
:1001C0007E3400019080CA0BEA107E2400282D2185
:1001D0009AFC7B7C7E3400019080CE0BEA107E245A
:1001E00000282D219AFC7B7C742B1200007E3400A9
:1001F000019080CC0BEA107E2400352D219AFC7BE7
:100200007C7E3400019080D00BEA107E2400352DD6
:10021000219AFC7B7C742C120000805F742A1200EF
:10022000007E3400019080CA0BEA107E2400282D45
:10023000219AFC7B7C7E3400019080CE0BEA107EFC
:100240002400282D219AFC7B7C742B1200007E3424
:1002500000019080CC0BEA107E2400342D219AFC02
:100260007B7C7E3400019080D00BEA107E24003429
:100270002D219AFC7B7C742C120000229063661B5B
:10028000EA306D336D229080C8E00A1B7E040001C5
:100290009D109080C9E00A0B7E5400019D0512005C
:1002A000236D339063681BEA30802C9063660BEA01
:1002B000209063680BEA103E147E34636A2D317A15
:1002C00071827A61831BEA209063680BEA207E3496
:1002D00000012D321BEA309063680BEA207E340067
:1002E000F0BD2340C66D339063681BEA30802D7EDD
:1002F0001800F0907EE9793E00021BEA207E34006F
:10030000017E14636A7E0400019AFC7BA9906368F5
:100310000BEA207E3400012D321BEA309063680B1B
:10032000EA207E340087BD2340C5AA9083981BEA4B
:10033000309083980BEA309080C61BEA309080C6DC
:100340000BEA301B34680E1B3468181B3468142EFB
:10035000340003781A74879080C8F074F09080C9D4
:10036000F0800C74F09080C8F074879080C9F0AA77
:1003700090831A1BEA209083181BEA309083180B95
:10038000EA309080C21BEA3090831A0BEA309080EA
:10039000C41BEA30AA9081FD1BEA109081FB1BEA86
:1003A000209081F91BEA309080C8E00A2B9081F9F7
:1003B0000BEA30BD32500474018001E47E145C64A9
:1003C0007E0400FE7E3400E19AFDFEB89080C9E014
:1003D0000A2B9081FB0BEA30BD325004740180017E
:1003E000E47E145C647E0400FE7E3400E29AFDFE2E
:1003F000B89081F90BEA309081FB0BEA209081F9EB
:100400000BEA109081FB0BEA001200237E340001FE
:100410009081FD0BEA209AFC7B7CAA9080D6F0901C
:1004200080D41BEA209080D21BEA309080C8E00A7A
:100430002B9080D20BEA30BD32500474018001E46D
:100440007E145C647E0400FE7E3400F59AFDFEB8E6
:100450009080C9E00A2B9080D40BEA30BD32500462
:1004600074018001E47E145C647E0400FE7E34002E
:10047000F69AFDFEB8E49080D7F002052A9080D26B
:100480000BEA309080D7E00A1B9080D40BEA202D35
:10049000219080D20BEA007E1400072D109080D7A7
:1004A000E00A5B9080D40BEA002D051200239080B7
:1004B000D6E01A3B3E343E343E343E349080D7E0A2
:1004C0000A2B2D237E34FECF2D327E2400FF7E1B8F
:1004D000B09080D9F0E49080D8F080379080D9E057
:1004E00030E0107E3400019080C20BEA209AFC7B41
:1004F0007C800E7E3400019080C40BEA209AFC7B45
:100500007C9080D9E01EB0F09080D87EEBA0740182
:100510002CBAF09080D87EEBA07408BCAB40BD90A4
:1005200080D77EEBA074012CBAF09080D77EEBA030
:100530007410BCAB500302047DAA907F371BEA0005
:10054000791E0002907F351BEA20907F331BEA3032
:100550006D33907F3B1BEA309080C8E00A2B907F80
:10056000330BEA30BD32500474018001E47E145C28
:10057000647E0400FE7E3401139AFDFEB89080C9AB
:10058000E00A2B907F350BEA30BD325004740180B5
:1005900001E47E145C647E0400FE7E3401149AFD46
:1005A000FEB88042907F3B0BEA203E243E243E244E
:1005B000907F330BEA302D32907F350BEA20907F0D
:1005C0003B0BEA50907F37691E00020BEA002D15A5
:1005D0007E0BB09AFD041B907F3B0BEA207E34001B
:1005E000012D321BEA30907F3B0BEA10907F376978
:1005F0003E00020BEA202D317E1BB0BEB00078A475
:10060000AA907F85F0907F831BEA20907F811BEA70
:10061000309080C8E00A2B907F810BEA30BD3250C9
:100620000474018001E47E145C647E0400FE7E3468
:10063000012A9AFDFEB89080C9E00A2B907F830BB7
:10064000EA30BD32500474018001E47E145C647EA3
:100650000400FE7E34012B9AFDFEB86CAA907F85C3
:10066000E0BCBA581F907F810BEA30907F830BEA81
:1006700020742D9AFD041B907F85E064FF04907F19
:1006800085F08012907F810BEA30907F830BEA2007
:1006900074209AFD041B907F85E01A3B7E24006441
:1006A0009AFD57877CB7907F86F0907F85E01A3B54
:1006B0007E24000A9AFD57877E24000A9AFD5787F8
:1006C0007CB5907F87F0907F85E01A3B7E24000AFE
:1006D0009AFD57877CB5907F88F0E4907F89F08001
:1006E0004A907F89E00A3B7E2400012D233E243E70
:1006F000243E24907F810BEA302D32907F830BEAD9
:1007000020907F89E00A0B7E147F862D107A31823B
:100710007A2183E00A4B7E5400302D549AFD041B4D
:10072000907F897EEBA074012CBAF0907F897EEBDC
:10073000A07403BCAB40AAAA907F8EF0907F8C1B64
:10074000EA20907F8A1BEA309080C8E00A2B907FD5
:100750008A0BEA30BD32500474018001E47E145CDF
:10076000647E0400FE7E34014D9AFDFEB89080C97F
:10077000E00A2B907F8C0BEA30BD3250047401806C
:1007800001E47E145C647E0400FE7E34014E9AFD1A
:10079000FEB8907F8EE00A5B7E4400648D54907FAB
:1007A0008FF0907F8EE00A3B7E24000A8D327E24FB
:1007B000000A9AFD57877CB5907F90F0907F8EE07D
:1007C0000A3B7E24000A9AFD57877CB5907F91F002
:1007D000E4907F92F08042907F927EEB707408AC40
:1007E000B7907F8A0BEA302D35907F8C0BEA2090F2
:1007F0007F92E00A0B7E147F8F2D107A31827A214E
:1008000083E00A4B7E5400302D549AFD041B907FE8
:10081000927EEBA074012CBAF0907F927EEBA074D4
:1008200003BCAB40B2AA907D9B1BEA10907D991B44
:10083000EA20907D971BEA309080C8E00A2B907DDB
:10084000970BEA30BD32500474018001E47E145CE1
:10085000647E0400FE7E3401699AFDFEB89080C972
:10086000E00A2B907D990BEA30BD32500474018070
:1008700001E47E145C647E0400FE7E34016A9AFD0D
:10088000FEB86D22907D9B0BEA30BD325826907DDC
:10089000970BEA30907D990BEA20742D9AFD041B8A
:1008A000907D9B0BEA306E34FFFF0B34907D9B1BD9
:1008B000EA308012907D970BEA30907D990BEA2008
:1008C00074209AFD041B907D9B0BEA307E24271038
:1008D0009AFD57877CB7907D9DF0907D9B0BEA3009
:1008E0007E2403E89AFD57877E24000A9AFD5787E5
:1008F0007CB5907D9EF0907D9B0BEA307E24006459
:100900009AFD57877E24000A9AFD57877CB5907D13
:100910009FF0907D9B0BEA307E24000A9AFD57875A
:100920007E24000A9AFD57877CB5907DA0F0907DCB
:100930009B0BEA307E24000A9AFD57877CB5907D98
:10094000A1F0E4907DA2F0804A907DA2E00A3B7E77
:100950002400012D233E243E243E24907D970BEA63
:10096000302D32907D990BEA20907DA2E00A0B7E1B
:10097000147D9D2D107A31827A2183E00A4B7E54BA
:1009800000302D549AFD041B907DA27EEBA07401D3
:100990002CBAF0907DA27EEBA07405BCAB40AAAA55
:1009A000907DA71BEA10907DA51BEA20907DA31BDC
:1009B000EA309080C8E00A2B907DA30BEA30BD326C
:1009C000500474018001E47E145C647E0400FE7EA9
:1009D00034018E9AFDFEB89080C9E00A2B907DA567
:1009E0000BEA30BD32500474018001E47E145C6473
:1009F0007E0400FE7E34018F9AFDFEB8907DA70B29
:100A0000EA507E4427108D54907DA9F0907DA70B6D
:100A1000EA307E2403E88D327E24000A8D327CB5D4
:100A2000907DAAF0907DA70BEA307E2400648D3281
:100A30007E24000A8D327CB5907DABF0907DA70BB3
:100A4000EA307E24000A8D327E24000A8D327CB585
:100A5000907DACF0907DA70BEA307E24000A8D32A9
:100A60007CB5907DADF0E4907DAEF08042907DAE9F
:100A70007EEB707408ACB7907DA30BEA302D3590F7
:100A80007DA50BEA20907DAEE00A0B7E147DA92D9A
:100A9000107A31827A2183E00A4B7E5400302D5443
:100AA0009AFD041B907DAE7EEBA074012CBAF090F1
:100AB0007DAE7EEBA07405BCAB40B2AA9073AFF0E4
:100AC0009073AB1BEA00791E00029073A91BEA2009
:100AD0009073A71BEA309080C8E00A2B9073A70B95
:100AE000EA30BD32500474018001E47E145C647EFF
:100AF0000400FE7E3401AF9AFDFEB89080C9E00A82
:100B00002B9073A90BEA30BD32500474018001E4CC
:100B10007E145C647E0400FE7E3401B09AFDFEB853
:100B20009073AF7EEBA0740ABCAB2806740A907376
:100B3000AFF09073AF7EEBA074012CBAF09073AB62
:100B4000693E00020BEA20BE18000058309073ABDB
:100B5000693E00020BEA20906CE8793E00021BEA35
:100B6000207E1473B07E0400017E345C617E24001C
:100B7000FE9AFC681F7CB79073D2F0803F7420907F
:100B800073B0F09073AB693E00020BEA20906CE802
:100B9000793E00021BEA207E1473B17E0400017EC0
:100BA000345C617E2400FE9AFC681F7CB79073D28F
:100BB000F09073D27EEBA074012CBAF080237EA05B
:100BC000209073D2E00A2B7E3473B02D327A71827A
:100BD0007A61837AEBA09073D27EEBA074012CBA79
:100BE000F09073AF7EEBA09073D2E0BCBA40CF6CB4
:100BF000AA9073AFE00A2B7E3473B02D327A7182E3
:100C00007A61837AEBA09073A70BEA309073A90BFB
:100C1000EA207E1473B07E0400019AFD053AAA9082
:100C200071F47AEB309071F3F09071E91BEA209047
:100C300071E71BEA309080C8E00A2B9071E70BEA5D
:100C400030BD32500474018001E47E145C647E0483
:100C500000FE7E3401DA9AFDFEB89080C9E00A2BCE
:100C60009071E90BEA30BD32500474018001E47EDA
:100C7000145C647E0400FE7E3401DB9AFDFEB890B5
:100C800071F47EEBA07406BCAB280674069071F478
:100C9000F09071F37EEBA0740ABCAB2806740A9046
:100CA00071F3F09071EB0BEA80699E000269AE006F
:100CB0000469BE00069F009F119AFD46A828409037
:100CC00071EB0BEA00691E0002692E0004693E0008
:100CD00006906CE41BEA00791E0002792E0004796C
:100CE0003E00067E1471F67E0400017E345C5E7E5A
:100CF0002400FE9AFC681F7CB79071F5F080499043
:100D000071EB0BEA00691E0002692E0004693E00C7
:100D100006906CE41BEA00791E0002792E0004792B
:100D20003E00067E1471F77E0400017E345C5E7E18
:100D30002400FE9AFC681F7CB79071F5F09071F565
:100D40007EEBA074012CBAF09071F5E00A5B7E4452
:100D500000079D5490721AF09071F3E00A4B907264
:100D60001AE01A5B9D547E4400019D54907218F065
:100D70009071F4E00A3B90721AE01A4B2D437E54B6
:100D800000012D54907219F0802E7EA020907219CF
:100D9000E01A2B7E3471F62D327A71827A61837A71
:100DA000EBA09072197EEBA074012CBAF09072182F
:100DB0007EEBA074012CBAF09072187EEBA0E4BC1C
:100DC000AB48C79071EB0BEA80699E000269AE00E8
:100DD0000469BE00069F009F119AFD46A8281A7E4E
:100DE000A02D907218E01A2B7E3471F62D327A7194
:100DF000827A61837AEBA080187EA020907218E03E
:100E00001A2B7E3471F62D327A71827A61837AEBF5
:100E1000A06CAA907219E01A2B7E3471F62D327AEA
:100E200071827A61837AEBA09071E70BEA3090715E
:100E3000E90BEA207E1471F67E0400019AFD053A62
:100E4000AA9076701BEA00791E000290766E1BEA6B
:100E50002090766C1BEA309F1190767C793E0002E0
:100E60001BEA209F11907680793E00021BEA2090B9
:100E700080C8E00A2B90766C0BEA30BD32500474C7
:100E8000018001E47E145C647E0400FE7E34020A6C
:100E90009AFDFEB89080C9E00A2B90766E0BEA307E
:100EA000BD32500474018001E47E145C647E040051
:100EB000FE7E34020B9AFDFEB890766C0BEA309001
:100EC000766E0BEA209076780BEA0090766C0BEA4F
:100ED000102D107E0400019D1090767A0BEA509040
:100EE000766E0BEA002D057E5400019D051200234D
:100EF0009F1190767C793E00021BEA2080609F1152
:100F0000907680793E00021BEA2080257E34000125
:100F10009080C40BEA209AFC7B7C907680691E004E
:100F2000020BEA007E1800012F10793E00021BEA36
:100F3000209076780BEA106D00907680693E000272
:100F40000BEA20BF1040C590767C691E00020BEAB8
:100F5000007E1800012F10793E00021BEA209076D7
:100F60007A0BEA106D0090767C693E00020BEA2055
:100F7000BF10408A9F1190767C793E00021BEA20C8
:100F80000210419076740BEA1090767C693E000264
:100F90000BEA209AFD57CA9076780BEA109AFD5713
:100FA000D3907684793E00021BEA20907684693ED5
:100FB00000020BEA207D13907670693E00020BEA76
:100FC000202D317E1B700A2790767A0BEA307E1432
:100FD00000019D31AD329076760BEA208D326D2284
:100FE000907688793E00021BEA2090767C693E006C
:100FF000020BEA207D2390766C0BEA302D3290763E
:101000007A0BEA107E2400019D126D0090768869AB
:101010005E00020BEA409F0290766E0BEA202D21C3
:101020009080C20BEA109AFD039590767C691E00B1
:10103000020BEA007E1800012F10793E00021BEA25
:10104000209076780BEA106D0090767C693E000265
:101050000BEA20BF105003020F83AA905F74F09038
:101060005F681BEA00791E0002905F661BEA209011
:101070005F641BEA309F11905F75793E00021BEAA6
:10108000209F11905F79793E00021BEA209080C872
:10109000E00A2B905F640BEA30BD3250047401808B
:1010A00001E47E145C647E0400FE7E3402389AFD06
:1010B000FEB89080C9E00A2B905F660BEA30BD3223
:1010C000500474018001E47E145C647E0400FE7EA2
:1010D0003402399AFDFEB8905F68693E00020BEA5F
:1010E000204D23680474018001E47E145C647E0456
:1010F00000FE7E34023A9AFDFEB8C3C2B5905F642A
:101100000BEA30905F660BEA20905F700BEA00906C
:101110005F640BEA102D107E0400019D10905F7239
:101120000BEA50905F660BEA002D057E5400019D8E
:10113000051200239F11905F79793E00021BEA207F
:10114000021310905F6E0BEA10905F79693E000207
:101150000BEA209AFD57CA905F720BEA109AFD576E
:10116000D3905F6C0BEA109AFD57CA7D13905F68AD
:10117000693E00020BEA202D31906161793E000248
:101180001BEA209F11905F75793E00021BEA200246
:1011900012BE905F6C0BEA10905F75693E00020B07
:1011A000EA209AFD57CA905F700BEA109AFD57D358
:1011B0007D13906161693E00020BEA202D317E1B98
:1011C000700A37905F7F1BEA30905F74E0BEB0001A
:1011D0006803021259905F7F0BEA201E241E241E12
:1011E000247E34001F5D327C676C773E343E343E93
:1011F00034905F7D1BEA30905F7F0BEA301E341E17
:10120000347E24003F5D2374053E241478FB905FF8
:101210007D0BEA304D321BEA30905F7F0BEA301EC7
:10122000341E341E347E24001F5D23905F7D0BEA44
:10123000304D321BEA30905F7D0BEA20905F75697C
:101240001E00020BEA003E147E345F812D317A715C
:10125000827A61831BEA20804E905F74E00A2B90B3
:101260005F7F0BEA30BD32501F6D22905F75691EA3
:1012700000020BEA003E147E345F812D317A7182C8
:101280007A61831BEA20801F7E24FFFF905F7569CF
:101290001E00020BEA003E147E345F812D317A710C
:1012A000827A61831BEA20905F75691E00020BEA57
:1012B000007E1800012F10793E00021BEA20905F8B
:1012C000700BEA106D00905F75693E00020BEA201A
:1012D000BF105003021192905F700BEA306D2290A4
:1012E0007EE9793E00021BEA207E3400017E145F15
:1012F000817E0400019AFC7BA9905F79691E00023F
:101300000BEA007E1800012F10793E00021BEA2034
:10131000905F720BEA106D00905F79693E00020BDE
:10132000EA20BF105003021143D3D2B5AA907869C6
:101330001BEA00791E0002907868F09078661BEA3C
:10134000209078641BEA309080C8E00A2B90786483
:101350000BEA30BD32500474018001E47E145C64F9
:101360007E0400FE7E34026D9AFDFEB89080C9E0D6
:101370000A2B9078660BEA30BD325004740180016C
:10138000E47E145C647E0400FE7E34026E9AFDFEF0
:10139000B8907868E00A5B1E541E541E549078780A
:1013A000F09078640BEA309078660BEA20907868C9
:1013B000E090786D7EEB10AC1B7E1400019D0190D7
:1013C00078640BEA102D10907868E00A5B907866DC
:1013D0000BEA002D057E5400019D051200236D339C
:1013E0009078701BEA3002151D90786DE090787748
:1013F000F0907878E00A1B9078700BEA00AD1090BE
:101400007869693E00020BEA202D31907879793EA7
:1014100000021BEA200214F86D339078741BEA3046
:101420000214BB7E3400089078721BEA30805E9014
:1014300078720BEA507E4400019D54907879693EA1
:1014400000020BEA207E1BA060051EA01478FB742E
:10145000015CBA907876F0907876E0BEB0006810C3
:101460007E34000190786E0BEA209AFC7B7C800E23
:101470007E3400019080C40BEA209AFC7B7C90783B
:10148000720BEA307E2400019D321BEA306D2290FF
:1014900078720BEA30BD321896907879693E000276
:1014A0000BEA200B34793E00021BEA209078740B83
:1014B000EA207E3400012D321BEA30907878E00A71
:1014C0002B9078740BEA30BD3258030214239078C5
:1014D00068E09078787EEB30AC3B907879693E009C
:1014E000020BEA20907878E00A0B9D302D3190783D
:1014F00079793E00021BEA209078777EEBA07E701F
:10150000017CBA9CB7F0BEA0006803021418907862
:10151000700BEA207E3400012D321BEA309078688F
:10152000E00A2B9078700BEA30BD3258030213E9C1
:10153000AA7E34139390796D1BEA307E3413919018
:10154000796F1BEA307E34FFFF9079711BEA307EA1
:1015500034FFFF9079731BEA307E3400016D227EE8
:10156000146C007E0402DC9AFC80167E3400817EBE
:10157000240001E47E1400109AFD429C7E34008019
:101580007E240001E47E1400109AFD429C7E34000B
:10159000457E240001E47E1400109AFD429C7E34B6
:1015A00000927E24000174017E1400109AFD429C7A
:1015B0009080C60BEA309AFD032B9080C20BEA3074
:1015C0009080C40BEA209AFD0370C3C2F87E140316
:1015D000E89082A4693E00020BEA209AFD57D37E70
:1015E0001400C89AFD57CA9AFE253FD3D2F87E143C
:1015F00003E89082A4693E00020BEA209AFD57D3CB
:101600007E1400649AFD57CA9AFE253F7436120074
:10161000007E1403E89082A4693E00020BEA209A3F
:10162000FD57D37E1400649AFD57CA9AFE253F6D7C
:10163000229080C60BEA30BD32780B7E340001E484
:101640009AFC7B18803E9080C60BEA207E34000115
:10165000BD23780C7E34000174C09AFC7B18802472
:101660009080C60BEA207E340002BD23780C7E34C5
:10167000000174709AFC7B18800A7E34000174A00B
:101680009AFC7B18743A1200007E34000174059AAB
:10169000FC7B1874B21200007E340001740C9AFCBA
:1016A0007B187E340001740C9AFC7B187E34000198
:1016B000E49AFC7B187E34000174339AFC7B187E1C
:1016C00034000174339AFC7B1874B71200007E3426
:1016D000000174359AFC7B1874BB1200007E340044
:1016E0000174379AFC7B1874C01200007E3400012C
:1016F000742C9AFC7B1874C21200007E34000174B2
:10170000019AFC7B1874C31200007E34000174122D
:101710009AFC7B1874C41200007E34000174209A75
:10172000FC7B1874C61200007E340001740F9AFC12
:101730007B1874D01200007E34000174A49AFC7BE4
:10174000187E34000174A19AFC7B1874E01200002A
:101750007E34000174D09AFC7B187E34000174043E
:101760009AFC7B187E340001740D9AFC7B187E3441
:10177000000174119AFC7B187E34000174139AFCEA
:101780007B187E340001742B9AFC7B187E34000198
:10179000743F9AFC7B187E34000174549AFC7B18C9
:1017A0007E340001744C9AFC7B187E34000174185E
:1017B0009AFC7B187E340001740D9AFC7B187E34F1
:1017C0000001740B9AFC7B187E340001741F9AFC94
:1017D0007B187E34000174239AFC7B1874E112009C
:1017E000007E34000174D09AFC7B187E34000174B2
:1017F000049AFC7B187E340001740C9AFC7B187EE2
:1018000034000174119AFC7B187E34000174139A21
:10181000FC7B187E340001742C9AFC7B187E34000B
:1018200001743F9AFC7B187E34000174449AFC7B5F
:10183000187E34000174519AFC7B187E34000174C8
:101840002F9AFC7B187E340001741F9AFC7B187E53
:10185000340001741F9AFC7B187E34000174209AB6
:10186000FC7B187E34000174239AFC7B18742112CF
:10187000000074111200007E1403E89082A4693EF7
:1018800000020BEA209AFD57D37E1400789AFD5788
:10189000CA9AFE253F74291200009080C40BEA30DA
:1018A0009AFD027CAA9083C2F0D3D2B5C3C2B5C35D
:1018B000C2F97E3400019083C2E09AFC7B18D3D237
:1018C000B5D3D2F9C3C2B5229080E81BEA0090805C
:1018D000E61BEA109080E41BEA209080E21BEA30CD
:1018E0009080E0E00A2B9080E20BEA30BD32500499
:1018F00074018001E47E145C977E0400FE7E340057
:101900006A9AFDFEB89080E1E00A2B9080E40BEA31
:1019100030BD32500474018001E47E145C977E0473
:1019200000FE7E34006B9AFDFEB89080E0E00A2B4A
:101930009080E60BEA30BD32500474018001E47EF1
:10194000145C977E0400FE7E34006C9AFDFEB89015
:1019500080E1E00A2B9080E80BEA30BD325004743D
:10196000018001E47E145C977E0400FE7E34006DED
:101970009AFDFEB86D229080DE0BEA30BD32680E13
:101980009080DE0BEA207E340001BD23785C742A4F
:101990001218A57E3400019080E20BEA107E24002C
:1019A000022D219AFC7B7C7E3400019080E60BEABC
:1019B000107E2400022D219AFC7B7C742B1218A52A
:1019C0007E3400019080E40BEA107E2400012D217A
:1019D0009AFC7B7C7E3400019080E80BEA107E2428
:1019E00000012D219AFC7B7C805A742A1218A57E56
:1019F0003400019080E20BEA107E2400012D219A30
:101A0000FC7B7C7E3400019080E60BEA107E240093
:101A1000012D219AFC7B7C742B1218A57E340001C9
:101A20009080E40BEA107E2400022D219AFC7B7C3E
:101A30007E3400019080E80BEA107E2400022D2104
:101A40009AFC7B7C742C1218A52290688F1BEA30BC
:101A50006D336D229080E0E00A1B7E0400019D1032
:101A60009080E1E00A0B7E5400019D051218C86DBC
:101A7000339068911BEA30802C90688F0BEA20909D
:101A800068910BEA103E147E3468932D317A71828E
:101A90007A61831BEA209068910BEA207E34000172
:101AA0002D321BEA309068910BEA207E3400A0BDF5
:101AB0002340C66D339068911BEA30802D7E18005C
:101AC000A0907EE9793E00021BEA207E3400017E70
:101AD0001468937E0400019AFC7BA99068910BEA3C
:101AE000207E3400012D321BEA309068910BEA20F1
:101AF0007E340080BD2340C5AA90839A1BEA3090B3
:101B0000839A0BEA309080DE1BEA3090839A0BEACE
:101B1000207E340002BD23580E74809080E0F07463
:101B2000A09080E1F0800C74A09080E0F074809030
:101B300080E1F0AA90831E1BEA2090831C1BEA30F0
:101B400090831C0BEA309080DA1BEA3090831E0BE6
:101B5000EA309080DC1BEA30AA9082031BEA1090E6
:101B600082011BEA209081FF1BEA309080E0E00AAE
:101B70002B9081FF0BEA30BD32500474018001E4E8
:101B80007E145C977E0400FE7E3400CA9AFDFEB887
:101B90009080E1E00A2B9082010BEA30BD325004C4
:101BA00074018001E47E145C977E0400FE7E3400A4
:101BB000CB9AFDFEB89081FF0BEA309082010BEAD0
:101BC000209081FF0BEA109082010BEA001218C8E6
:101BD0007E3400019082030BEA209AFC7B7CAA9061
:101BE00080EEF09080EC1BEA209080EA1BEA3090B7
:101BF00080E0E00A2B9080EA0BEA30BD325004749A
:101C0000018001E47E145C977E0400FE7E3400DED9
:101C10009AFDFEB89080E1E00A2B9080EC0BEA3050
:101C2000BD32500474018001E47E145C977E040090
:101C3000FE7E3400DF9AFDFEB8E49080EFF0021CD7
:101C4000EE9080EA0BEA309080EFE00A1B9080EC87
:101C50000BEA202D219080EA0BEA007E1400072D6C
:101C6000109080EFE00A5B9080EC0BEA002D0512EB
:101C700018C89080EEE01A3B3E343E343E343E3489
:101C80009080EFE00A2B2D237E34FECF2D327E2470
:101C900000FF7E1BB09080F1F0E49080F0F0803780
:101CA0009080F1E030E0107E3400019080DA0BEAA1
:101CB000209AFC7B7C800E7E3400019080DC0BEA55
:101CC000209AFC7B7C9080F1E01EB0F09080F07E4A
:101CD000EBA074012CBAF09080F07EEBA07408BCED
:101CE000AB40BD9080EF7EEBA074012CBAF09080E9
:101CF000EF7EEBA07410BCAB5003021C41AA907F96
:101D0000411BEA00791E0002907F3F1BEA20907F72
:101D10003D1BEA306D33907F451BEA309080E0E058
:101D20000A2B907F3D0BEA30BD32500474018001D4
:101D3000E47E145C977E0400FE7E3400FC9AFDFE77
:101D4000B89080E1E00A2B907F3F0BEA30BD325023
:101D50000474018001E47E145C977E0400FE7E34EE
:101D600000FD9AFDFEB88042907F450BEA203E249C
:101D70003E243E24907F3D0BEA302D32907F3F0B76
:101D8000EA20907F450BEA50907F41691E00020BCC
:101D9000EA002D157E0BB09AFD1BDF907F450BEA04
:101DA000207E3400012D321BEA30907F450BEA1073
:101DB000907F41693E00020BEA202D317E1BB0BEB0
:101DC000B00078A4AA907F97F0907F951BEA2090AE
:101DD0007F931BEA309080E0E00A2B907F930BEA20
:101DE00030BD32500474018001E47E145C977E049F
:101DF00000FE7E3401149AFDFEB89080E1E00A2BCB
:101E0000907F950BEA30BD32500474018001E47E6E
:101E1000145C977E0400FE7E3401159AFDFEB86CBA
:101E2000AA907F97E0BCBA581F907F930BEA30903E
:101E30007F950BEA20742D9AFD1BDF907F97E0645D
:101E4000FF04907F97F08012907F930BEA30907F91
:101E5000950BEA2074209AFD1BDF907F97E01A3BD8
:101E60007E2400649AFD57877CB7907F98F0907F1E
:101E700097E01A3B7E24000A9AFD57877E24000AC9
:101E80009AFD57877CB5907F99F0907F97E01A3B39
:101E90007E24000A9AFD57877CB5907F9AF0E490E3
:101EA0007F9BF0804A907F9BE00A3B7E2400012DBF
:101EB000233E243E243E24907F930BEA302D329023
:101EC0007F950BEA20907F9BE00A0B7E147F982D74
:101ED000107A31827A2183E00A4B7E5400302D54EF
:101EE0009AFD1BDF907F9B7EEBA074012CBAF090D3
:101EF0007F9B7EEBA07403BCAB40AAAA907FA0F0AE
:101F0000907F9E1BEA20907F9C1BEA309080E0E04F
:101F10000A2B907F9C0BEA30BD3250047401800183
:101F2000E47E145C977E0400FE7E3401389AFDFE48
:101F3000B89080E1E00A2B907F9E0BEA30BD3250D2
:101F40000474018001E47E145C977E0400FE7E34FC
:101F500001399AFDFEB8907FA0E00A5B7E440064E0
:101F60008D54907FA1F0907FA0E00A3B7E24000A70
:101F70008D327E24000A9AFD57877CB5907FA2F0AF
:101F8000907FA0E00A3B7E24000A9AFD57877CB52B
:101F9000907FA3F0E4907FA4F08042907FA47EEB3A
:101FA000707408ACB7907F9C0BEA302D35907F9E03
:101FB0000BEA20907FA4E00A0B7E147FA12D107AFB
:101FC00031827A2183E00A4B7E5400302D549AFDF1
:101FD0001BDF907FA47EEBA074012CBAF0907FA44D
:101FE0007EEBA07403BCAB40B2AA907DB31BEA1099
:101FF000907DB11BEA20907DAF1BEA309080E0E03D
:102000000A2B907DAF0BEA30BD3250047401800181
:10201000E47E145C977E0400FE7E3401549AFDFE3B
:10202000B89080E1E00A2B907DB10BEA30BD3250D0
:102030000474018001E47E145C977E0400FE7E340B
:1020400001559AFDFEB86D22907DB30BEA30BD328A
:102050005826907DAF0BEA30907DB10BEA20742DAD
:102060009AFD1BDF907DB30BEA306E34FFFF0B341B
:10207000907DB31BEA308012907DAF0BEA30907DEB
:10208000B10BEA2074209AFD1BDF907DB30BEA3080
:102090007E2427109AFD57877CB7907DB5F0907D00
:1020A000B30BEA307E2403E89AFD57877E24000AAA
:1020B0009AFD57877CB5907DB6F0907DB30BEA30E2
:1020C0007E2400649AFD57877E24000A9AFD578774
:1020D0007CB5907DB7F0907DB30BEA307E24000A8A
:1020E0009AFD57877E24000A9AFD57877CB5907D1C
:1020F000B8F0907DB30BEA307E24000A9AFD578732
:102100007CB5907DB9F0E4907DBAF0804A907DBABC
:10211000E00A3B7E2400012D233E243E243E2490F1
:102120007DAF0BEA302D32907DB10BEA20907DBA65
:10213000E00A0B7E147DB52D107A31827A2183E07E
:102140000A4B7E5400302D549AFD1BDF907DBA7EE1
:10215000EBA074012CBAF0907DBA7EEBA07405BCA4
:10216000AB40AAAA907DBF1BEA10907DBD1BEA2060
:10217000907DBB1BEA309080E0E00A2B907DBB0B8A
:10218000EA30BD32500474018001E47E145C977E15
:102190000400FE7E3401799AFDFEB89080E1E00AE9
:1021A0002B907DBD0BEA30BD32500474018001E4F8
:1021B0007E145C977E0400FE7E34017A9AFDFEB8A0
:1021C000907DBF0BEA507E4427108D54907DC1F066
:1021D000907DBF0BEA307E2403E88D327E24000A16
:1021E0008D327CB5907DC2F0907DBF0BEA307E24AD
:1021F00000648D327E24000A8D327CB5907DC3F060
:10220000907DBF0BEA307E24000A8D327E24000AC6
:102210008D327CB5907DC4F0907DBF0BEA307E247A
:10222000000A8D327CB5907DC5F0E4907DC6F080CB
:1022300042907DC67EEB707408ACB7907DBB0BEA14
:10224000302D35907DBD0BEA20907DC6E00A0B7ED7
:10225000147DC12D107A31827A2183E00A4B7E549D
:1022600000302D549AFD1BDF907DC67EEBA07401DB
:102270002CBAF0907DC67EEBA07405BCAB40B2AA30
:102280009073DBF09073D71BEA00791E0002907305
:10229000D51BEA209073D31BEA309080E0E00A2B34
:1022A0009073D30BEA30BD32500474018001E47E98
:1022B000145C977E0400FE7E3401999AFDFEB8906E
:1022C00080E1E00A2B9073D50BEA30BD32500474E4
:1022D000018001E47E145C977E0400FE7E34019A46
:1022E0009AFDFEB89073DB7EEBA0740ABCAB2806A7
:1022F000740A9073DBF09073DB7EEBA074012CBA50
:10230000F09073D7693E00020BEA20BE1800005817
:10231000309073D7693E00020BEA20906CE8793E5A
:1023200000021BEA207E1473DC7E0400017E345C14
:10233000947E2400FE9AFC681F7CB79073FEF080A8
:102340003F74209073DCF09073D7693E00020BEA73
:1023500020906CE8793E00021BEA207E1473DD7E3B
:102360000400017E345C947E2400FE9AFC681F7C8D
:10237000B79073FEF09073FE7EEBA074012CBAF060
:1023800080237EA0209073FEE00A2B7E3473DC2D28
:10239000327A71827A61837AEBA09073FE7EEBA031
:1023A00074012CBAF09073DB7EEBA09073FEE0BC5E
:1023B000BA40CF6CAA9073DBE00A2B7E3473DC2D1D
:1023C000327A71827A61837AEBA09073D30BEA3010
:1023D0009073D50BEA207E1473DC7E0400019AFD15
:1023E0001CFEAA9072287AEB30907227F090721D32
:1023F0001BEA2090721B1BEA309080E0E00A2B90D1
:10240000721B0BEA30BD32500474018001E47E146B
:102410005C977E0400FE7E3401C49AFDFEB8908075
:10242000E1E00A2B90721D0BEA30BD3250047401BA
:102430008001E47E145C977E0400FE7E3401C59A20
:10244000FDFEB89072287EEBA07406BCAB28067423
:1024500006907228F09072277EEBA0740ABCAB281D
:1024600006740A907227F090721F0BEA80699E0032
:102470000269AE000469BE00069F009F119AFD46E6
:10248000A8284090721F0BEA00691E0002692E0006
:1024900004693E0006906CE41BEA00791E00027994
:1024A0002E0004793E00067E14722A7E0400017E0E
:1024B000345C917E2400FE9AFC681F7CB7907229E0
:1024C000F0804990721F0BEA00691E0002692E001D
:1024D00004693E0006906CE41BEA00791E00027954
:1024E0002E0004793E00067E14722B7E0400017ECD
:1024F000345C917E2400FE9AFC681F7CB7907229A0
:10250000F09072297EEBA074012CBAF0907229E051
:102510000A5B7E4400079D5490724EF0907227E053
:102520000A4B90724EE01A5B9D547E4400019D540C
:1025300090724CF0907228E00A3B90724EE01A4B79
:102540002D437E5400012D5490724DF0802E7EA0BC
:102550002090724DE01A2B7E34722A2D327A7182CD
:102560007A61837AEBA090724D7EEBA074012CBA55
:10257000F090724C7EEBA074012CBAF090724C7EFD
:10258000EBA0E4BCAB48C790721F0BEA80699E00C9
:102590000269AE000469BE00069F009F119AFD46C5
:1025A000A8281A7EA02D90724CE01A2B7E34722A35
:1025B0002D327A71827A61837AEBA080187EA02016
:1025C00090724CE01A2B7E34722A2D327A71827A04
:1025D00061837AEBA06CAA90724DE01A2B7E347264
:1025E0002A2D327A71827A61837AEBA090721B0B6A
:1025F000EA3090721D0BEA207E14722A7E040001DC
:102600009AFD1CFEAA90673EF09067321BEA0079A3
:102610001E00029067301BEA2090672E1BEA309F55
:102620001190673F793E00021BEA209F119067439B
:10263000793E00021BEA209080E0E00A2B90672E92
:102640000BEA30BD32500474018001E47E145C97C3
:102650007E0400FE7E3401FC9AFDFEB89080E1E02D
:102660000A2B9067300BEA30BD32500474018001B0
:10267000E47E145C977E0400FE7E3401FD9AFDFE2C
:10268000B8906732693E00020BEA204D236804745B
:10269000018001E47E145C977E0400FE7E3401FE1E
:1026A0009AFDFEB8C3C2B590672E0BEA3090673032
:1026B0000BEA2090673A0BEA0090672E0BEA102D88
:1026C000107E0400019D1090673C0BEA509067302B
:1026D0000BEA002D057E5400019D051218C89F11BC
:1026E000906743793E00021BEA200228BA906738BF
:1026F0000BEA10906743693E00020BEA209AFD57EF
:10270000CA90673C0BEA109AFD57D39067360BEAE4
:10271000109AFD57CA7D13906732693E00020BEA9A
:10272000202D3190688B793E00021BEA209F11908A
:10273000673F793E00021BEA200228689067360B4B
:10274000EA1090673F693E00020BEA209AFD57CAE3
:1027500090673A0BEA109AFD57D37D1390688B6906
:102760003E00020BEA202D317E1B700A379067492C
:102770001BEA3090673EE0BEB00068030228039079
:1027800067490BEA201E241E241E247E34001F5D90
:10279000327C676C773E343E343E349067471BEAA8
:1027A000309067490BEA301E341E347E24003F5DB2
:1027B0002374053E241478FB9067470BEA304D32B2
:1027C0001BEA309067490BEA301E341E341E347EFB
:1027D00024001F5D239067470BEA304D321BEA301F
:1027E0009067470BEA2090673F691E00020BEA00E2
:1027F0003E147E34674B2D317A71827A61831BEAF5
:1028000020804E90673EE00A2B9067490BEA30BD6E
:1028100032501F6D2290673F691E00020BEA003E96
:10282000147E34674B2D317A71827A61831BEA20E2
:10283000801F7E24FFFF90673F691E00020BEA00A5
:102840003E147E34674B2D317A71827A61831BEAA4
:102850002090673F691E00020BEA007E1800012FDE
:1028600010793E00021BEA2090673A0BEA106D00D7
:1028700090673F693E00020BEA20BF105003022719
:102880003C90673A0BEA306D22907EE9793E000277
:102890001BEA207E3400017E14674B7E0400019AFF
:1028A000FC7BA9906743691E00020BEA007E1800BA
:1028B000012F10793E00021BEA2090673C0BEA10C2
:1028C0006D00906743693E00020BEA20BF10500381
:1028D0000226EDD3D2B5AA9076901BEA00791E00AD
:1028E0000290768E1BEA2090768C1BEA309F119026
:1028F000769C793E00021BEA209F119076A0793EDB
:1029000000021BEA209080E0E00A2B90768C0BEA14
:1029100030BD32500474018001E47E145C977E0463
:1029200000FE7E3402309AFDFEB89080E1E00A2B72
:1029300090768E0BEA30BD32500474018001E47E43
:10294000145C977E0400FE7E3402319AFDFEB8903E
:10295000768C0BEA3090768E0BEA209076980BEA14
:102960000090768C0BEA102D107E0400019D1090D3
:10297000769A0BEA5090768E0BEA002D057E540075
:10298000019D051218C89F1190769C793E00021B8C
:10299000EA2080609F119076A0793E00021BEA2019
:1029A00080257E3400019080DC0BEA209AFC7B7C41
:1029B0009076A0691E00020BEA007E1800012F101D
:1029C000793E00021BEA209076980BEA106D009089
:1029D00076A0693E00020BEA20BF1040C590769CAD
:1029E000691E00020BEA007E1800012F10793E00DC
:1029F000021BEA2090769A0BEA106D0090769C6993
:102A00003E00020BEA20BF10408A9F1190769C790D
:102A10003E00021BEA20022AD79076940BEA10901F
:102A2000769C693E00020BEA209AFD57CA90769880
:102A30000BEA109AFD57D39076A4793E00021BEA68
:102A4000209076A4693E00020BEA207D13907690D8
:102A5000693E00020BEA202D317E1B700A2790761A
:102A60009A0BEA307E1400019D31AD329076960BC0
:102A7000EA208D326D229076A8793E00021BEA2072
:102A800090769C693E00020BEA207D2390768C0BA9
:102A9000EA302D3290769A0BEA107E2400019D12C6
:102AA0006D009076A8695E00020BEA409F02907666
:102AB0008E0BEA202D219080DA0BEA109AFD1B592B
:102AC00090769C691E00020BEA007E1800012F1010
:102AD000793E00021BEA209076980BEA106D009078
:102AE000769C693E00020BEA20BF105003022A19AF
:102AF000AA7E34139390796D1BEA307E3413919043
:102B0000796F1BEA307E34FFFF9079711BEA307ECB
:102B100034FFFF9079731BEA307E3400016D227E12
:102B2000146C007E0402DC9AFC80167E3400817EE8
:102B3000240001E47E1400109AFD429C7E34008043
:102B40007E240001E47E1400109AFD429C7E340035
:102B5000457E240001E47E1400109AFD429C7E34E0
:102B600000927E24000174017E1400109AFD429CA4
:102B70009080DE0BEA309AFD1AF99080DA0BEA3089
:102B80009080DC0BEA209AFD1B34C3C2F87E14034C
:102B9000E89082A4693E00020BEA209AFD57D37E9A
:102BA00014000A9AFD57CA9AFE253FD3D2F87E1424
:102BB00003E89082A4693E00020BEA209AFD57D3F5
:102BC0007E1400789AFD57CA9AFE253F7411121898
:102BD000A57E1403E89082A4693E00020BEA209AC5
:102BE000FD57D37E1400789AFD57CA9AFE253F748C
:102BF000B11218A57E34000174019AFC7B187E3452
:102C00000001742C9AFC7B187E340001742D9AFC10
:102C10007B1874B21218A57E34000174019AFC7BF3
:102C2000187E340001742C9AFC7B187E34000174E9
:102C30002D9AFC7B1874B31218A57E340001740120
:102C40009AFC7B187E340001742C9AFC7B187E342D
:102C50000001742D9AFC7B187E34000174019AFCEB
:102C60007B187E340001742C9AFC7B187E340001A2
:102C7000742D9AFC7B1874B41218A57E340001746C
:102C8000079AFC7B1874C01218A57E34000174A248
:102C90009AFC7B187E34000174029AFC7B187E3407
:102CA000000174849AFC7B1874C11218A57E34004C
:102CB0000174C59AFC7B1874C21218A57E340001F9
:102CC000740A9AFC7B187E340001E49AFC7B187429
:102CD000C31218A57E340001748A9AFC7B187E34D6
:102CE0000001742A9AFC7B1874C41218A57E340063
:102CF00001748A9AFC7B187E34000174EE9AFC7B86
:102D00001874C51218A57E340001740E9AFC7B1845
:102D100074361218A59080DE0BEA301B34681A1B3B
:102D20003468211B3468292E340003782D7E34004A
:102D30000174C09AFC7B1880217E340001E49AFC67
:102D40007B1880167E34000174A09AFC7B18800AE0
:102D50007E34000174609AFC7B1874E01218A57E22
:102D6000340001740F9AFC7B187E340001741A9AA7
:102D7000FC7B187E340001740F9AFC7B187E3400B3
:102D80000174189AFC7B187E340001742F9AFC7B26
:102D9000187E34000174289AFC7B187E340001747C
:102DA000209AFC7B187E34000174229AFC7B187EEA
:102DB000340001741F9AFC7B187E340001741B9A46
:102DC000FC7B187E34000174239AFC7B187E34004F
:102DD0000174379AFC7B187E340001E49AFC7B185E
:102DE0007E34000174079AFC7B187E340001740263
:102DF0009AFC7B187E34000174109AFC7B1874E1F5
:102E00001218A57E340001740F9AFC7B187E3400E2
:102E100001741B9AFC7B187E340001740F9AFC7BB2
:102E2000187E34000174179AFC7B187E34000174FC
:102E3000339AFC7B187E340001742C9AFC7B187E3C
:102E400034000174299AFC7B187E340001742E9A98
:102E5000FC7B187E34000174309AFC7B187E3400B1
:102E60000174309AFC7B187E34000174399AFC7B23
:102E7000187E340001743F9AFC7B187E340001E414
:102E80009AFC7B187E34000174079AFC7B187E3410
:102E9000000174039AFC7B187E34000174109AFCC4
:102EA0007B18742A1218A57E340001E49AFC7B1862
:102EB0007E34000174029AFC7B187E340001E49A8F
:102EC000FC7B187E34000174829AFC7B18742B12F0
:102ED00018A57E340001E49AFC7B187E340001744E
:102EE000039AFC7B187E340001E49AFC7B187E3444
:102EF000000174839AFC7B1874F01218A57E3400CC
:102F00000174019AFC7B1874F61218A57E34000136
:102F1000E49AFC7B18743A1218A57E3400017405FB
:102F20009AFC7B1874291218A59080DC0BEA309A61
:102F3000FD1A4AAA9082C81BEA309082C80BEA5058
:102F40007CAB740F5CBA9082CAF09082C80BEA50D6
:102F50007CAB74F05CBA9082CBF09082CBE024E042
:102F6000687824F0780302300524F07803023030CA
:102F700024F0780302305B24F0780302308624F0DA
:102F800078030230B124F078030230DC24F07803B7
:102F900002310724F0780302314E24F07803023125
:102FA0009524F078030231DB24B0680302321F90CD
:102FB00082CAE07E34000160053E341478FB7CB7A1
:102FC00064FF52939082CAE07E34000160053E3473
:102FD0001478FB7CB7429402321F9082CAE07E34A0
:102FE000000160053E341478FB7CB764FF52919079
:102FF00082CAE07E34000160053E341478FB7CB761
:10300000429202321F9082CAE07E34000160053E87
:10301000341478FB7CB764FF52959082CAE07E340A
:10302000000160053E341478FB7CB7429602321FE3
:103030009082CAE07E34000160053E341478FB7C47
:10304000B764FF52B19082CAE07E34000160053E51
:10305000341478FB7CB742B202321F9082CAE07E01
:1030600034000160053E341478FB7CB764FF52B332
:103070009082CAE07E34000160053E341478FB7C07
:10308000B742B402321F9082CAE07E34000160056C
:103090003E341478FB7CB764FF52C99082CAE07E4C
:1030A00034000160053E341478FB7CB742CA02321A
:1030B0001F9082CAE07E34000160053E341478FB24
:1030C0007CB764FF52CB9082CAE07E340001600579
:1030D0003E341478FB7CB742CC02321F9082CAE0A7
:1030E0007E34000160053E341478FB7CB764FF52E7
:1030F000E19082CAE07E34000160053E341478FB22
:103100007CB742E202321F9082CAE07E3400016046
:10311000053E341478FB7CB764FF7E14F7187E04F8
:10312000007E7E0B705C7B7A0B709082CAE07E34EE
:10313000000160053E341478FB7C677E14F7107E36
:1031400004007E7E0B704C767A0B7002321F9082E8
:10315000CAE07E34000160053E341478FB7CB7641D
:10316000FF7E14F7197E04007E7E0B705C7B7A0B69
:10317000709082CAE07E34000160053E341478FB12
:103180007C677E14F7117E04007E7E0B704C767A8D
:103190000B7002321F9082CAE07E34000160053E4F
:1031A000341478FB7CB764FF7E14F71A7E04007E2B
:1031B0007E0B705C7B7A0B709082CAE07E340001DB
:1031C00060053E341478FB7C677E14F7127E0400A1
:1031D0007E7E0B704C767A0B7080449082CAE07EC3
:1031E00034000160053E341478FB7CB764FF7E1424
:1031F000F71B7E04007E7E0B705C7B7A0B709082E6
:10320000CAE07E34000160053E341478FB7C677EA2
:1032100014F7137E04007E7E0B704C767A0B7022BE
:103220009082CC1BEA309082CC0BEA507CAB740FBE
:103230005CBA9082CEF09082CC0BEA507CAB74F0FA
:103240005CBA9082CFF09082CFE024E0687624F0E0
:1032500078030232ED24F0780302331624F0780369
:1032600002333F24F0780302336824F078030233FA
:103270009124F078030233BA24F078030233E32474
:10328000F0780302342824F0780302346D24F078B7
:10329000030234B124B068030234F39082CEE07E9E
:1032A00034000160053E341478FB7CB74293908271
:1032B000CEE07E34000160053E341478FB7CB742DA
:1032C000940234F39082CEE07E34000160053E34F7
:1032D0001478FB7CB742919082CEE07E340001608E
:1032E000053E341478FB7CB742920234F39082CED0
:1032F000E07E34000160053E341478FB7CB74295D3
:103300009082CEE07E34000160053E341478FB7C70
:10331000B742960234F39082CEE07E34000160051D
:103320003E341478FB7CB742B19082CEE07E34000C
:103330000160053E341478FB7CB742B20234F3904E
:1033400082CEE07E34000160053E341478FB7CB709
:1033500042B39082CEE07E34000160053E341478A2
:10336000FB7CB742B40234F39082CEE07E3400019D
:1033700060053E341478FB7CB742C99082CEE07E73
:1033800034000160053E341478FB7CB742CA023435
:10339000F39082CEE07E34000160053E341478FB69
:1033A0007CB742CB9082CEE07E34000160053E3493
:1033B0001478FB7CB742CC0234F39082CEE07E34AA
:1033C000000160053E341478FB7CB742E19082CE68
:1033D000E07E34000160053E341478FB7CB742E2A5
:1033E0000234F39082CEE07E34000160053E341456
:1033F00078FB7C677E14F7187E04007E7E0B704C91
:10340000767A0B709082CEE07E34000160053E3407
:103410001478FB7C677E14F7107E04007E7E0B70B0
:103420004C767A0B700234F39082CEE07E34000149
:1034300060053E341478FB7C677E14F7197E040027
:103440007E7E0B704C767A0B709082CEE07E3400DC
:103450000160053E341478FB7C677E14F7117E040E
:10346000007E7E0B704C767A0B700234F39082CE25
:10347000E07E34000160053E341478FB7C677E14E6
:10348000F71A7E04007E7E0B704C767A0B70908269
:10349000CEE07E34000160053E341478FB7C677E0C
:1034A00014F7127E04007E7E0B704C767A0B7080CF
:1034B000429082CEE07E34000160053E341478FBF9
:1034C0007C677E14F71B7E04007E7E0B704C767A40
:1034D0000B709082CEE07E34000160053E3414789B
:1034E000FB7C677E14F7137E04007E7E0B704C76A7
:1034F0007A0B70229082D01BEA309082D00BEA5077
:103500007CAB740F5CBA9082D2F09082D00BEA5000
:103510007CAB74F05CBA9082D3F09082D3E024E06C
:10352000687824F078030235C524F078030235F07A
:1035300024F0780302361B24F0780302364624F088
:10354000780302367124F0780302369C24F0780365
:103550000236C724F0780302370E24F078030237CE
:103560005524F0780302379B24B068030237DF90BC
:1035700082D2E07E34000160053E341478FB7CB7D3
:1035800042939082D2E07E34000160053E3414788C
:10359000FB7CB764FF52940237DF9082D2E07E3426
:1035A000000160053E341478FB7CB742919082D2D2
:1035B000E07E34000160053E341478FB7CB764FF84
:1035C00052920237DF9082D2E07E34000160053EE5
:1035D000341478FB7CB742959082D2E07E340001AF
:1035E00060053E341478FB7CB764FF52960237DFE7
:1035F0009082D2E07E34000160053E341478FB7C7A
:10360000B742B19082D2E07E34000160053E3414AE
:1036100078FB7CB764FF52B20237DF9082D2E07E43
:1036200034000160053E341478FB7CB742B39082CD
:10363000D2E07E34000160053E341478FB7CB76430
:10364000FF52B40237DF9082D2E07E340001600581
:103650003E341478FB7CB742C99082D2E07E3400BD
:103660000160053E341478FB7CB764FF52CA023710
:10367000DF9082D2E07E34000160053E341478FB96
:103680007CB742CB9082D2E07E34000160053E34AC
:103690001478FB7CB764FF52CC0237DF9082D2E013
:1036A0007E34000160053E341478FB7CB742E19023
:1036B00082D2E07E34000160053E341478FB7CB792
:1036C00064FF52E20237DF9082D2E07E3400016074
:1036D000053E341478FB7C677E14F7187E04007E68
:1036E0007E0B704C767A0B709082D2E07E340001B3
:1036F00060053E341478FB7CB764FF7E14F7107EBF
:1037000004007E7E0B705C7B7A0B700237DF908248
:10371000D2E07E34000160053E341478FB7C677E85
:1037200014F7197E04007E7E0B704C767A0B709035
:1037300082D2E07E34000160053E341478FB7CB711
:1037400064FF7E14F7117E04007E7E0B705C7B7A32
:103750000B700237DF9082D2E07E34000160053EBC
:10376000341478FB7C677E14F71A7E04007E7E0B8F
:10377000704C767A0B709082D2E07E340001600546
:103780003E341478FB7CB764FF7E14F7127E04008D
:103790007E7E0B705C7B7A0B7080449082D2E07EE0
:1037A00034000160053E341478FB7C677E14F71BFF
:1037B0007E04007E7E0B704C767A0B709082D2E095
:1037C0007E34000160053E341478FB7CB764FF7ED4
:1037D00014F7137E04007E7E0B705C7B7A0B70AA5C
:1037E00090838A1BEA3090838A0BEA207E34009013
:1037F000BD23583F90838A0BEA507CAB740F5CBAB0
:103800007E34000160053E341478FB7C6790838A27
:103810000BEA500E540E540E540E541A4A1A487E97
:1038200014FE0F7E04007E2F027E0B704C767A0B06
:1038300070803D90838A0BEA507CAB740F5CBA7E3B
:1038400034000160053E341478FB7C6790838A0B5A
:10385000EA500E540E540E540E541A4A1A487E144E
:10386000F9B77E04007E2F027E0B704C767A0B70C7
:103870002290838C1BEA3090838C0BEA207E3400EC
:1038800090BD23583F90838C0BEA507CAB740F5C47
:10389000BA7E34000160053E341478FB7C67908367
:1038A0008C0BEA500E540E540E540E541A4A1A48F9
:1038B0007E14FE3F7E04007E2F027E0B704C767AD3
:1038C0000B70803D90838C0BEA507CAB740F5CBA1C
:1038D0007E34000160053E341478FB7C6790838C55
:1038E0000BEA500E540E540E540E541A4A1A487EC7
:1038F00014F9E77E04007E2F027E0B704C767A0B63
:1039000070229082D61BEA209082D41BEA309082EB
:10391000D60BEA301B3478030239B40B3468030247
:103920003A409082D40BEA207E340090BD23584266
:103930009082D40BEA507CAB740F5CBA7E340001E9
:1039400060053E341478FB7CB764FF9082D40BEAA8
:10395000300E340E340E340E341A261A247E14FE21
:10396000277E04007E2F017E0B705C7B7A0B700239
:103970003A519082D40BEA507CAB740F5CBA7E341F
:10398000000160053E341478FB7CB764FF9082D45C
:103990000BEA300E340E340E340E341A261A247EFE
:1039A00014F9CF7E04007E2F017E0B705C7B7A0BB6
:1039B00070023A519082D40BEA207E340090BD23ED
:1039C000583F9082D40BEA507CAB740F5CBA7E34C3
:1039D000000160053E341478FB7C679082D40BEACA
:1039E000500E540E540E540E541A4A1A487E14FEA9
:1039F000277E04007E2F027E0B704C767A0B70803F
:103A0000509082D40BEA507CAB740F5CBA7E3400C9
:103A10000160053E341478FB7C679082D40BEA5039
:103A20000E540E540E540E541A4A1A487E14F9CFEE
:103A30007E04007E2F027E0B704C767A0B70801114
:103A4000E47E145E087E0400FE7E3400C69AFDFE0D
:103A5000B8229082DA1BEA209082D81BEA3090824A
:103A6000DA0BEA301B347803023B040B34680302A0
:103A70003B909082D80BEA207E340090BD235842C0
:103A80009082D80BEA507CAB740F5CBA7E34000194
:103A900060053E341478FB7CB764FF9082D80BEA53
:103AA000300E340E340E340E341A261A247E14FED0
:103AB0002F7E04007E2F017E0B705C7B7A0B7002E0
:103AC0003BA19082D80BEA507CAB740F5CBA7E3479
:103AD000000160053E341478FB7CB764FF9082D807
:103AE0000BEA300E340E340E340E341A261A247EAD
:103AF00014F9D77E04007E2F017E0B705C7B7A0B5D
:103B000070023BA19082D80BEA207E340090BD2346
:103B1000583F9082D80BEA507CAB740F5CBA7E346D
:103B2000000160053E341478FB7C679082D80BEA74
:103B3000500E540E540E540E541A4A1A487E14FE57
:103B40002F7E04007E2F027E0B704C767A0B7080E5
:103B5000509082D80BEA507CAB740F5CBA7E340074
:103B60000160053E341478FB7C679082D80BEA50E4
:103B70000E540E540E540E541A4A1A487E14F9D795
:103B80007E04007E2F027E0B704C767A0B708011C3
:103B9000E47E145E087E0400FE7E3400F39AFDFE8F
:103BA000B8229082DE1BEA209082DC1BEA309082F1
:103BB000DC0BEA207E340010BD235811E47E145E35
:103BC000087E0400FE7E3401009AFDFEB86D22904E
:103BD00082DE0BEA30BD326803023C6E9082DC0B61
:103BE000EA207E340090BD2358429082DC0BEA50DC
:103BF0007CAB740F5CBA7E34000160053E341478EF
:103C0000FB7CB764FF9082DC0BEA300E340E340E7E
:103C1000340E341A261A247E14FE1F7E04007E2FD2
:103C2000017E0B705C7B7A0B70023CF89082DC0B9F
:103C3000EA507CAB740F5CBA7E34000160053E3400
:103C40001478FB7CB764FF9082DC0BEA300E340EF4
:103C5000340E340E341A261A247E14F9C77E04005A
:103C60007E2F017E0B705C7B7A0B70023CF8908299
:103C7000DC0BEA207E340090BD23583F9082DC0BA1
:103C8000EA507CAB740F5CBA7E34000160053E34B0
:103C90001478FB7C679082DC0BEA500E540E540EB5
:103CA000540E541A4A1A487E14FE1F7E04007E2FBA
:103CB000027E0B704C767A0B70803D9082DC0BEAB2
:103CC000507CAB740F5CBA7E34000160053E341446
:103CD00078FB7C679082DC0BEA500E540E540E5435
:103CE0000E541A4A1A487E14F9C77E04007E2F0229
:103CF0007E0B704C767A0B70AA9082681BEA30902B
:103D000082680BEA507CAB740F5CBA90826AF090C8
:103D100082680BEA507CAB74F05CBA90826BF0E482
:103D200090826CF090826BE024E0686924F0780364
:103D3000023DB124F07803023DCD24F07803023D2A
:103D4000E924F07803023E0524F07803023E2124A2
:103D5000F07803023E3D24F07803023E5924F078C7
:103D600003023E7D24F07803023EA124F078030292
:103D70003EC524B06803023EE790826AE07E3400CC
:103D80000160053E341478FB7CA7E5805CBA908224
:103D90006CF0023EE790826AE07E34000160053EEE
:103DA000341478FB7CA7E5905CBA90826CF0023EFC
:103DB000E790826AE07E34000160053E341478FBAF
:103DC0007CA7E5A05CBA90826CF0023EE790826A24
:103DD000E07E34000160053E341478FB7CA7E5B03A
:103DE0005CBA90826CF0023EE790826AE07E34001A
:103DF0000160053E341478FB7CA7E5C05CBA908274
:103E00006CF0023EE790826AE07E34000160053E7D
:103E1000341478FB7CA7E5C85CBA90826CF0023E53
:103E2000E790826AE07E34000160053E341478FB3E
:103E30007CA7E5E85CBA90826CF0023EE790826A6B
:103E4000E07E34000160053E341478FB7CA7E5F881
:103E50005CBA90826CF0023EE790826AE07E3400A9
:103E60000160053E341478FB7CA77E34F7087E247D
:103E7000007E7E1BB05CBA90826CF0806A90826A91
:103E8000E07E34000160053E341478FB7CA77E346C
:103E9000F7097E24007E7E1BB05CBA90826CF080B5
:103EA0004690826AE07E34000160053E341478FB5F
:103EB0007CA77E34F70A7E24007E7E1BB05CBA901D
:103EC000826CF0802290826AE07E34000160053EC0
:103ED000341478FB7CA77E34F70B7E24007E7E1B97
:103EE000B05CBA90826CF090826CE0BEB000680466
:103EF00074018001E4AA90826FF090826D1BEA3019
:103F000090826D0BEA507CAB740F5CBA908270F0BB
:103F100090826D0BEA507CAB74F05CBA908271F0C9
:103F2000908271E024E07803023FAF24F07803022E
:103F30003FE624F0780302401D24F0780302405449
:103F400024F0780302408B24F078030240C224F06E
:103F500078030240F924F0780302413024F078031A
:103F600002418324F078030241D624F07803024210
:103F70002724B0680302427690826FE0BEB00068EA
:103F800016908270E07E34000160053E341478FBA8
:103F90007CB74280024276908270E07E34000160FD
:103FA000053E341478FB7CB764FF52800242769061
:103FB000826FE0BEB0006816908270E07E3400012F
:103FC00060053E341478FB7CB742900242769082C2
:103FD00070E07E34000160053E341478FB7CB764E9
:103FE000FF529002427690826FE0BEB00068169059
:103FF0008270E07E34000160053E341478FB7CB7AB
:1040000042A0024276908270E07E34000160053E5C
:10401000341478FB7CB764FF52A002427690826F22
:10402000E0BEB0006816908270E07E34000160054A
:104030003E341478FB7CB742B0024276908270E046
:104040007E34000160053E341478FB7CB764FF5277
:10405000B002427690826FE0BEB000681690827027
:10406000E07E34000160053E341478FB7CB742C02A
:10407000024276908270E07E34000160053E341486
:1040800078FB7CB764FF52C002427690826FE0BE3C
:10409000B0006816908270E07E34000160053E3406
:1040A0001478FB7CB742C8024276908270E07E347E
:1040B000000160053E341478FB7CB764FF52C802EF
:1040C000427690826FE0BEB0006816908270E07E0B
:1040D00034000160053E341478FB7CB742E80242AC
:1040E00076908270E07E34000160053E341478FBE7
:1040F0007CB764FF52E802427690826FE0BEB00067
:104100006816908270E07E34000160053E341478B9
:10411000FB7CB742F8024276908270E07E34000168
:1041200060053E341478FB7CB764FF52F802427697
:1041300090826FE0BEB0006824908270E07E340010
:104140000160053E341478FB7C677E14F7007E0422
:10415000007E7E0B704C767A0B70024276908270F5
:10416000E07E34000160053E341478FB7CB764FFC8
:104170007E14F7007E04007E7E0B705C7B7A0B70F1
:1041800002427690826FE0BEB0006824908270E0B8
:104190007E34000160053E341478FB7C677E14F7A2
:1041A000017E04007E7E0B704C767A0B70024276A4
:1041B000908270E07E34000160053E341478FB7C10
:1041C000B764FF7E14F7017E04007E7E0B705C7B7B
:1041D0007A0B7002427690826FE0BEB00068239046
:1041E0008270E07E34000160053E341478FB7C6709
:1041F0007E14F7027E04007E7E0B704C767A0B7084
:104200008074908270E07E34000160053E34147842
:10421000FB7CB764FF7E14F7027E04007E7E0B7089
:104220005C7B7A0B70804F90826FE0BEB000682399
:10423000908270E07E34000160053E341478FB7C8F
:10424000677E14F7037E04007E7E0B704C767A0B3B
:10425000708023908270E07E34000160053E34144B
:1042600078FB7CB764FF7E14F7037E04007E7E0B30
:10427000705C7B7A0B70AA90838E1BEA3090838EE1
:104280000BEA309AFD3CF9BEB0007804740180015D
:10429000E490838E0BEA309AFD3EF6AA90813F1B94
:1042A000EA1090813EF090813C1BEA2090813A1BFD
:1042B000EA3090813F0BEA50C4540F0A2B90813CA6
:1042C0000BEA30BD32780474018001E47E145E088C
:1042D0007E0400FE7E34017B9AFDFEB86D22908143
:1042E0003C0BEA30BD32680302438B6D2290813F64
:1042F0000BEA30BD32781A90813A0BEA309AFD34DD
:10430000F490813A0BEA307E240001123A520243C3
:10431000E290813F0BEA207E340003BD2378239096
:10432000813A0BEA309AFD34F490813A0BEA30126C
:1043300037E090813A0BEA307E240001123A5202B3
:1043400043E290813F0BEA207E340001BD237818C0
:1043500090813A0BEA309AFD34F490813A0BEA30BE
:104360006D22123A520243E290813F0BEA207E34E2
:104370000002BD23786C90813A0BEA309AFD34F448
:1043800090813A0BEA30123871805790813C0BEAE9
:10439000207E340001BD23784990813F0BEA207EC6
:1043A000340010BD23781690813A0BEA30122F3476
:1043B00090813A0BEA306D22123902801790813FCA
:1043C0000BEA207E340011BD23780990813A0BEA74
:1043D0003012322090813A0BEA3090813EE09AFD13
:1043E0003EF6AA024B956E8480007D582D55680ECE
:1043F0000B5568EF7D502D5578057F047F15AA0B6E
:104400005568E07D5892F77D457D59BF024012788E
:1044100004BF15400C7D487F407F027F257F517F80
:1044200012124B4A5D546E54FFE0E5D0780320D55C
:10443000B2BEC4FFE0780830E702B2D5024BA1A2B9
:10444000E792D5BE44FFE068F36CAA7DD47D4C9D15
:104450004D6843BE4406A078117CA13EA03EA03E1C
:10446000A07F047F157D4C024B6D50F5800C2E44CF
:1044700000202F002F1150020B305C9978F00B8038
:1044800080107CA77C767C657C547C437C327C21CC
:104490000A001B8078EC7D4C30E52D9F409F5150E9
:1044A000021B4C7F047F154D894D8A4D8B7812AAD3
:1044B000024B9C9E44002068F72F002F1150020BE6
:1044C000307CB130E4ED802E2F042F1550020B0C00
:1044D0007CB130E5212E4400207803024BA16CAA68
:1044E0001E1092F71E144C2A92F71E244C4A92F783
:1044F0001E344C6A92F7024B6D5D0068115D88783E
:10450000182D002E040020680D9F117F01AA2D8810
:104510002E84002078F7024B95124B4A5D542E549E
:104520000020680A2E44804050072D4C500A024B50
:10453000A12D4C4003024B9C7D514D524D53780BA5
:10454000A5B920077F157F04024B867D594D5A4D32
:104550005B7806BE84002068EF7DF3ADFB7DFE6DC9
:10456000EE7DDBADD22F76E4337DD3ADDA2F76341A
:10457000007DFE0AEB7DD2ADDA2F76E4337DD1AD3E
:10458000DB2F7634007DD9ADD32F7634007DFE0A43
:10459000EB7DD0ADDB2F767DD8ADD32F767DD1AD41
:1045A000DA2F76E4337DD9ADD22F763400AD28AD45
:1045B000A02F510A2B7D3E2F517D21AD292F51E493
:1045C000337D287CA1AD90AD122F042C1B7D3AAC1D
:1045D0005A2F017D2B7D3F7E540400BE0002500EF9
:1045E0009E4400207803024BA12F002F1133D5F0F9
:1045F000F84C3B7CA77C767C657C547C437C327C8D
:10460000210A00024B6D024BA1BE04FFFF6806BEEB
:1046100084FFFF7803024B95124B4A5D54BE54FF52
:10462000E068F27D5C4D5468EC5D4478059F117F35
:1046300001AA2EC4802050079D4C3807024B9C9D38
:104640004C50C37D58C2E44D594D5A4D5B7803021E
:104650004B867E5400107EC40037800C1BC4682635
:104660002F002F1150020B30BF0440107804BF15EB
:10467000400A9F049F1550021B0C4CAB0330E7DC33
:10468000CAA86CAA80D6DA1BDA19DA18BE10105044
:10469000149E44002068A52F002F1150020B302CCF
:1046A000AA50020B70024B6D74F87EA0FF6E008062
:1046B0006E848000BEB0FF683C7D4B7C875DB55C3E
:1046C0007BBF047804BF15683FF4401A7CA97D4B7A
:1046D0007C9A6CAA6D442F5250020B4C6E54FFFF13
:1046E0005DB52D15800F7C786CAA6D442F12500299
:1046F0000B0CF45C7BBF047804BF15680B7D58205D
:10470000F7067CB020E701B3AA5D006809BE04FF8C
:10471000FF68036E0080AA7EA020800C7EA010801F
:10472000057EA0086C556D333392D5500A6E34FF68
:10473000FF6E24FFFF0B1C2F114006D5F0F97F01FF
:10474000AA7CB41E541E541E541E542E543FE0A284
:10475000D592F72F112F112F112F117D127D236D5F
:10476000337D05AA7D502D5592D51E541E541E54DE
:104770001E541E542E54FC0140039F11AA7C747CCD
:10478000637C357C527C412F112F112F114E4080BC
:104790007E20208C324C732E54FFE0500E7E1CFF86
:1047A000FFAA1E341E2450034E60800478F430D5D6
:1047B0000A6E34FFFF6E24FFFF0B1CAA024BA16898
:1047C000FB024B957CB5330A543392D5602A046CB6
:1047D000442F1160EA2F112F112F112F112E540386
:1047E0007F7E440020AD457D457C147C257C367C55
:1047F000476C556D33024B869F117F01AA0254CE40
:104800000254CB0254C6E47C517D312F11332F1159
:10481000332F11334C7B2D0092D5681E0B0568E3B6
:104820002E048FFE50DABE002050D22D002D002D18
:10483000005C0068CB7C800254A29F11AA7F507E4E
:10484000C400017ED4751F7E94484E024BDC4001AB
:10485000AA7CEACA89CA5BCA6B9AFDFEA7DA6BDA40
:104860005BDA897E94484E7CAE227F707F517EC495
:1048700000017ED475477E94487D024BDC4005E400
:104880007A7BB0AA7A7BB00B7C22024B95024BA1BB
:104890007D5020F7F55E547FF0687CBE547FF06851
:1048A000ECCA0BCA1B7C017C125E001F4E00109EDE
:1048B000543FF00E5430E304C2E32D002E543FF079
:1048C0007E145370AD107C327C210A002E0887FFC5
:1048D0002E04000BBE102040077E101F7E14FFFF29
:1048E0005E100F4D05758304CA0BCA1B7F407F51B4
:1048F000690FFFF1691FFFF3692FFFF5693FFFF7AC
:104900009AFD4609DA5BDA4B9AFD43EA9E040010F1
:10491000D583D59EF80008AA3DD20C62C2F2D7F525
:10492000BE3B6E24F44B128F3E9F9D38A3763CC352
:10493000BEFA6D1F2A204A8C3F4E1F506891BABBA9
:10494000BF955D3C7E3CBFFA3FD03C1F081B5AC45C
:10495000BFF3BD3CC9BE45DE3FF0000000000000D3
:10496000BE06FADB9F1557443E6E8F434D018D63A3
:10497000BECE3074FDE8871F3F250783487EE7825F
:10498000BF732D2CCE62BD863FB466BC6775AAE2AC
:10499000BFE4ABBCE625BE533FF921FB54442D18C0
:1049A0004031BB797BC569F8C08926DDB9C83D02B5
:1049B00040B93227D3304CB9C0B61F0795DE70E03E
:1049C0003FF0000000000000C062FEA685FF2B0D36
:1049D00040A5FF4E58DEAD6EC0C15FBBAA8C6A22F7
:1049E000124AA304A2E192F71420E020CAA8CA3B0D
:1049F0007E7449187E6400FD740812500ADA3B8008
:104A00002A124AA330E102B2F720E0E0CAA8CA0B9A
:104A1000CA1BCA3B7E7449607E6400FD7407125055
:104A20000ADA3BDA5BDA4B9AFD44F9DAA85D0068F2
:104A3000055EA0806C0AAA124AA3CA59CA3BCA0BD7
:104A4000CA1B7E7449C07E6400FD740312500A695B
:104A50008FFFF9699FFFFB69AFFFFD69BFFFFF9AF9
:104A6000FD44F97F407F51DA1BDA0BCA4BCA5B7EEB
:104A70007449A07E6400FD740312500ADA5BDA4BBD
:104A8000DA3BDAB830E00A9AFD4609DAA8B2F780D4
:104A90009C7F207F047F427F217F157F529AFD46B5
:104AA0000980887CA05E007FBE0441E040051BFDBC
:104AB000024B95CAA87E843FC47E945F307EA46D6D
:104AC000C97EB4C8839AFD44F9BE043FF040137F09
:104AD000407F519AFD47649AFD47176E00809AFD0A
:104AE00043EAE45D0068292E040030BE043FF04034
:104AF0001F7F407F519AFD47647CB704C2E07C4B26
:104B0000CAB89AFD47216E00809AFD43EADAB803DD
:104B10005D0068049E040010DAA822CA0BCA1B7F3D
:104B2000407F519AFD44F96E00807E843FF06D997C
:104B30009F559AFD43EA9AFD48907F407F51DA1BCA
:104B4000DA0B9AFD46098AFD50CA7D5054F0B2E452
:104B50006D05B2E42D557D4592D57D5854F0B2E4F3
:104B60006D85B2E42D557DC55002B2D52230F716C1
:104B70000B1C78120B0C5E04000FBE0800007806B8
:104B80002E440020681B1E4430D5034E80805E04F6
:104B9000000F4D04AA7E1CFFFF7F01AA9F117F0119
:104BA000AA7E04FFF020D5021E006D119F11AA54A9
:104BB0000F2490D43440D430F30CBEB0414007BE33
:104BC000B05B500224204CCC68021BC00B84D389FC
:104BD000944CCC680B7420124BC680F5CA3B6D8890
:104BE0009F337CAE7E5BB00B5C7007C37D38DA3BD5
:104BF0008994B42569C2F37E5BB00B5CA5F824D020
:104C0000BEB00A501B7E500A20F60DAC5CA52D7C70
:104C1000CB70034EF00180DDAC5DA52D7CDB80D533
:104C200024CFBEB01AA5E850055E00DFD2F3904F46
:104C3000D0A3E4936011BCB078F77417934CAB30F9
:104C4000F6B34EF08080AEA3E4936010BCB078F76A
:104C50007416937C3B7423937C2B89147CB0801353
:104C60007420124BC620F205BEC00250F31B6D2902
:104C7000B60001124BC6024BD11B6E691600020B27
:104C80006A00BE08000078087E0400FD7E14FFED77
:104C900020F21E4CCC681A7F10E47E1B804C886882
:104CA000070B1C04BCBD78F2C2F6CA0B124DB0DA79
:104CB0000B7E0BB060C0CA0B124BC6DA0B0B0C4C50
:104CC000DD68EE1BD078EA80ADD2F07E1010800354
:104CD0007E10085EB05F800AD2F67E100A80057EE4
:104CE000100AC2F66D119F117E00201B6C7E6B7046
:104CF00030F6021A3720F1051B6C7E6B6030F6042B
:104D00001A261A2430F0051B6D0B6A20A5EC33829D
:104D1000F692F6500A7CEA9F229F217F127CAE4CCD
:104D200044780F7C457C567C676C772E00F878EFD2
:104D300080122F117CB3337C3B9CB140047C3B0B35
:104D400070A5D8EE7CB230E005DAB8C44C3BCA3866
:104D50000B207E00207E3000BE18000078C1BE10FF
:104D600008780730F404C2F480B5CA287CB2BCBD10
:104D700038027CBD124DB0DA28BC2D500A1BD0E49D
:104D8000CA28124BAF80F07CB213DAB84004C4CA10
:104D9000B8C4CA28BEF08040095CDD7805A5DA02F7
:104DA00060065EF07F124BAFDA28A5DADA024BD14B
:104DB000BEF001680F30F402240220F50620F7034C
:104DC00030F6010420F229BCBC5025CAB87CBF13C0
:104DD000B0E67420501174307C8A5E80F06808124E
:104DE0004DF05EA00F8003124BC6DAB8BCBC78DB76
:104DF00030F40F7430124BC6745830F302747812CA
:104E00004BC630F605742D024BC6742B20F5F87492
:104E10002020F7F3221B6C7E6BB010F1021B6C207C
:104E2000F60B30E704F404D2F27CCB800520E705D2
:104E30007CDB024BF55EF07F80F81B6E691600028A
:104E40000B6A0030F0076D221B0A200B0D1B0A8035
:104E5000024BE0E46C22BE3010500B7F1F2D312E30
:104E600034FFEE7E39B0227CBF20E7A8742E4EF0CE
:104E700080024BC6124FAA40437CBD7003047CDB0A
:104E80001253257C3D4C3368101B307CBE20E40956
:104E9000124E5370044C3378F07CBD7CD3BE44FF7B
:104EA000FC48216CAABD45581B6D559D546C222DA4
:104EB000511801E47CDB024F4E124FAA40787CBDB2
:104EC000041253257DA47CAE7CBDA2F492F0C2F402
:104ED00040026001042406124DB07E30FF0B3012F8
:104EE0004E53CA38124BAF20F0044CDD6803124E0B
:104EF00067DA38BC3D78E6740E124BAF742B7D4AEE
:104F00007CA830F7086EA4FFFF0BA4742D124BC6CB
:104F10007E4400647D5A8D547DA4124BAF7D5A7E31
:104F2000A00A840AAA124BAF7D5A124BAF9EF8001A
:104F300011DA5B024BD1DA5BD2F27ED000024C90E8
:104F4000124FAA40F10A5D2D540B541253257DA433
:104F50007CB97CAE30E701F40420F4044CDD680534
:104F6000D2F0C2F4042CBD124DB06C33BEA40000CC
:104F7000681648101BA4124E53CA38124BAFDA38C9
:104F80000B3080E80BA41B30124E53CA38124BAFC3
:104F90004CDD6807124E671BD080E39EF80012308C
:104FA000F003124E67DA5B024BD17CEA7CAF10F75C
:104FB000037ED0067CFA1B6E693600020B6A201B4A
:104FC0006E691600020B6A00DA49CA5BCA490251CF
:104FD000FC2D2B204C4248232E0053584F4449436C
:104FE00055502A4E464547000420800102001040DB
:104FF00079CBD0D8D865DFC9153A40B9744C4C4C40
:105000004C4C4C4C4C4E4E4F4E4ECAB87F407F518C
:105010009AFD44F9DAB8CA0BCA1B0B3A00691300AF
:10502000020B3E0B3A20693300020B3E698FFFF9F9
:10503000699FFFFB69AFFFFD69BFFFFFCAB89AFD1B
:1050400044F90B3A80699300020B3E0B3AA069B316
:1050500000020B3E9AFD43EADAB81478CF9EF800BE
:1050600008223FBC37E9AD397134BFC2490B4D51FD
:1050700019013FC9999990956BB6BFD555555554AF
:10508000C5293FF00000000000003FBFD5BA9AAC30
:105090002F6E3FCF5B75F92C80DE3FD6F61941E4C9
:1050A000DEF13FDDAC670561BB4F3FE1E00BABDEFE
:1050B000FEB43FE4978FA3269EE13FE700A7C578A3
:1050C00046343FE921FB54442D187CA05E007FBE8E
:1050D000047FF040186803024B957E043FF97E146C
:1050E00021FB7E2454447E342D180251DF5EA080C3
:1050F000CAC87CCA7CB1540F7D406C9BBE443FF053
:105100004017780260137F407F517E043FF06D119D
:105110009F119AFD46094EC0407D405E90F02D449F
:105120009E447F60405B7EA0A09CA97CB1540F444C
:10513000109EA0201EB05CAA78F734004CCB7F40B4
:105140007F51CA0BCA1B7C4BE49AFD47219E040089
:1051500030CA0BCA1B9AFD44F97E843FF06D999FBB
:10516000559AFD43EA7F607F71DA5BDA4BDA1BDA2E
:105170000BCA6BCA7B9AFD43E6DA5BDA4B9AFD46B3
:1051800009CA0BCA1BCA3B7E7450627E6400FD7460
:105190000412500ADA3BDA5BDA4B9AFD44F97CBC24
:1051A000540F7EA008A4681B2E5450827E4400FD3C
:1051B0000B2A806992000269A2000469B200069A73
:1051C000FD43EA7CAC30F6177E843FF97E9421FBE8
:1051D0007EA454447EB42D186E00809AFD43EA5D8F
:1051E0000068085E007F5EC0804C0CDAC8AA4E6181
:1051F0004E002B494E46002D494E46007D402D4421
:105200007CAE92F67CEA7CBA68265E90E0BE44FFF3
:10521000E0782F7CB1540F7E0400FD60067E1451AF
:10522000EED3227E1451F720F6047E1451F2D322DD
:10523000DA099F22CA2BCA2BCA2BCA2BCA88C3CA17
:1052400009221E447E5404D1AD542D5450020B4407
:105250009E28FA239E440133CA2B7CA15EA00F7CBA
:10526000B21E541E541E541E541E547E440056CA70
:1052700059AD457E44C5109D450A48DA59AD54DA0A
:10528000492D54DA5950020B54CA59CA4BCA6BCA39
:105290007BCA0BCA1B20F70D125400DA1BDA0B9ADB
:1052A000FD460980116E54FFFF0B54125400DA1BA7
:1052B000DA0B9AFD44F9DA7BDA6BDA4BDA497D5086
:1052C0005E04000F6D504E10109E543FB02F002F03
:1052D0001150020B3024F078F4DA59758210BE00B8
:1052E0000A400A9E000ACA020115820B44CA086CD1
:1052F000007EA4000A7DB1AD0A7D016D11ADAB2F1A
:10530000057EA4000A7DB3AD2AADAB2D1250020B71
:10531000047D236D332F1550020B0C158278CECAF5
:1053200008C3CA59227F0F20E73ABEB0104002746A
:10533000100A0B2D109E1400127E19B02EB0FB50D7
:105340001F4C116817E47A19B01B147E19B0047A47
:1053500019B0B40A0BE47A19B0A5D9ED0B44740165
:105360007A19B0225EE0BF223FF00000000000008A
:105370004024000000000000405900000000000030
:10538000408F40000000000040C388000000000083
:1053900040F86A0000000000412E848000000000F8
:1053A000416312D0000000004197D7840000000044
:1053B0004341C37937E0800044EA784379D99DB40A
:1053C0004693B8B5B5056E17483D6329F1C35CA592
:1053D00049E5E531A0A1C8734B905031E2503DA999
:1053E0004D384F03E93FF9F55A827748F9301D32BD
:1053F00067CC0E1EF1A724EB75154FDD7F73BF3C04
:105400005D55684E7D055407682F2323231254529F
:105410007D50CA595E540038680A24389AFD546C8D
:105420007F407F51DA591E5403035438680A2470B0
:105430009AFD546C7F407F51227CB1543868092416
:10544000381254527D5080DE7D501E540303543870
:1054500024706CAA2E5453687E4400FD0B2A806988
:1054600092000269A2000469B20006226CAA2E54BE
:1054700053687E4400FD0B2A006912000269220075
:1054800004693200068AFD44F92D0092D50E104EB3
:1054900010807D422D445002B2D54E50806C447C29
:1054A000B8222C4450120B1C7E40005E507FBE1868
:1054B000000078040B806816A2D57CB8137C4B7C66
:1054C000B592E77C5BAA7E1CFFFFAA9F11AA7E24EF
:1054D000FF8020D5026C456D33AA0254C66E008051
:1054E0007CB1337CB033680D0468EF7CB5337CB499
:1054F0003378037F10AA0468E17D5092F77D457DE3
:1055000051BF2140067C807F017F121254897EA109
:10551000D05CB004780320D5C17CB0047807500279
:10552000B2D50254CE92D5BE80FF68F67CB89CB04E
:105530006C00602AB418057C410254A250FB800321
:105540002F00047C9B5E900778F630E4067C437D58
:10555000106D0030E3087C437C327C210A0030F57A
:10556000199F10780EAA0254CB1B8068F92F115096
:10557000020B707CB530E7F1801B2D317CB5A5396D
:105580007C5B50110B8078030254CE1E3413500301
:105590004E60801A2B0254A25D22680D5D007812C5
:1055A0002D220B4068099F11AA2D000B0078F902EB
:1055B00054C61254895C800B806808248150072CE3
:1055C000B0500A0254CE2CB040030254CB7C8B5D09
:1055D0001178267CB17CA5BE1080680A5D33780DF9
:1055E000A5BD80057F100254B86D0080307F017C1E
:1055F0005B7CB17CA5AD1280245D337806A5BD80AF
:10560000F080E1CA887D41AD437CB17CA5AD122D0F
:105610001450020B047C5BAD232F01DA88A42D0506
:10562000BE008040060B80780480982F007C437C6D
:10563000507C617C720254A2BE24FFFF6806BE0447
:10564000FFFF78030254C61254895CB00468F57CED
:10565000B8A54868EF7CB870039F11AAA5B80003ED
:105660000254CE2E008150079C8038070254CB9CF8
:105670008050ED0A51C2E74D5178030254B87E5470
:1056800000807E901A6C0080061B9068142F11BF5A
:105690001040049F104CAB0330E7EECAA86CAA8000
:1056A000E8DA39DA587C4ABE5080500A1B8068BC60
:1056B0002F1150020B700254A274F86CAA6E408035
:1056C0006E0080BEB0FF68277C837C975C3B5C7B70
:1056D000BF10682AF4400D7C382D15F45C3B500F48
:1056E0000B04800B7C792D35F45C7B50020B24BFBE
:1056F00010680B7CB020E7067CB420E701B3AA5DFC
:10570000226809BE24FFFF68036E4080AA7EA020A5
:10571000800C7EA01080057EA0086C556D333392FE
:10572000D5500A6E34FFFF6E24FFFF0B1CA5EC332F
:1057300040062F11D5F0F6AA7CBA247EA2D5137CA0
:10574000767C65A5CC92E77C5BAA7CB5337CB433D0
:1057500092D54E5080248140039F11AA7C457C56EF
:105760007C676C7724E0500E7E1CFFFFAA1E341E5F
:105770002450034E60800478F430D50A6E34FFFF65
:105780006E24FFFF0B1CAAC2D57CB430E708B2D54B
:105790006E24FFFF0B247CB630E712B2D56E34FFC7
:1057A000FF0B348D326E24FFFF0B2480028D3230CC
:1057B000D5066E34FFFF0B34AA7D51AD037D027D0B
:1057C00021AD052D12AD352D21AA7D02AD31AD10D3
:1057D0002D21AA6D0074104D00780B4D2278278D75
:1057E000317D126D22AA7D437D326D222F112D4411
:1057F0005002A50FBF1040049F100B901478ED7F4E
:10580000016D227D34AA7D417D138D247D022F0000
:105810004004BD0440049D040B141478F17D237DE5
:10582000317D106D00AAC2D57CB030E708B2D59F9B
:10583000229F207F027CB430E714B2D59F229F21A3
:105840007F129AFD57D59F229F207F0280049AFDE8
:1058500057D530D5069F229F217F12AA6CAABE0879
:10586000000068201E540B5450167E1B807A0B805B
:105870000B1C0B0C800A0B1A401B0A400B1D0B0D56
:105880001B5478F2AA907E431BEA20793E000290D6
:105890007E3F1BEA00791E0002E4907E47F0E49010
:1058A0007E48F06D33907E491BEA307E147D117E78
:1058B00004000174807E70019AFCBBDE7E147D11B1
:1058C0007E04000174FF7E70019AFCBBDE7E147DB5
:1058D000117E040001E46C779AFCBBDE7E147D111E
:1058E0007E04000174FF7E70069AFCBBDE7E180009
:1058F00001907CCC793E00021BEA207E147D117E53
:1059000004000174837E347E477E2400019AFCC328
:10591000BB7E147D117E0400017483907E477EEB74
:10592000707E60044C769AFCBBDE7E147D117E0492
:10593000000174FF7E70079AFCBBDE7E147D117E31
:1059400004000174817E70019AFCBBDE7E147D111F
:105950007E04000174807E70019AFCBBDE7E147DA3
:10596000117E04000174947E706B9AFCBBDE7E1481
:105970007D117E04000174836C779AFCBBDEE49099
:105980007E47F080597E1403E89082A4693E0002AD
:105990000BEA209AFD57D39AFE253F7E180001900E
:1059A0007CCC793E00021BEA207E147D117E04002F
:1059B0000174837E347E477E2400019AFCC3BB9031
:1059C0007E490BEA207E3400012D321BEA307E3402
:1059D00000FFBD3250087401907E48F08012907E26
:1059E00047E0BEB000689E907E47E0BEB0FF68957D
:1059F000907E48E0BEB0006803025AFE7E147D111E
:105A00007E04000174837E70019AFCBBDE7E180068
:105A100001907CCC793E00021BEA207E147D117E31
:105A200004000174927E347E477E2400019AFCC3F8
:105A3000BB907E477EEB30747F5C3B907E3F693E3F
:105A400000020BEA207A1B30907E477EEB307CB35D
:105A5000237C3B74015C3B907E43693E00020BEA71
:105A6000207A1B307E147D117E04000174816C77D6
:105A70009AFCBBDE7E147D117E04000174FF7E70F3
:105A8000069AFCBBDE7E180001907CCC793E0002B9
:105A90001BEA207E147D117E04000174837E347E17
:105AA000477E2400019AFCC3BB7E147D117E040056
:105AB000017483907E477EEB709AFCBBDE7E147D82
:105AC000117E04000174FF7E70019AFCBBDE7E141F
:105AD0007D117E040001E47E70019AFCBBDE7E1421
:105AE0007D117E04000174FF6C779AFCBBDE7E148E
:105AF0007D117E04000174806C779AFCBBDE907E81
:105B000048E022908166F09081641BEA30908166C3
:105B1000E00A3B6D227E1409009AFD57CA7E1406E6
:105B2000779AFD57CA7E0801F42F107E1403E89A75
:105B3000FD57D3908167793E00021BEA2090816473
:105B40000BEA306D22908167691E00020BEA009A11
:105B5000FD57B9908167691E00020BEA001E141EF2
:105B60000450034E20802F107E1403E89AFD57D373
:105B70002290801EF090801A1BEA20793E0002904D
:105B8000801EE00A3B6D227E1409009AFD57CA7EF2
:105B90001406779AFD57CA7E0801F42F107E14036D
:105BA000E89AFD57D390801F793E00021BEA207EC1
:105BB0001403E890801A693E00020BEA209AFD5710
:105BC000CA90801F691E00020BEA001E141E0450BA
:105BD000034E20802F1090801F691E00020BEA00E8
:105BE0009AFD57D52290839E1BEA3090839E0BEA44
:105BF000207E34FF005D327D530A5A90839E0BEA6B
:105C0000307E2400FF5D2360053E241478FB7E3443
:105C100000012D32229083A01BEA309F117A1F00D1
:105C2000086D337A37000C6D337A37000E6D229091
:105C300083A00BEA30BD32285C9083A00BEA307E53
:105C40002400019D326D227A1F0008801F7E1F00F4
:105C5000081E341E2450034E60807A1F00087E27E1
:105C6000000C7E3400012D327A37000C7E0CFF00D0
:105C70007E1F00085E7000BE18000038D07E27002E
:105C80000C7C456C557E0F00087E3400FF5D314D65
:105C9000327A37000E7E37000E229082951BEA0082
:105CA000791E0002E4908299F07E180001907CCC6D
:105CB000793E00021BEA207E147D117E04000174EF
:105CC000017E3482997E2400019AFCC3BB908299A4
:105CD0007EEB307CB3C47C3B74015C3B9082956965
:105CE0003E00020BEA207A1B309082997EEB307CDA
:105CF000B3C4237C3B74015C3B908295693E0002F7
:105D00000BEA200B357A1B309082997EEB201E2007
:105D10001E207E30015C32908295693E00020BEAC3
:105D2000200B347A1B309082997EEB307CB3232396
:105D30007C3B74015C3B908295693E00020BEA203B
:105D40002E3400037A1B309082997EEB307CB32393
:105D50007C3B74015C3B908295693E00020BEA201B
:105D60000B367A1B302290837A1BEA30E490837CD6
:105D7000F06D2290837A0BEA30BD3278387E1800BD
:105D800001907CCC793E00021BEA207E147D117EBE
:105D900004000174507E34837C7E2400019AFCC38D
:105DA000BB90837CE00A4B7E5400012D543E5490FE
:105DB000837CF0804C90837A0BEA207E340001BD16
:105DC0002378387E180001907CCC793E00021BEAD3
:105DD000207E147D117E04000174707E34837C7EED
:105DE0002400019AFCC3BB90837CE00A4B7E5400E4
:105DF000012D543E5490837CF0800674FF90837C88
:105E0000F090837CE022907E4F1BEA20793E0002D6
:105E1000907E4B1BEA00791E00026D33907E551B6D
:105E2000EA306D33125D660A1B907E4F693E0002B8
:105E30000BEA201B1A107E180001907CCC793E00E2
:105E4000021BEA207E147D117E04000174467E341C
:105E50007E537E2400019AFCC3BB907E53E00A0B64
:105E60007E1400012D10907E4F693E00020BEA2047
:105E70000B361B1A10907E4F693E00020BEA200B76
:105E8000360B1A30907E4F691E00020BEA000B0A97
:105E900050125B037F01907E4F693E00020BEA20A7
:105EA0002E34000A791100021B1A007E180002909D
:105EB0007CCC793E00021BEA207E147D117E04001A
:105EC0000174517E347E537E2400019AFCC3BB9042
:105ED0007E53E00A2B7C456C55907E54E00A3B4D86
:105EE00032907E551BEA30907E550BEA30125BE50E
:105EF0007D13907E4F693E00020BEA202E3400068F
:105F00001B1A10907E4F693E00020BEA202E3400CF
:105F1000060B1A30907E4F691E00020BEA000B0A36
:105F200050125B037F01907E4F693E00020BEA2016
:105F30002E34000E791100021B1A007E340001126B
:105F40005D660A1B907E4F693E00020BEA200B350E
:105F50001B1A107E180002907CCC793E00021BEACE
:105F6000207E147D117E04000174717E347E537E88
:105F70002400019AFCC3BB907E53E00A2B7C456C45
:105F800055907E54E00A3B4D32907E551BEA30908E
:105F90007E550BEA30125BE57D13907E4F693E0023
:105FA000020BEA202E3400081B1A10907E4B693E2B
:105FB00000020BEA202E3400037E1BB0BEB0006846
:105FC00027907E4F693E00020BEA202E3400060B1C
:105FD0001A20907E4F691E00020BEA002E14000862
:105FE0000B0A309D321B0A30907E4F693E00020B37
:105FF000EA202E3400080B1A30907E4F691E0002F2
:106000000BEA000B150B0A50125B037F01907E4FC9
:10601000693E00020BEA202E340012791100021BA7
:106020001A002290829AF0E490829BF0E490829C85
:10603000F06D3390829D1BEA307E147D117E04004A
:1060400001E490829A7EEB707E60014C769AFCBBF4
:10605000DE7E180001907CCC793E00021BEA207E97
:10606000147D117E04000174467E34829C7E2400DF
:10607000019AFCC3BB80597E1403E89082A4693E58
:1060800000020BEA209AFD57D39AFE253F7E1800A6
:1060900001907CCC793E00021BEA207E147D117EAB
:1060A00004000174467E34829C7E2400019AFCC365
:1060B000BB90829D0BEA207E3400012D321BEA301A
:1060C0007E3400FFBD325008740190829BF0800F37
:1060D00090829C7EEBA074075CBABEB0006898907A
:1060E000829BE0BEB00078207E147D117E0400010A
:1060F000740B7E70019AFCBBDE7E147D117E040061
:1061000001E46C779AFCBBDE90829BE02290731CCA
:106110001BEA20793E0002E4907320F06D33907307
:10612000241BEA309F11907326793E00021BEA205F
:106130006D3390732A1BEA307E1808E89073477914
:106140003E00021BEA2090731C693E00020BEA200D
:10615000BE184E2050097401907320F00263197E1E
:1061600014732C7E040001125C9A7E14732C7E043E
:1061700000017E3473317E240001125E0690732C80
:10618000E0BEB00068237E18024E90733B691E008B
:10619000020BEA002F01907347693E00020BEA20D0
:1061A0002F10793E00021BEA2090732EE0BEB00053
:1061B00068297E0802B290733B693E00020BEA2018
:1061C0002F107F012F00907347693E00020BEA20D9
:1061D0002F10793E00021BEA20802C90732DE0BE28
:1061E000B00068237E18029490733B691E00020B76
:1061F000EA002F01907347693E00020BEA202F103E
:10620000793E00021BEA2090732FE0BEB0006823A5
:106210007E18029490733F691E00020BEA002F0162
:10622000907347693E00020BEA202F10793E00026E
:106230001BEA20907330E0BEB00078030263197E41
:10624000080226907347693E00020BEA202F10795E
:106250003E00021BEA2090731C691E00020BEA003C
:10626000907347693E00020BEA20BF1028097401B1
:10627000907320F0026319907347691E00020BEAC5
:106280000090731C693E00020BEA209F1090732659
:10629000793E00021BEA20907326693E00020BEA59
:1062A000209073330BEA50125B7190732A1BEA3013
:1062B00090732FE0BEB00068119073370BEA209006
:1062C000732A0BEA302D321BEA3090732A0BEA3026
:1062D000125C159073241BEA307471907321F09056
:1062E00073240BEA307D530A5A907322F090732482
:1062F0000BEA50907323F07E180003907D33793EB3
:1063000000021BEA207E147D117E0400017E34739E
:10631000217E2400019AFCB95A907320E0227E1855
:106320000B36907745793E00021BEA207E14772ACF
:106330007E040001125C9A7E14772A7E0400017E9E
:1063400034772F7E240001125E0690772AE0BEB0DB
:106350000068237E18024E907739691E00020BEA0E
:10636000002F01907745693E00020BEA202F10793B
:106370003E00021BEA2090772CE0BEB00068297E28
:106380000802B2907739693E00020BEA202F107F95
:10639000012F00907745693E00020BEA202F10790B
:1063A0003E00021BEA20802C90772BE0BEB00068F4
:1063B000237E180294907739691E00020BEA002FA1
:1063C00001907745693E00020BEA202F10793E00CC
:1063D000021BEA2090772DE0BEB00068237E1802F1
:1063E0009490773D691E00020BEA002F01907745DB
:1063F000693E00020BEA202F10793E00021BEA20C2
:1064000090772EE0BEB00068237E18022690774178
:10641000691E00020BEA002F01907745693E0002D9
:106420000BEA202F10793E00021BEA209077456985
:106430003E00020BEA20229080231BEA20793E00D6
:10644000026D117E044300908023693E00020BEA36
:10645000209AFD55989AFD574A90802A1BEA309061
:106460008023691E00020BEA009F119AFD56B9288D
:1064700028908023693E00020BEA209AFD47C47FE2
:10648000407F517E04407F7E14FFD77E240A3D7EEC
:106490003470A49AFD46A8400474018001E47E147F
:1064A0005ACB7E0400FE7E3402069AFDFEB8744488
:1064B000908027F090802A0BEA307D530A5A908012
:1064C00028F090802A0BEA50908029F07E18000373
:1064D000907D33793E00021BEA207E147D117E04FC
:1064E00000017E3480277E2400019AFCB95A229054
:1064F0007D1DE0BEB00078030265C67E18000190E5
:106500007CCC793E00021BEA207E147D117E0400C3
:106510000174137E34837D7E2400019AFCC3BB90FA
:10652000837D7EEBA074075CBABEB000685C7E1809
:106530000002907CCC793E00021BEA207E147D1183
:106540007E040001741E7E34837D7E2400019AFC4B
:10655000C3BB90837DE00A3B7C676C77907D1A1B00
:10656000EA3090837EE00A2B907D1A0BEA304D32A0
:106570001BEA307E147D117E040001740B7E7001D5
:106580009AFCBBDE7401907D1CF090837DE030E4CA
:10659000357E180002907CCC793E00021BEA207EFA
:1065A000147D117E040001741E7E34837D7E2400E0
:1065B000019AFCC3BB7E147D117E040001740B7E26
:1065C00070019AFCBBDEAAAAE49078B2F0E490785D
:1065D000B3F0E49078B4F06D339078C21BEA307E6B
:1065E0001478B57E0400017E340006E49AFE294C3E
:1065F0007E1478BB7E0400017E340007E49AFE29F5
:106600004C7E340071907CD91BEA307E340073904C
:106610007CDB1BEA307E147D117E04000174297E30
:106620001800019AFCCCBF7E3400747E24000174F3
:10663000017E1400109AFD429C7E1403E89082A40F
:10664000693E00020BEA209AFD57D37E1400649A3B
:10665000FD57CA9AFE253F7E340074E49AFD3EF64B
:106660007E1403E89082A4693E00020BEA209AFDA2
:1066700057D37E1400329AFD57CA9AFE253F7E34C6
:10668000007474019AFD3EF67E1403E89082A469BA
:106690003E00020BEA209AFD57D37E1400649AFD57
:1066A00057CA9AFE253F7E147D117E04000174892D
:1066B0009AFCC2EE9078B4F07E147D117E04000145
:1066C00074899078B47EEB707E60014C769AFCBB46
:1066D000DE6D339078C21BEA3080457E147D117EDA
:1066E0000400019078C20BEA203E247E3400032D82
:1066F000327E2400FF7E1BB09078C20BEA203E243D
:106700007E3400042D327E2400FF7E1B709AFCBB79
:10671000DE9078C20BEA207E3400012D321BEA3075
:106720009078C20BEA207E340004BD2340AD7E1871
:106730000001907CCC793E00021BEA207E147D1182
:106740007E04000174917E3478B27E2400019AFCAC
:10675000C3BB6D339078C21BEA3080457E147D1137
:106760007E0400019078C20BEA203E247E34000BA8
:106770002D327E2400FF7E1BB09078C20BEA203EB3
:10678000247E34000C2D327E2400FF7E1B709AFC88
:10679000BBDE9078C20BEA207E3400012D321BEA6A
:1067A000309078C20BEA207E340003BD2340AD7EDA
:1067B000147D117E04000174609AFCC2EE9078B4DE
:1067C000F07E147D117E04000174609078B47EEB3D
:1067D000707E60124C769AFCBBDE6D337E243E8068
:1067E0001264377E147D117E04000174017E70FFF7
:1067F0009AFCBBDE7E1478BB7E0400017E3478BC3C
:106800007E240001125885BEB0006815740190788E
:10681000B3F07E145AB27E0400FE9AFD483D026B2E
:10682000EB7E180006907CCC793E00021BEA207EAD
:10683000147D117E04000174B07E3478B57E24008E
:10684000019AFCC3BB6D339078C21BEA3080457E51
:10685000147D117E0400019078C20BEA203E247E54
:106860003400112D327E2400FF7E1BB09078C20BC5
:10687000EA203E247E3400122D327E2400FF7E1B4F
:10688000709AFCBBDE9078C20BEA207E3400012DAA
:10689000321BEA309078C20BEA207E340005BD231B
:1068A00040AD9078BCE0BEB0006804740C8001E498
:1068B0009078BDF06D339078C21BEA3002696E901B
:1068C00078BDE00A2B9078C20BEA30BD32400E90C2
:1068D00078BB7EEBA09078BEE0BCBA78429078C2DC
:1068E0000BEA507CAB74075CBA7E34000160053E55
:1068F000341478FB7CB77CAB6EA0FF9078C20BEAB7
:10690000201E241E241E247E3478B52D327A7182F6
:106910007A6183E05CBA7A71827A6183F080409018
:1069200078C20BEA201E241E241E247E3478B52D46
:10693000327A71827A61837EEBA09078C20BEA2072
:106940007E3400075D327CB760051EA01478FB7CA6
:10695000BA30E00B9078BE7EEBA074012CBAF090B8
:1069600078C20BEA207E3400012D321BEA30907889
:10697000C20BEA207E340030BD3228030268BF74A7
:10698000B09078BBF07E3400019078C21BEA308072
:106990002C9078C20BEA207E3400019D237E34784F
:1069A000B52D327A71827A6183E09078BCF090786C
:1069B000C20BEA207E3400012D321BEA309078C2EF
:1069C0000BEA207E340007BD3238C67E18000790DF
:1069D0007D33793E00021BEA207E147D117E040087
:1069E000017E3478BB7E2400019AFCB95A6D339045
:1069F00078C21BEA3080457E147D117E0400019030
:106A000078C20BEA203E247E34001B2D327E240007
:106A1000FF7E1BB09078C20BEA203E247E34001C1F
:106A20002D327E2400FF7E1B709AFCBBDE9078C264
:106A30000BEA207E3400012D321BEA309078C20B25
:106A4000EA207E340050BD2340AD7E147D117E04CB
:106A50000001740A7E70049AFCBBDE7E147D117EF8
:106A600004000174849AFCC2EE9078B4F07E147D28
:106A7000117E04000174849078B47EEB707E60EF28
:106A80005C769AFCBBDE7E147D117E040001740BE3
:106A90007E70019AFCBBDE12631E9078AE793E00D8
:106AA000021BEA207E147D117E04000174017E70B9
:106AB000E89AFCBBDE9078AE693E00020BEA201239
:106AC000610D7E147D117E04000174017E70019AB7
:106AD000FCBBDE7440126023BEB0006815740190E8
:106AE00078B3F07E145A7F7E0400FE9AFD483D0282
:106AF0006BEB7E147D117E04000174017E70029A9E
:106B0000FCBBDEE4126023BEB0006815740190780F
:106B1000B3F07E145A7F7E0400FE9AFD483D026B5E
:106B2000EB7E147D117E04000174017E70E89AFCF6
:106B3000BBDE7E1403E89082A4693E00020BEA20CB
:106B40009AFD57D37E1400649AFD57CA9AFE253FDA
:106B50007E147D117E04000174807E70019AFCBB5E
:106B6000DE7E147D117E04000174FF7E70019AFCAC
:106B7000BBDE7E147D117E040001E46C779AFCBBC1
:106B8000DE7E147D117E04000174919078B27EEB5C
:106B9000709AFCBBDE7E147D117E040001E47E70E1
:106BA000019AFCBBDE7E147D117E04000174FF6C33
:106BB000779AFCBBDE7E147D117E04000174806C2C
:106BC000779AFCBBDE7E147D117E040001E47E70AA
:106BD000029AFCBBDE7401907D1DF07E3400017EC4
:106BE0001465C77E0400FD9AFE24BF9078B3E0AA26
:106BF0009082C01BEA306D339082C21BEA309082D3
:106C0000C00BEA207E341000BD235803026F0090B1
:106C100082C00BEA509E541000BE54000E40030286
:106C20006EB37EA003A4906C2A73026C54026C7441
:106C3000026C94026CB4026CD4026CF4026D2602F5
:106C40006D58026D8A026DBC026DEE026E20026EFE
:106C500051026E82E58C0A3B7C676C779082C21B86
:106C6000EA30E58A0A2B9082C20BEA304D321BEAE9
:106C700030026EC4E58D0A3B7C676C779082C21B44
:106C8000EA30E58B0A2B9082C20BEA304D321BEAC8
:106C900030026EC4E5D60A3B7C676C779082C21BDB
:106CA000EA30E5D70A2B9082C20BEA304D321BEA5C
:106CB00030026EC4E5D40A3B7C676C779082C21BBD
:106CC000EA30E5D50A2B9082C20BEA304D321BEA3E
:106CD00030026EC4E5D20A3B7C676C779082C21B9F
:106CE000EA30E5D30A2B9082C20BEA304D321BEA20
:106CF00030026EC47E34FBB67E24007E7E1B700A9A
:106D0000377C676C779082C21BEA307E34FBB77E9B
:106D100024007E7E1B700A279082C20BEA304D321F
:106D20001BEA30026EC47E34FBB47E24007E7E1BE0
:106D3000700A377C676C779082C21BEA307E34FB26
:106D4000B57E24007E7E1B700A279082C20BEA303B
:106D50004D321BEA30026EC47E34FBBE7E24007EC0
:106D60007E1B700A377C676C779082C21BEA307E8C
:106D700034FBBF7E24007E7E1B700A279082C20BEC
:106D8000EA304D321BEA30026EC47E34FBBC7E24F6
:106D9000007E7E1B700A377C676C779082C21BEA8C
:106DA000307E34FBBD7E24007E7E1B700A279082DD
:106DB000C20BEA304D321BEA30026EC47E34FBC691
:106DC0007E24007E7E1B700A377C676C779082C2BF
:106DD0001BEA307E34FBC77E24007E7E1B700A27B0
:106DE0009082C20BEA304D321BEA30026EC47E3410
:106DF000FBC47E24007E7E1B700A377C676C779014
:106E000082C21BEA307E34FBC57E24007E7E1B706E
:106E10000A279082C20BEA304D321BEA30026EC460
:106E20007E34FE7A7E24007E7E1B700A377C676C7F
:106E3000779082C21BEA307E34FE7B7E24007E7E09
:106E40001B700A279082C20BEA304D321BEA308059
:106E5000737E34FBCE7E24007E7E1B700A377C67F7
:106E60006C779082C21BEA307E34FBCF7E24007E9A
:106E70007E1B700A279082C20BEA304D321BEA302B
:106E800080427E34FBCC7E24007E7E1B700A377CE1
:106E9000676C779082C21BEA307E34FBCD7E240083
:106EA0007E7E1B700A279082C20BEA304D321BEAAD
:106EB000308011E47E145D267E0400FE7E34005195
:106EC0009AFDFEB89082C00BEA307E2400155D2347
:106ED0007E3479012D327A71827A6183E00A3B9A9D
:106EE000FD3CF9BEB0006803026FC89082C20BEA95
:106EF000306E34FFFF0B349082C21BEA30026FC841
:106F00009082C00BEA301A261A242F112F117E14FA
:106F100055FA7E0400FE2F01693000020B0A207E24
:106F20001B700A377C676C779082C21BEA309082B4
:106F3000C00BEA301A261A247F012F002F007E345E
:106F400055FA7E2400FE2F10691100020B1A007EF4
:106F50001800012F107E1B700A279082C20BEA30A6
:106F60004D321BEA309082C00BEA307E24000F5D68
:106F7000237E3479012D327A71827A6183E0BEB04A
:106F8000FF68389082C00BEA307E24000F5D237EBC
:106F90003479012D327A71827A6183E00A3B9AFD5D
:106FA0003CF9BEB00078219082C20BEA306E34FF0B
:106FB000FF0B349082C21BEA30800D9082C20BEA34
:106FC000300E340E341BEA309082C20BEA30AA90A5
:106FD00083881BEA309083880BEA207E341000BD42
:106FE0002358030272BF9083880BEA509E5410000E
:106FF000BE54000E40030272AC7EA003A490700148
:107000007302702B02703A02704902705802706766
:107010000270760270B50270F4027133027172026E
:1070200071B10271F002722F02726EC3C28CE4F56C
:107030008CE4F58AD3D28C02730DC3C28EE4F58D35
:10704000E4F58BD3D28E02730D538EEFE4F5D6E4C4
:10705000F5D7438E1002730D53DDF7E4F5D4E4F554
:10706000D543DD0802730D53DD7FE4F5D2E4F5D39B
:1070700043DD8002730D74F77E14FBB37E04007E43
:107080007E0B705C7B7A0B70E47E34FBB67E240052
:107090007E7A1BB0E47E34FBB77E24007E7A1BB080
:1070A00074087E14FBB37E04007E7E0B704C7B7AEA
:1070B0000B7002730D747F7E14FBB37E04007E7E22
:1070C0000B705C7B7A0B70E47E34FBB47E24007E14
:1070D0007A1BB0E47E34FBB57E24007E7A1BB0744C
:1070E000087E14FBB37E04007E7E0B704C7B7A0B13
:1070F0007002730D74F77E14FBBB7E04007E7E0B62
:10710000705C7B7A0B70E47E34FBBE7E24007E7A5A
:107110001BB0E47E34FBBF7E24007E7A1BB0740873
:107120007E14FBBB7E04007E7E0B704C7B7A0B7062
:1071300002730D747F7E14FBBB7E04007E7E0B7099
:107140005C7B7A0B70E47E34FBBC7E24007E7A1B71
:10715000B0E47E34FBBD7E24007E7A1BB074087ED2
:1071600014FBBB7E04007E7E0B704C7B7A0B70029E
:10717000730D74F77E14FBC37E04007E7E0B705C7F
:107180007B7A0B70E47E34FBC67E24007E7A1BB0D3
:10719000E47E34FBC77E24007E7A1BB074087E1424
:1071A000FBC37E04007E7E0B704C7B7A0B700273F7
:1071B0000D747F7E14FBC37E04007E7E0B705C7BAF
:1071C0007A0B70E47E34FBC47E24007E7A1BB0E42C
:1071D0007E34FBC57E24007E7A1BB074087E14FBCF
:1071E000C37E04007E7E0B704C7B7A0B7002730DA5
:1071F000747F7E14FE787E04007E7E0B705C7B7A4A
:107200000B70E47E34FE7A7E24007E7A1BB0E47E2E
:1072100034FE7B7E24007E7A1BB074807E14FE7860
:107220007E04007E7E0B704C7B7A0B7002730D74B3
:10723000F77E14FBCB7E04007E7E0B705C7B7A0BAA
:1072400070E47E34FBCE7E24007E7A1BB0E47E3474
:10725000FBCF7E24007E7A1BB074087E14FBCB7EAD
:1072600004007E7E0B704C7B7A0B7002730D747F72
:107270007E14FBCB7E04007E7E0B705C7B7A0B70F1
:10728000E47E34FBCC7E24007E7A1BB0E47E34FBAB
:10729000CD7E24007E7A1BB074807E14FBCB7E04EE
:1072A000007E7E0B704C7B7A0B708061E47E145DF7
:1072B000267E0400FE7E3400899AFDFEB8804EE4EE
:1072C0009083880BEA301A261A242F112F117E146E
:1072D00055FA7E0400FE2F01693000020B0A207A65
:1072E0001BB0E49083880BEA301A261A247F012F02
:1072F000002F007E3455FA7E2400FE2F1069110005
:10730000020B1A007E1800012F107A1BB0AA908180
:10731000911BEA1090818F1BEA2090818D1BEA302F
:1073200090818D0BEA207E3400FF5D327E240003C5
:107330009AFE27C17E145D267E0400FE7E3400A6E0
:107340009AFDFEB890818F0BEA500A5AC403540785
:107350007E440006BD54780474018001E47E145D0F
:10736000267E0400FE7E3400A99AFDFEB89081912D
:107370000BEA207E3400FF5D326D22E47E140003B0
:107380009AFD429C90818F0BEA207E3400FF5D3293
:107390006D22E47E1400039AFD429C9081910BEAD9
:1073A000407E5400FF5D5490818D0BEA307E2400B6
:1073B000155D237E3479012D327A71827A6183F0F2
:1073C00090818D0BEA509E541000BE54000E400375
:1073D0000275D97EA003A49073DB73027405027456
:1073E0001402742302742F02743B027447027474F3
:1073F0000274A10274CE0274FB0275280275550254
:1074000075810275ADE4F58AE4F58C438904D3D225
:107410008C0275EAE4F58BE4F58D438940D3D28E76
:107420000275EAE4F5D7E4F5D6438E180275EAE46E
:10743000F5D5E4F5D443DD0C0275EAE4F5D3E4F5C3
:10744000D243DDC00275EAE47E34FBB77E24007EC1
:107450007A1BB0E47E34FBB67E24007E7A1BB074C7
:107460000C7E14FBB37E04007E7E0B704C7B7A0B8B
:10747000700275EAE47E34FBB57E24007E7A1BB090
:10748000E47E34FBB47E24007E7A1BB074C07E148C
:10749000FBB37E04007E7E0B704C7B7A0B70027512
:1074A000EAE47E34FBBF7E24007E7A1BB0E47E34A7
:1074B000FBBE7E24007E7A1BB0740C7E14FBBB7E68
:1074C00004007E7E0B704C7B7A0B700275EAE47EC2
:1074D00034FBBD7E24007E7A1BB0E47E34FBBC7E90
:1074E00024007E7A1BB074C07E14FBBB7E04007E39
:1074F0007E0B704C7B7A0B700275EAE47E34FBC71E
:107500007E24007E7A1BB0E47E34FBC67E24007E9F
:107510007A1BB0740C7E14FBC37E04007E7E0B705D
:107520004C7B7A0B700275EAE47E34FBC57E240046
:107530007E7A1BB0E47E34FBC47E24007E7A1BB0CE
:1075400074C07E14FBC37E04007E7E0B704C7B7A7D
:107550000B700275EAE47E34FE7B7E24007E7A1B8B
:10756000B0E47E34FE7A7E24007E7A1BB074C07E46
:1075700014FE787E04007E7E0B704C7B7A0B70804C
:1075800069E47E34FBCF7E24007E7A1BB0E47E3437
:10759000FBCE7E24007E7A1BB0740C7E14FBCB7E67
:1075A00004007E7E0B704C7B7A0B70803DE47E3451
:1075B000FBCD7E24007E7A1BB0E47E34FBCC7E249F
:1075C000007E7A1BB074C07E14FBCB7E04007E7EEE
:1075D0000B704C7B7A0B708011E47E145D267E0468
:1075E00000FE7E3400BD9AFDFEB8229081971BEA12
:1075F000109081951BEA209081931BEA3090819531
:107600000BEA207E3400FF5D326D22E47E1400031D
:107610009AFD429C9081970BEA207E3400FF5D32F8
:107620006D22E47E1400039AFD429C9081970BEA40
:10763000407E5400FF5D549081930BEA307E24001D
:107640000F5D237E3479012D327A71827A6183F065
:107650007E60FE9081950BEA00740D0E041478FB99
:107660007E1400075D101A021A002F002F007E54AE
:1076700056427E4400FE2F20691200020B2A007E33
:107680000B705C767A0B709081950BEA307D431A13
:10769000480E440E440E447E5400035D543E549004
:1076A00081950BEA307D231A247E3400035D32601D
:1076B000053E341478FB7C679081950BEA00740DCD
:1076C0000E041478FB7E1400075D101A021A002FB6
:1076D000002F007E5455CA7E4400FE2F2069120000
:1076E000020B2A007E0B704C767A0B707EA0FF9006
:1076F00081950BEA20740D0E241478FB7E3400076C
:107700005D321A261A242F112F117E1455B27E04D1
:1077100000FE2F01693000020B0A207A1BA07EA018
:10772000FF9081950BEA20740D0E241478FB7E34B3
:1077300000075D321A261A247F012F002F007E34A5
:1077400055B27E2400FE2F10691100020B1A007E34
:107750001800012F107A1BA06CAA9081950BEA20CB
:10776000740D0E241478FB7E3400075D321A261A3D
:10777000242F112F117E1455227E0400FE2F016943
:107780003000020B0A207A1BA06CAA9081950BEAAC
:1077900020740D0E241478FB7E3400075D321A2607
:1077A0001A247F012F002F007E3455227E2400FEF4
:1077B0002F10691100020B1A007E1800012F107A99
:1077C0001BA07EA0579081950BEA20740D0E241407
:1077D00078FB7E3400075D321A261A242F112F11F0
:1077E0007E1455E27E0400FE2F01693000020B0A70
:1077F000207A1BA06CAA9081950BEA20740D0E24B0
:107800001478FB7E3400075D321A261A247F012F7C
:10781000009081950BEA307D231A240E240E240E4D
:10782000247E3400035D320E341A261A242F102FC2
:10783000112F117E1456127E0400FE2F01693000B4
:10784000020B0A207A1BA06CAA9081970BEA207485
:107850000D0E241478FB7E3400075D321A261A249C
:107860007F012F009081970BEA307D231A240E248C
:107870000E240E247E3400035D320E341A261A24A0
:107880002F102F112F117E1456127E0400FE2F018F
:10789000693000020B0A207A1BA07E60019081955E
:1078A0000BEA00740D0E041478FB7E1400075D10C3
:1078B0001A021A007F202F222F229081950BEA2096
:1078C0007D021A000E040E040E047E1400035D10E7
:1078D0001A021A002F022F002F007E54565A7E449F
:1078E00000FE2F20691200020B2A007E0B704C76DE
:1078F0007A0B707E60019081950BEA00740D0E0486
:107900001478FB7E1400075D101A021A002F002F56
:10791000007E5456427E4400FE2F20691200020B66
:107920002A007E0B704C767A0B702290819D1BEAA8
:107930001090819B1BEA209081991BEA30908199DD
:107940000BEA300A4790819B0BEA500A5AC4035451
:1079500007BD54780474018001E47E145D267E0422
:1079600000FE7E3400F39AFDFEB89081990BEA3058
:107970000A4790819D0BEA500A5AC4035407BD542C
:10798000780474018001E47E145D267E0400FE7E8E
:107990003400F49AFDFEB890819B0BEA207E3400FF
:1079A000FF5D326D2274016D119AFD429C90819DA4
:1079B0000BEA207E3400FF5D326D2274016D119A56
:1079C000FD429C7E60FE90819B0BEA00740D0E04CC
:1079D0001478FB7E1400075D101A021A002F002F86
:1079E000007E5456427E4400FE2F20691200020B96
:1079F0002A007E0B705C767A0B7090819B0BEA30CC
:107A00007D431A480E440E440E447E5400035D54D8
:107A10003E5490819B0BEA307D231A247E34000370
:107A20005D3260053E341478FB7C6790819B0BEAE5
:107A300000740D0E041478FB7E1400075D101A020A
:107A40001A002F002F007E5455CA7E4400FE2F20BE
:107A5000691200020B2A007E0B704C767A0B709034
:107A6000819D0BEA307D431A480E440E440E447E3D
:107A70005400035D543E5490819D0BEA307D231ADF
:107A8000247E3400035D3260053E341478FB7C674D
:107A900090819D0BEA00740D0E041478FB7E140097
:107AA000075D101A021A002F002F007E5455CA7E5F
:107AB0004400FE2F20691200020B2A007E0B704C3E
:107AC000767A0B707EA0FF90819B0BEA20740D0EDE
:107AD000241478FB7E3400075D321A261A242F11F5
:107AE0002F117E1455B27E0400FE2F016930000272
:107AF0000B0A207A1BA07EA0FF90819B0BEA2074CA
:107B00000D0E241478FB7E3400075D321A261A24E9
:107B10007F012F002F007E3455B27E2400FE2F10EF
:107B2000691100020B1A007E1800012F107A1BA0A9
:107B30006CAA90819B0BEA20740D0E241478FB7EB6
:107B40003400075D321A261A242F112F117E145586
:107B5000227E0400FE2F01693000020B0A207A1BEE
:107B6000A06CAA90819B0BEA20740D0E241478FB64
:107B70007E3400075D321A261A247F012F002F0061
:107B80007E3455227E2400FE2F10691100020B1A4C
:107B9000007E1800012F107A1BA07EA00390819B0D
:107BA0000BEA20740D0E241478FB7E3400075D323E
:107BB0001A261A242F112F117E1455E27E0400FE7E
:107BC0002F01693000020B0A207A1BA06CAA908159
:107BD0009B0BEA20740D0E241478FB7E3400075DA5
:107BE000321A261A247F012F0090819B0BEA307DE8
:107BF000231A240E240E240E247E3400035D320E3C
:107C0000341A261A242F102F112F117E1456127E8B
:107C10000400FE2F01693000020B0A207A1BA06CC1
:107C2000AA90819D0BEA20740D0E241478FB7E34FB
:107C300000075D321A261A247F012F0090819D0BC8
:107C4000EA307D231A240E240E240E247E340003F1
:107C50005D320E341A261A242F102F112F117E1484
:107C600056127E0400FE2F01693000020B0A207AB2
:107C70001BA07E600190819B0BEA00740D0E041422
:107C800078FB7E1400075D101A021A007F202F2255
:107C90002F2290819B0BEA207D021A000E040E0415
:107CA0000E047E1400035D101A021A002F022F002A
:107CB0002F007E54565A7E4400FE2F206912000287
:107CC0000B2A007E0B704C767A0B707E60019081DF
:107CD0009D0BEA00740D0E041478FB7E1400075D02
:107CE000101A021A007F202F222F2290819D0BEA6A
:107CF000207D021A000E040E040E047E1400035DA3
:107D0000101A021A002F022F002F007E54565A7E9E
:107D10004400FE2F20691200020B2A007E0B704CDB
:107D2000767A0B707E600190819B0BEA00740D0ED9
:107D3000041478FB7E1400075D101A021A002F004D
:107D40002F007E5456427E4400FE2F20691200020E
:107D50000B2A007E0B704C767A0B70AA9081A31BC5
:107D6000EA109081A11BEA2090819F1BEA3090814C
:107D70009F0BEA207E341000BD23403E9081A30B70
:107D8000EA307E24FF005D236D33BD237804740147
:107D90008001E47E145D267E0400FE7E3401329A6A
:107DA000FDFEB890819F0BEA309081A10BEA2090F4
:107DB00081A30BEA1012730E801590819F0BEA309D
:107DC0009081A10BEA209081A30BEA101275EBAA17
:107DD0009081121BEA20793E00029F119081167952
:107DE0003E00021BEA207E140064908112693E006E
:107DF000020BEA209AFD57CA793E00021BEA208056
:107E0000517E1442407E04000F9082A4693E00021D
:107E10000BEA209AFD57D57E14000A9AFD57CA9A9C
:107E2000FE253F908116691E00020BEA007E1800B5
:107E3000012F10793E00021BEA20908116691E0076
:107E4000020BEA00908112693E00020BEA20BF108B
:107E5000280D7E3400259AFD3CF9BEB00068A29042
:107E60008116691E00020BEA00908112693E000231
:107E70000BEA20BF10380474018001E422907E25B3
:107E80001BEA20907E1F1BEA30907E1B1BEA0079C4
:107E90001E0002C3C2EC907E1B693E00020BEA206A
:107EA0004D236824907E1F0BEA306D22907EDF798F
:107EB0003E00021BEA207E340001907E1B691E00FA
:107EC000020BEA009AFC7B43907E21693E00020B84
:107ED000EA204D236824907E250BEA306D22907EA7
:107EE000DF793E00021BEA207E340001907E21698A
:107EF0001E00020BEA009AFC7B43D3D2EC22908254
:107F00000F1BEA3090820B1BEA00791E0002C3C2ED
:107F1000EC90820B693E00020BEA20907C31793EA6
:107F200000021BEA207E180004907C35793E000296
:107F30001BEA207E34000190820B691E00020BEACE
:107F4000009AFC7F7A90820F0BEA206D33BD236884
:107F50003C90820B693E00020BEA200B36907C318C
:107F6000793E00021BEA2090820F0BEA306D2290CE
:107F70007C35793E00021BEA207E34000190820BA2
:107F8000691E00020BEA000B169AFC7F7A90820BA6
:107F9000693E00020BEA200B350B1A107E0400FF2D
:107FA0005D017C016C1190820B693E00020BEA209E
:107FB0000B350B1A107D310A367E1400FF5D134D10
:107FC0001090820B693E00020BEA200B351B1A1041
:107FD000D3D2EC22907F5F1BEA20793E0002907F93
:107FE0005B1BEA00791E0002C3C2EC7402907F5F43
:107FF000693E00020BEA207A1BB0907F630BEA1007
:108000007E0400FF5D017C016C11907F630BEA1020
:108010007D310A367E1400FF5D134D10907F5F693D
:108020003E00020BEA200B351B1A10907F5F693E61
:1080300000020BEA20907C31793E00021BEA207E90
:10804000180004907C35793E00021BEA207E340043
:1080500001907F5F691E00020BEA009AFC7F7A9014
:108060007F630BEA207E340020BD325066907F5F34
:10807000693E00020BEA200B36907C31793E00020B
:108080001BEA207E180020907C35793E00021BEA16
:10809000207E340001907F5B691E00020BEA009A8B
:1080A000FC7F7A907F630BEA307E2400209D326D46
:1080B00022907EDF793E00021BEA207E3400019090
:1080C0007F5B691E00020BEA002E1400209AFC7BE5
:1080D00043805C907F630BEA30CA39907F5B693ED6
:1080E00000020BEA20907F5F691E00020BEA000B82
:1080F000169AFCFFCB1BFD907F5F693E00020BEAE6
:10810000200B36907C31793E00021BEA207E18005D
:1081100020907C35793E00021BEA207E34000190DD
:108120007F5F691E00020BEA000B169AFC7F7A90B3
:108130007F5F693E00020BEA200B350B1A107E04AC
:1081400000FF5D017C016C11907F5F693E00020BB6
:10815000EA200B350B1A107D310A367E1400FF5DC4
:10816000134D10907F5F693E00020BEA200B351B18
:108170001A10D3D2EC22907B341BEA20907B301B68
:10818000EA00791E0002907B2E1BEA307401907B7E
:108190003AF0907B2E0BEA50907B3BF0907B340BB7
:1081A000EA30907B3D1BEA30907B36693E00020B43
:1081B000EA20127DD0BEB0006803028247907B3077
:1081C000693E00020BEA20907E21793E00021BEA04
:1081D000207E147B3B7E0400017E340004907B34BF
:1081E0000BEA20127E7D907B36693E00020BEA206E
:1081F000127DD0BEB000784F7402907B3BF06D339F
:10820000907B3D1BEA307E147B3B7E040001907B1B
:108210003D0BEA30127EFE7E1442407E04000F9039
:1082200082A4693E00020BEA209AFD57D57E140015
:10823000149AFD57CA9AFE253F907B3BE0BEB08062
:108240007805E4907B3AF0907B3AE022907EB21B76
:10825000EA00791E0002907EB01BEA307401907E25
:10826000BAF0907EB6693E00020BEA20127DD0BEC5
:10827000B000787A907EB00BEA10907EB2693E0032
:10828000020BEA207A1B309F11907E21793E00027A
:108290001BEA20907EB2691E00020BEA007E3400C9
:1082A000206D22127E7D907EB6693E00020BEA2090
:1082B000127DD0BEB00078367402907EB2693E0066
:1082C000020BEA207A1BB06D11907EB2693E00026B
:1082D0000BEA200B351B1A10907EB2691E00020BB0
:1082E000EA007E340020127EFEE4907EBAF0907E9A
:1082F000BAE0227E345A5B7E2400FE7E1475937EA3
:1083000004000174249AFD585C7E1803E8907EB640
:10831000793E00021BEA207E3400207E1475937E95
:1083200004000112824C907592F0907592E0BEB0FC
:10833000007827907593E0BEB0A0781E9075950BDD
:10834000EA30CA397E3475977E2400017E145D219F
:108350007E0400019AFCFFCB1BFD907592E0227E0B
:108360001803E8907EB6793E00021BEA207E3400B6
:10837000217E1475B87E04000112824C9075B7F00E
:108380009075B7E0BEB00078279075B8E0BEB0A198
:10839000781E9075BA0BEA30CA397E3475BC7E24DB
:1083A00000017E145D447E0400019AFCFFCB1BFD9E
:1083B0009075B7E0227E1803E8907EB6793E000201
:1083C0001BEA207E3400227E1475DD7E040001123B
:1083D000824C9075DCF09075DCE0BEB000782790A0
:1083E00075DDE0BEB0A2781E9075DF0BEA30CA39A9
:1083F0007E3475E17E2400017E145D087E04000158
:108400009AFCFFCB1BFD9075DCE022907351F0903D
:10841000734D1BEA00791E000290734B1BEA307407
:1084200001907352F09073517EEBA0741EBCAB5060
:10843000030285297E340002CA397E345A587E24CC
:1084400000FE7E145D217E0400019AFE29151BFDAD
:10845000BEB000680302852990734B0BEA407E543E
:1084600000232D547E4400019D54907377F0907347
:108470004B0BEA407E5400A32D547E4400019D54D2
:10848000907378F07E1803E8907EB6793E00021B68
:10849000EA20907377E00A3B7E1473537E04000158
:1084A00012824C907352F0907352E0BEB000787913
:1084B0009073537EEBA0907378E0BCBA786B7E34F7
:1084C0000002CA397E345A557E2400FE7E1473574A
:1084D0007E0400019AFE29151BFD907352F09073E3
:1084E00052E0BEB00078429073550BEA307E240013
:1084F000039D32CA397E34735A7E24000190734D35
:10850000691E00020BEA009AFCFFCB1BFDE490738E
:10851000550BEA107E0400039D1090734D693E00D8
:10852000020BEA202D317A1BB0907352E0AA9081A1
:10853000611BEA3090815D1BEA00791E0002E49025
:108540008163F07E340002CA397E345A587E24009A
:10855000FE7E145D217E0400019AFE29151BFDBEDE
:10856000B00078607E182710907B36793E00021BA1
:10857000EA207E3400129F006D2212817690816382
:10858000F0908163E0BEB000783A801E7E1403E86C
:108590009082A4693E00020BEA209AFD57D37E1414
:1085A000000A9AFD57CA9AFE253F90815D691E0018
:1085B000020BEA009081610BEA306D229AFD8A3B42
:1085C0004D2368C8908163E0AA906F631BEA20790D
:1085D0003E0002906F5F1BEA00791E0002906F63FD
:1085E000693E00020BEA204D236844906F5F693EAC
:1085F00000020BEA20907543793E00021BEA2090AE
:108600006F63693E00020BEA2090753F793E0002DD
:108610001BEA207E146F687E0400017E345A4C7E73
:108620002400FE9AFD486A906FA81BEA30802E90C5
:108630006F5F693E00020BEA20907543793E0002AD
:108640001BEA207E146F687E0400017E345A477E48
:108650002400FE9AFD486A906FA81BEA307E182716
:1086600010907B36793E00021BEA207E3400107E9B
:10867000146F687E040001906FA80BEA20128176C7
:10868000906F67F01283B5906F67E0AA90713B1B03
:10869000EA20793E00029071371BEA00791E000241
:1086A000907137693E00020BEA20907543793E00D5
:1086B000021BEA2090713B693E00020BEA20907594
:1086C0003F793E00021BEA2090713F693E00020B99
:1086D000EA2090753B793E00021BEA2090714369C5
:1086E0003E00020BEA20907537793E00021BEA201B
:1086F0007E1471487E0400017E345A367E2400FECA
:108700009AFD486A9071711BEA307E18C350907BC5
:1087100036793E00021BEA207E3400117E14714837
:108720007E0400019071710BEA20128176907147EE
:10873000F01283B5907147E0AA7E1803E8907EB6E8
:10874000793E00021BEA207E3400047E1476267EE9
:1087500004000112824CAA7401908290F07401907E
:108760008291F07E34A5A59082931BEA307E180397
:10877000E8127DD0908290F0908290E0BEB00078B8
:108780001D9F11907E21793E00021BEA207E1482FB
:10879000917E0400017E3400046D22127E7D908261
:1087A00090E0AA7401907601F06D22905D580BEA7A
:1087B00030BD3268030288737E340001905D581B1F
:1087C000EA307E1803E8127DD0BEB000680302884C
:1087D0006B7403907602F06D339076041BEA307E62
:1087E0001476027E0400017E340020127EFE907614
:1087F00002E0BEB0906809907602E0BEB091783297
:108800009076040BEA206D33BD2368269076040B26
:10881000EA306D22907A42793E00021BEA207E14F3
:108820005D2D7E0400017E3476067E2400019AFDD3
:1088300091B97E1803E8127DD0BEB000782D740285
:10884000907602F06D339076041BEA307E14760247
:108850007E0400019076040BEA30127EFE907602D0
:10886000E0BEB0807805E4907601F06D33905D58FD
:108870001BEA30907601E0AA90737D1BEA20793ED6
:1088800000029073791BEA00791E00026D22905D50
:10889000580BEA30BD326803028A077E340001902B
:1088A0005D581BEA3002897690737D693E00020BA9
:1088B000EA20BE180FF828067E340FF8800A90735D
:1088C0007D693E00020BEA209073811BEA307E181E
:1088D00003E8127DD0BEB0006803028987907381DF
:1088E0000BEA30907F631BEA30907379691E0002B7
:1088F0000BEA007E3473837E240001127FD49073D0
:1089000083E0BEB0906809907383E0BEB091783286
:108910009073850BEA206D33BD2368269073850B19
:10892000EA306D22907A42793E00021BEA207E14E2
:108930005D2D7E0400017E3473877E2400019AFD44
:1089400091B99073810BEA106D0090737D693E00C0
:10895000020BEA209F10793E00021BEA20907381EF
:108960000BEA10907379693E00020BEA202D3179F1
:108970003E00021BEA2090737D693E00020BEA2054
:108980004D2368030288A8806D7E1803E8127DD00D
:10899000BEB000786A7402907383F06D3390738573
:1089A0001BEA307E1473837E0400017E34002012A3
:1089B0007EFE907383E0BEB0906809907383E0BE42
:1089C000B09178329073850BEA206D33BD23682611
:1089D0009073850BEA306D22907A42793E00021B3B
:1089E000EA207E145D2D7E0400017E3473877E2490
:1089F00000019AFD91B9907383E0BEB090688A6DD2
:108A000033905D581BEA3090737D693E00020BEA9B
:108A100020AA90832C1BEA00791E000290832C6907
:108A20001E00020BEA009AFCFFF06D2290832C6975
:108A30001E00020BEA009AFD8878AA9072871BEA52
:108A400020793E00029072831BEA00791E00029F8B
:108A50001190728F793E00021BEA20907283693E6A
:108A600000020BEA204D23680474018001E47E14A7
:108A70005A077E0400FE7E3402A19AFDFEB87E14E1
:108A80005D2D7E0400019AFD915F4D237803028BDA
:108A9000687E145D2D7E0400019AFD915F90728BBB
:108AA000793E00021BEA2090728B691E00020BEADD
:108AB00000907287693E00020BEA20BF10500C90B4
:108AC0007287693E00020BEA20800A90728B693E31
:108AD00000020BEA2090728B793E00021BEA207E96
:108AE00034728B7E24000190789E793E00021BEA4E
:108AF000206D339078A21BEA307E145D2D7E040039
:108B000001907283693E00020BEA209AFD976B90F8
:108B1000728B693E00020BEA207D13907283693EDE
:108B200000020BEA202D31793E00021BEA209072F0
:108B30008B691E00020BEA00907287693E00020BEF
:108B4000EA209F10793E00021BEA2090728B691E7A
:108B500000020BEA0090728F693E00020BEA202FA0
:108B600010793E00021BEA206D22905D580BEA301E
:108B7000BD326803028D3B7E340001905D581BEAD4
:108B800030905D3C693E00020BEA20BE1800205088
:108B900003028D337E1803E8127DD00A2B6D33BD9E
:108BA000236803028D337402907293F06D339072D8
:108BB000951BEA307E1472937E0400017E340020FF
:108BC000127EFE907293E0BEB090680C907293E0BB
:108BD000BEB0916803028D279072950BEA206D3329
:108BE000BD237803028D27907287693E00020BEA4D
:108BF000204D237803028D019072950BEA106D00D1
:108C0000907287693E00020BEA20BF10400A907202
:108C1000950BEA306D22800A907287693E00020B44
:108C2000EA2090728B793E00021BEA2090728B69D9
:108C30003E00020BEA20CA397E3472977E2400017E
:108C4000907283691E00020BEA009AFCFFCB1BFDA9
:108C500090728B693E00020BEA207D13907283694B
:108C60003E00020BEA202D31793E00021BEA2090E3
:108C7000728B691E00020BEA00907287693E000247
:108C80000BEA209F10793E00021BEA2090728B694C
:108C90001E00020BEA0090728F693E00020BEA2070
:108CA0002F10793E00021BEA209072950BEA106D9E
:108CB0000090728B693E00020BEA20BF1050689052
:108CC00072950BEA306D2290728B691E00020BEADE
:108CD000009F10907A42793E00021BEA207E145DCC
:108CE0002D7E04000190728B693E00020BEA207D0C
:108CF000237E3472972D327E2400019AFD91B98033
:108D0000269072950BEA306D22907A42793E0002ED
:108D10001BEA207E145D2D7E0400017E3472977E56
:108D20002400019AFD91B9907293E0BEB09078034F
:108D3000028B816D33905D581BEA3090728F693ED3
:108D400000020BEA20AA9080151BEA20793E00025F
:108D50009080111BEA00791E0002E4908019F07ED9
:108D60003459087E240001907BEB793E00021BEA17
:108D7000207E180400907BEF793E00021BEA207EE3
:108D8000145D2D7E0400016D339AFD9D287E341301
:108D90009390796D1BEA307E34139190796F1BEAC2
:108DA000307E3413929079711BEA307E34FFFF904D
:108DB00079731BEA307E3400017E2400037E146C3C
:108DC000007E0402DC9AFC80167E3400747E24004F
:108DD0000174017E1400109AFD429C7E3400577E7F
:108DE00024000174017E1400109AFD429C7E340020
:108DF000256D22E47E1400029AFD429C7E340057C9
:108E0000E49AFD3EF67E1403E89082A4693E0002D7
:108E10000BEA209AFD57D37E14000A9AFD57CA9A8E
:108E2000FE253F7E34005774019AFD3EF67E140302
:108E3000E89082A4693E00020BEA209AFD57D37E97
:108E40001400649AFD57CA9AFE253F6D33905D5811
:108E50001BEA301282F3908019F0908019E0BEB0C6
:108E600000782D12835F908011693E00020BEA208A
:108E70004D23681C908011691E00020BEA0090804F
:108E800015693E00020BEA209AFD85C9908019F011
:108E9000908019E0AA9080761BEA20793E0002902B
:108EA00080721BEA00791E0002908076695E0002E3
:108EB0000BEA40908072691E00020BEA002E14003B
:108EC00007693000020B0A202F12793000021B0ABA
:108ED000208033908072693E00020BEA202E34001D
:108EE00013695100020B1A40908072691E00020B38
:108EF000EA002E140007693000020B0A209F127945
:108F00003000021B0A20908072693E00020BEA20AA
:108F10002E340007691100020B1A00908072695EFE
:108F200000020BEA402E540013693200020B2A2083
:108F3000BF10289F2290807E1BEA20793E0002907D
:108F4000807A1BEA00791E000290807E695E000232
:108F50000BEA4090807A691E00020BEA002E140092
:108F60000B693000020B0A202F12793000021B0A15
:108F700020803390807A693E00020BEA202E340074
:108F800013695100020B1A4090807A691E00020B8F
:108F9000EA002E14000B693000020B0A209F1279A0
:108FA0003000021B0A2090807A693E00020BEA2002
:108FB0002E34000B691100020B1A0090807A695E52
:108FC00000020BEA402E540013693200020B2A20E3
:108FD000BF10289F229081871BEA00791E00026D36
:108FE0003390818B1BEA30908187693E00020BEA47
:108FF000204D23680474018001E47E145DDD7E044D
:1090000000FE7E3400579AFDFEB8908187693E00CD
:10901000020BEA207E1BB0BEB000680D7E3400015A
:1090200090818B1BEA300291587401908187691EF0
:1090300000020BEA007E0B704C7B7A0B709F009055
:109040008187693E00020BEA202E34000779110067
:10905000021B1A009F00908187693E00020BEA20E4
:109060002E34000B791100021B1A00908187693E93
:1090700000020BEA202E340013691100020B1A00C3
:10908000908187693E00020BEA202E34000F79118F
:1090900000021B1A00908187693E00020BEA200B38
:1090A000340B1A301B34683C1B34686B0B35680377
:1090B00002914A908187691E00020BEA002E14007B
:1090C00013693000020B0A20908187695E00020B51
:1090D000EA402E540003691200020B2A00E49AFEB3
:1090E000294C8066908187691E00020BEA002E14CD
:1090F0000013693000020B0A203E34908187695EBC
:1091000000020BEA402E540003691200020B2A00F1
:10911000E49AFE294C8033908187691E00020BEA95
:10912000002E140013693000020B0A203E343E3436
:10913000908187695E00020BEA402E540003691299
:1091400000020B2A00E49AFE294CE4908187693ED4
:1091500000020BEA207A1BB090818B0BEA30AA90B8
:1091600082A81BEA00791E00029082A8693E0002D4
:109170000BEA204D23680474018001E47E145DDD58
:109180007E0400FE7E3400789AFDFEB89082A869C5
:109190003E00020BEA202E34000F691100020B1A68
:1091A000009082A8695E00020BEA402E5400136909
:1091B0003200020B2A209F10AA907A3E1BEA2079E7
:1091C0003E0002907A3A1BEA00791E00026D33904D
:1091D0007A461BEA309F11907A48793E00021BEADA
:1091E00020907A3A693E00020BEA204D236804740D
:1091F000018001E47E145DDD7E0400FE7E3400B457
:109200009AFDFEB8907A3E693E00020BEA204D239B
:10921000780D7E340003907A461BEA300297649002
:109220007A3A693E00020BEA207E1B700A377E24E0
:1092300000055D236D33BD23680D7E340004907AF4
:10924000461BEA300297647404907A3A691E000261
:109250000BEA007E0B704C7B7A0B70907A3A693E79
:1092600000020BEA202E34000F691100020B1A00D5
:10927000907A42693E00020BEA20BF102803029751
:1092800046907A3A693E00020BEA202E34000769C4
:109290001100020B1A00907A3A695E00020BEA4054
:1092A0002E540013693200020B2A209F10907A4836
:1092B000793E00021BEA20907A48691E00020BEA00
:1092C00000907A42693E00020BEA20BF1038030288
:1092D00095CD907A3A693E00020BEA200B340B1AC6
:1092E000301B3478030293E11B3478030294D20BD1
:1092F00035680302971C907A48693E00020BEA2009
:10930000CA39907A3A691E00020BEA002E1400074F
:10931000693000020B0A20907A3A695E00020BEA7B
:10932000402E540003691200020B2A002D13907A7C
:109330003E693E00020BEA209AFCFFCB1BFD907AAF
:109340003A691E00020BEA00907A48693E00020B5F
:10935000EA20128E95907A48693E00020BEA207D41
:1093600023907A42691E00020BEA007D319D32CAC9
:1093700039907A3A691E00020BEA002E1400076940
:109380003000020B0A20907A3A695E00020BEA4034
:109390002E540003691200020B2A002D13907A4804
:1093A000693E00020BEA207D53907A3E693E00023E
:1093B0000BEA202D359AFCFFCB1BFD907A3A691EF3
:1093C00000020BEA00907A48695E00020BEA4090C6
:1093D0007A42693E00020BEA209F12128E95029794
:1093E0001C907A48693E00020BEA203E34CA39904C
:1093F0007A3A691E00020BEA002E14000769300059
:10940000020B0A203E34907A3A695E00020BEA4071
:109410002E540003691200020B2A002D13907A3E8D
:10942000693E00020BEA209AFCFFCB1BFD907A3AC2
:10943000691E00020BEA00907A48693E00020BEABE
:1094400020128E95907A48691E00020BEA00907AED
:1094500042693E00020BEA209F103E34CA39907ADE
:109460003A691E00020BEA002E1400076930000260
:109470000B0A203E34907A3A695E00020BEA402ED5
:10948000540003691200020B2A002D13907A4869D8
:109490003E00020BEA207D533E54907A3E693E0026
:1094A000020BEA202D359AFCFFCB1BFD907A3A691E
:1094B0001E00020BEA00907A48695E00020BEA4047
:1094C000907A42693E00020BEA209F12128E9502AA
:1094D000971C907A48693E00020BEA203E343E34E5
:1094E000CA39907A3A691E00020BEA002E1400076E
:1094F000693000020B0A203E343E34907A3A695EAD
:1095000000020BEA402E540003691200020B2A00ED
:109510002D13907A3E693E00020BEA209AFCFFCBA5
:109520001BFD907A3A691E00020BEA00907A4869A6
:109530003E00020BEA20128E95907A48691E0002C6
:109540000BEA00907A42693E00020BEA209F103E2F
:10955000343E34CA39907A3A691E00020BEA002E72
:10956000140007693000020B0A203E343E34907A22
:109570003A695E00020BEA402E54000369120002B1
:109580000B2A002D13907A48693E00020BEA207DD9
:10959000533E543E54907A3E693E00020BEA202D21
:1095A000359AFCFFCB1BFD907A3A691E00020BEA4C
:1095B00000907A48695E00020BEA40907A42693E68
:1095C00000020BEA209F12128E9502971C907A3AA5
:1095D000693E00020BEA200B340B1A301B34687012
:1095E0001B3478030296B50B35680302971C907AFA
:1095F00042693E00020BEA20CA39907A3A691E009D
:10960000020BEA002E140007693000020B0A2090BA
:109610007A3A695E00020BEA402E54000369120098
:10962000020B2A002D13907A3E693E00020BEA20BD
:109630009AFCFFCB1BFD907A3A691E00020BEA00F0
:10964000907A42693E00020BEA20128E9502971C26
:10965000907A42693E00020BEA203E34CA39907A81
:109660003A691E00020BEA002E140007693000025E
:109670000B0A203E34907A3A695E00020BEA402ED3
:10968000540003691200020B2A002D13907A3E69E0
:109690003E00020BEA209AFCFFCB1BFD907A3A6950
:1096A0001E00020BEA00907A42693E00020BEA209B
:1096B000128E958067907A42693E00020BEA203E46
:1096C000343E34CA39907A3A691E00020BEA002E01
:1096D000140007693000020B0A203E343E34907AB1
:1096E0003A695E00020BEA402E5400036912000240
:1096F0000B2A002D13907A3E693E00020BEA209A55
:10970000FCFFCB1BFD907A3A691E00020BEA009029
:109710007A42693E00020BEA20128E95907A4269E5
:109720005E00020BEA40907A3A691E00020BEA00E2
:109730002E14000F693000020B0A209F12793000AE
:10974000021B0A20800A7E340005907A461BEA300C
:1097500074FB907A3A691E00020BEA007E0B705C83
:109760007B7A0B70907A460BEA30AA90789A1BEAC3
:1097700020793E00029078961BEA00791E00026D67
:10978000339078A41BEA309F119078A6793E0002AE
:109790001BEA209F119078AA793E00021BEA2090D4
:1097A0007896693E00020BEA204D2368047401801C
:1097B00001E47E145DDD7E0400FE7E3401679AFDC7
:1097C000FEB890789E693E00020BEA204D236804A3
:1097D00074018001E47E145DDD7E0400FE7E3401B0
:1097E000689AFDFEB890789A693E00020BEA204D17
:1097F00023780D7E3400039078A41BEA30029C7F0E
:10980000907896693E00020BEA207E1B700A377E34
:109810002400035D236D33BD2368289078AA691E58
:1098200000020BEA0090789E693E00020BEA207964
:109830001100021B1A007E3400069078A41BEA3047
:10984000029D21907896691E00020BEA009AFD9114
:109850005F9078AA793E00021BEA2090789E693ECC
:1098600000020BEA20691100020B1A009078AA6925
:109870003E00020BEA20BF01284A9078AA691E0028
:10988000020BEA0090789E693E00020BEA207911F3
:1098900000021B1A007E3400079078A41BEA309067
:1098A00078AA693E00020BEA204D23781774F790DE
:1098B0007896691E00020BEA007E0B705C7B7A0BC7
:1098C00070029D217408907896691E00020BEA00D0
:1098D0007E0B704C7B7A0B70907896693E00020B81
:1098E000EA202E34000B691100020B1A00907896C2
:1098F000695E00020BEA402E540013693200020B2D
:109900002A209F109078A6793E00021BEA209078CA
:109910009E693E00020BEA20691100020B1A0090BA
:1099200078A6693E00020BEA20BF012803029A597B
:10993000907896693E00020BEA200B340B1A301B1C
:109940003468621B3478030299FD0B356803029C6E
:109950006B90789E691E00020BEA00693000020BD2
:109960000A20CA39907896691E00020BEA002E146C
:10997000000B693000020B0A207D13907896695E17
:1099800000020BEA402E540003693200020B2A2029
:109990002D3190789A691E00020BEA009AFCFFCBE9
:1099A0001BFD029C6B90789E691E00020BEA006909
:1099B0003000020B0A203E34CA39907896691E00A6
:1099C000020BEA002E14000B693000020B0A207D06
:1099D000133E14907896695E00020BEA402E540004
:1099E00003693200020B2A202D3190789A691E00FB
:1099F000020BEA009AFCFFCB1BFD029C6B90789E49
:109A0000691E00020BEA00693000020B0A203E3496
:109A10003E34CA39907896691E00020BEA002E1473
:109A2000000B693000020B0A207D133E143E149097
:109A30007896695E00020BEA402E540003693200FA
:109A4000020B2A202D3190789A691E00020BEA0041
:109A50009AFCFFCB1BFD029C6B907896693E00023E
:109A60000BEA200B340B1A301B347803029B1C1BAF
:109A7000347803029BC10B356803029C6B9078A677
:109A8000693E00020BEA20CA39907896691E0002EE
:109A90000BEA002E14000B693000020B0A207D1324
:109AA000907896695E00020BEA402E5400036932FA
:109AB00000020B2A202D3190789A691E00020BEAD1
:109AC000009AFCFFCB1BFD90789E691E00020BEAFA
:109AD00000693000020B0A209078A6691E00020B74
:109AE000EA007D219D32CA399078A6693E00020BBA
:109AF000EA2090789A691E00020BEA002D139078F4
:109B000096695E00020BEA402E540003693200029F
:109B10000B2A209AFCFFCB1BFD029C6B9078A66958
:109B20003E00020BEA203E34CA39907896691E0046
:109B3000020BEA002E14000B693000020B0A207D94
:109B4000133E14907896695E00020BEA402E540092
:109B500003693200020B2A202D3190789A691E0089
:109B6000020BEA009AFCFFCB1BFD90789E691E0059
:109B7000020BEA00693000020B0A209078A6691EE9
:109B800000020BEA009F103E34CA399078A6693E65
:109B900000020BEA203E3490789A691E00020BEA1C
:109BA000002D13907896695E00020BEA402E540057
:109BB00003693200020B2A209AFCFFCB1BFD029C9A
:109BC0006B9078A6693E00020BEA203E343E34CA10
:109BD00039907896691E00020BEA002E14000B697A
:109BE0003000020B0A207D133E143E1490789669D3
:109BF0005E00020BEA402E540003693200020B2A79
:109C0000202D3190789A691E00020BEA009AFCFF21
:109C1000CB1BFD90789E691E00020BEA00693000A4
:109C2000020B0A209078A6691E00020BEA009F1022
:109C30003E343E34CA399078A6693E00020BEA20D1
:109C40003E343E3490789A691E00020BEA002D13D0
:109C5000907896695E00020BEA402E540003693248
:109C600000020B2A209AFCFFCB1BFD74F79078961C
:109C7000691E00020BEA007E0B705C7B7A0B706D34
:109C8000229078A20BEA30BD326803029D219078C1
:109C900096693E00020BEA207E1BB0BEB00B780C2A
:109CA0007E3400029078A41BEA30807574029078AC
:109CB00096691E00020BEA007E0B704C7B7A0B70DB
:109CC000907896691E00020BEA0090789E695E000B
:109CD000020BEA40693200020B2A20128F3590787D
:109CE0009E693E00020BEA20695100020B1A409067
:109CF0007896691E00020BEA002E14000F693000EE
:109D0000020B0A202F12793000021B0A2074FD90EA
:109D10007896691E00020BEA007E0B705C7B7A0B62
:109D2000709078A40BEA30AA907BE91BEA30907B14
:109D3000E51BEA00791E0002907BE5693E00020BFC
:109D4000EA204D23680474018001E47E145DDD7E09
:109D50000400FE7E3402259AFDFEB8907BEB691E5E
:109D600000020BEA00907BE5693E00020BEA202E20
:109D7000340003791100021B1A00E4907BE5693E70
:109D800000020BEA207A1BB0907BE90BEA10907B73
:109D9000E5693E00020BEA200B341B1A109F00906D
:109DA0007BE5693E00020BEA202E340007791100A2
:109DB000021B1A009F00907BE5693E00020BEA201F
:109DC0002E34000B791100021B1A00907BEF691EE4
:109DD00000020BEA00907BE5693E00020BEA202EB0
:109DE00034000F791100021B1A00907BEF691E00EE
:109DF000020BEA00907BE5693E00020BEA202E345C
:109E00000013791100021B1A006D33AA9071771BA1
:109E1000EA20793E00029071731BEA00791E00026D
:109E2000907177691E00020BEA00693000020B0A8C
:109E30002090717F793E00021BEA20907177691EA5
:109E400000020BEA000B16693000020B0A20907129
:109E500083793E00021BEA20907177691E00020B95
:109E6000EA002E140008693000020B0A2090718766
:109E7000793E00021BEA20907177691E00020BEA0E
:109E8000002E14000C693000020B0A2090718B79AF
:109E90003E00021BEA2090717B691E00020BEA0063
:109EA000693000020B0A2090718F793E00021BEA94
:109EB0002090717B691E00020BEA000B16693000CE
:109EC000020B0A20907193793E00021BEA209071E8
:109ED0007B691E00020BEA002E14000869300002A4
:109EE0000B0A20907197793E00021BEA2090717B4B
:109EF000691E00020BEA002E14000C693000020BF0
:109F00000A2090719B793E00021BEA2090719369B0
:109F10001E00020BEA00907183693E00020BEA20EA
:109F20009AFD55987F7190718F691E00020BEA00AF
:109F300090717F693E00020BEA209AFD55987F07D9
:109F40009AFD54DD7F71907197691E00020BEA0043
:109F5000907187693E00020BEA209AFD55987F01B7
:109F60007F179AFD54DD7F7190719B691E00020B73
:109F7000EA0090718B693E00020BEA209AFD559829
:109F80007F017F179AFD54DD90719F793E00021B7F
:109F9000EA2090718F691E00020BEA0090718369BC
:109FA0003E00020BEA209AFD55987F7190719369EB
:109FB0001E00020BEA0090717F693E00020BEA204E
:109FC0009AFD55987F079AFD54E07F7190719B69C7
:109FD0001E00020BEA00907187693E00020BEA2026
:109FE0009AFD55987F017F179AFD54E07F7190711B
:109FF00097691E00020BEA0090718B693E00020B0C
:10A00000EA209AFD55987F017F179AFD54DD9071E3
:10A01000A3793E00021BEA2090719B691E00020B8F
:10A02000EA00907183693E00020BEA209AFD559880
:10A030007F71907197691E00020BEA0090717F6931
:10A040003E00020BEA209AFD55987F079AFD54DDE9
:10A050007F7190718F691E00020BEA009071876911
:10A060003E00020BEA209AFD55987F017F179AFD6A
:10A0700054E07F71907193691E00020BEA009071A9
:10A080008B693E00020BEA209AFD55987F017F17ED
:10A090009AFD54E09071A7793E00021BEA2090716E
:10A0A00097691E00020BEA00907183693E00020B63
:10A0B000EA209AFD55987F7190719B691E00020BF2
:10A0C000EA0090717F693E00020BEA209AFD5598E4
:10A0D0007F079AFD54E07F71907193691E00020B17
:10A0E000EA00907187693E00020BEA209AFD5598BC
:10A0F0007F017F179AFD54DD7F7190718F691E007B
:10A10000020BEA0090718B693E00020BEA209AFD77
:10A1100055987F017F179AFD54E09071AB793E000E
:10A12000021BEA2090719F691E00020BEA009071E9
:10A1300073693E00020BEA20791100021B1A00909D
:10A1400071A3691E00020BEA00907173693E000260
:10A150000BEA200B36791100021B1A009071A769D7
:10A160001E00020BEA00907173693E00020BEA20A8
:10A170002E340008791100021B1A009071AB691E81
:10A1800000020BEA00907173693E00020BEA202E78
:10A1900034000C791100021B1A00AA9081361BEAC8
:10A1A00020793E00029081321BEA00791E00029065
:10A1B0008136693E00020BEA20691100020B1A0089
:10A1C000908132693E00020BEA20791100021B1ACD
:10A1D00000908136691E00020BEA000B1669300000
:10A1E000020B0A209AFD56FF7F01908132693E00E2
:10A1F000020BEA200B36791100021B1A00908136FF
:10A20000691E00020BEA002E140008693000020BE0
:10A210000A209AFD56FF7F01908132693E00020BB1
:10A22000EA202E340008791100021B1A00908136B2
:10A23000691E00020BEA002E14000C693000020BAC
:10A240000A209AFD56FF7F01908132693E00020B81
:10A25000EA202E34000C791100021B1A00AA907912
:10A26000A11BEA00791E00029079A1693E00020B51
:10A27000EA20691100020B1A009079A1695E0002C0
:10A280000BEA40693200020B2A209AFD559890791A
:10A29000A5793E00021BEA209079A1693E00020BDD
:10A2A000EA200B36691100020B1A009079A1695E51
:10A2B00000020BEA400B56693200020B2A209AFD7D
:10A2C00055989079A9793E00021BEA209079A169FE
:10A2D0003E00020BEA202E340008691100020B1A1E
:10A2E000009079A1695E00020BEA402E54000869D3
:10A2F0003200020B2A209AFD55989079AD793E00E4
:10A30000021BEA209079A1693E00020BEA202E345C
:10A31000000C691100020B1A009079A1695E00021D
:10A320000BEA402E54000C693200020B2A209AFDE1
:10A3300055989079B1793E00021BEA209079A9697D
:10A340001E00020BEA009079A5693E00020BEA208C
:10A350009AFD54E09079AD691E00020BEA009AFD67
:10A3600054E09079B1691E00020BEA009AFD54E0B6
:10A370009AFD47C49AFD48909AFD4806AA9076D067
:10A380001BEA20793E00029076CC1BEA00791E0081
:10A39000029076D0691E00020BEA009AFDA25E9040
:10A3A00076D4793E00021BEA207E14705F7E043072
:10A3B000899076D4693E00020BEA209AFD56B95086
:10A3C0005D6D117E043F809076CC693E00020BEA01
:10A3D00020791100021B1A009F009076CC693E0084
:10A3E000020BEA200B36791100021B1A009F009025
:10A3F00076CC693E00020BEA202E34000879110069
:10A40000021B1A009F009076CC693E00020BEA20E6
:10A410002E34000C791100021B1A0002A560907600
:10A42000D4691E00020BEA006D337E243F809AFD42
:10A4300056389076D8793E00021BEA209076D06993
:10A440001E00020BEA00693000020B0A209076D849
:10A45000691E00020BEA009AFD55989076DC793E61
:10A4600000021BEA209076D0691E00020BEA000B66
:10A4700016693000020B0A209076D8691E00020B84
:10A48000EA009AFD55989076E0793E00021BEA209A
:10A490009076D0691E00020BEA002E140008693085
:10A4A00000020B0A209076D8691E00020BEA009A7F
:10A4B000FD55989076E4793E00021BEA209076D014
:10A4C000691E00020BEA002E14000C693000020B1A
:10A4D0000A209076D8691E00020BEA009AFD559872
:10A4E0009076E8793E00021BEA209076DC691E0037
:10A4F000020BEA009076CC693E00020BEA2079114B
:10A5000000021B1A009076E0691E00020BEA009020
:10A5100076CC693E00020BEA200B36791100021B53
:10A520001A009076E4691E00020BEA009076CC696E
:10A530003E00020BEA202E340008791100021B1A9B
:10A54000009076E8691E00020BEA009076CC693E26
:10A5500000020BEA202E34000C791100021B1A00B5
:10A56000AA9072BB1BEA20793E00029072B71BEAE8
:10A5700000791E00029072BB691E00020BEA009077
:10A5800072BB693E00020BEA209AFD55989072CB8F
:10A59000793E00021BEA209072BF691E00020BEA9E
:10A5A000009072BF693E00020BEA209AFD55989018
:10A5B00072CF793E00021BEA209072C3691E00022E
:10A5C0000BEA009072C3693E00020BEA209AFD5527
:10A5D000989072D3793E00021BEA209072CF691ED8
:10A5E00000020BEA009072CB693E00020BEA209A4F
:10A5F000FD54E09072D3691E00020BEA009AFD54EC
:10A60000E09AFD47C49AFD48909AFD48069072D79B
:10A61000793E00021BEA207E14705F7E0430899030
:10A6200072D7693E00020BEA209AFD56B940030238
:10A63000A70D9072C7691E00020BEA006D337E24DD
:10A640003F009AFD55989072DB793E00021BEA208C
:10A650006D117E043F809072B7693E00020BEA20C4
:10A66000791100021B1A009072DB691E00020BEACE
:10A67000009072BB693E00020BEA209AFD55987F5C
:10A68000019072B7693E00020BEA200B3679110087
:10A69000021B1A009072DB691E00020BEA00907226
:10A6A000BF693E00020BEA209AFD55987F01907227
:10A6B000B7693E00020BEA202E340008791100022F
:10A6C0001B1A009072DB691E00020BEA009072C335
:10A6D000693E00020BEA209AFD55987F019072B7FF
:10A6E000693E00020BEA202E34000C791100021B97
:10A6F0001A009072B7691E00020BEA009072B769E7
:10A700003E00020BEA209AFDA37D02A8579072C773
:10A71000691E00020BEA009072D7693E00020BEA44
:10A72000209AFD55989072DF793E00021BEA209036
:10A7300072DF691E00020BEA006D337E243F009A2F
:10A74000FD55989072E3793E00021BEA209072E377
:10A75000693E00020BEA209AFD47C49AFD4A017F38
:10A76000607F719072D7693E00020BEA209AFD4724
:10A77000C47F407F517F067F179AFD46099AFD48A6
:10A78000069072E7793E00021BEA209072E3693E70
:10A7900000020BEA209AFD47C49AFD49E09AFD4861
:10A7A000067F019072B7693E00020BEA2079110022
:10A7B000021B1A009072E7691E00020BEA009072F9
:10A7C000BB693E00020BEA209AFD55987F0190720A
:10A7D000B7693E00020BEA200B36791100021B1A02
:10A7E000009072E7691E00020BEA009072BF693E9A
:10A7F00000020BEA209AFD55987F019072B7693EDE
:10A8000000020BEA202E340008791100021B1A0006
:10A810009072E7691E00020BEA009072C3693E0065
:10A82000020BEA209AFD55987F019072B7693E00AD
:10A83000020BEA202E34000C791100021B1A009042
:10A8400072B7691E00020BEA009072B7693E0002FF
:10A850000BEA209AFDA37DAA906F171BEA20793E90
:10A860000002906F131BEA00791E00029F11906F87
:10A870001F793E00021BEA20906F1B691E00020B2D
:10A88000EA00693000020B0A20906F23793E000233
:10A890001BEA20906F1B691E00020BEA000B166971
:10A8A0003000020B0A20906F27793E00021BEA203D
:10A8B000906F1B691E00020BEA002E14000869301D
:10A8C00000020B0A20906F2B793E00021BEA207ECB
:10A8D000146F2F7E040001906F17693E00020BEA8F
:10A8E000209AFDA19B7E346F1F7E24000190717B16
:10A8F000793E00021BEA207E146F3F7E0400019027
:10A900006F17693E00020BEA209AFD9E0C7E346FA1
:10A910002F7E24000190717B793E00021BEA207E8D
:10A92000146F4F7E0400017E346F3F7E2400019A35
:10A93000FD9E0C906F53691E00020BEA00906F138E
:10A94000693E00020BEA20791100021B1A00906F89
:10A9500057691E00020BEA00906F13693E00020B5C
:10A96000EA200B36791100021B1A00906F5B691EFA
:10A9700000020BEA00906F13693E00020BEA202EE2
:10A98000340008791100021B1A00AA9070801BEA9B
:10A9900020793E000290707C1BEA00791E00029034
:10A9A000707C691E00020BEA00693000020B0A206D
:10A9B00090708C793E00021BEA2090707C691E002A
:10A9C000020BEA000B16693000020B0A209070900F
:10A9D000793E00021BEA2090707C691E00020BEA9F
:10A9E000002E140008693000020B0A209070947940
:10A9F0003E00021BEA2090707C691E00020BEA00F8
:10AA00002E14000C693000020B0A20907098793ED9
:10AA100000021BEA20907098691E00020BEA009069
:10AA20007094693E00020BEA209AFD55987F719060
:10AA30007090691E00020BEA0090708C693E000263
:10AA40000BEA209AFD55987F079AFD54E07F016D2F
:10AA5000337E2440009AFD55989070A8793E0002FC
:10AA60001BEA20907094691E00020BEA009070941B
:10AA7000693E00020BEA209AFD55987F7190709014
:10AA8000691E00020BEA00907090693E00020BEA1A
:10AA9000209AFD55987F079AFD54E07F016D337E23
:10AAA0002440009AFD55987F016D337E243F809AA3
:10AAB000FD54DD9070AC793E00021BEA209070AC32
:10AAC000693E00020BEA209AFD47C4CA0BCA1B90DC
:10AAD00070A8693E00020BEA209AFD47C49AFE283E
:10AAE000BC9EF800089AFD480690709C793E0002D2
:10AAF0001BEA20907090691E00020BEA009070988B
:10AB0000693E00020BEA209AFD55987F719070947F
:10AB1000691E00020BEA0090708C693E00020BEA8D
:10AB2000209AFD55987F079AFD54DD7F016D337E95
:10AB30002440009AFD55989070B0793E00021BEABF
:10AB4000206D117E043F809070B0693E00020BEAD8
:10AB5000209AFD56B928126D337E243F809070B044
:10AB6000793E00021BEA2080266D117E04BF809092
:10AB700070B0693E00020BEA209AFD56B950106D84
:10AB8000337E24BF809070B0793E00021BEA209093
:10AB900070B0693E00020BEA209AFD47C49AFD4B53
:10ABA0001B9AFD48069070A0793E00021BEA209097
:10ABB0007094691E00020BEA00907090693E0002DA
:10ABC0000BEA209AFD55987F71907098691E0002DB
:10ABD0000BEA0090708C693E00020BEA209AFD554A
:10ABE000987F079AFD54E07F016D337E2440009AE0
:10ABF000FD55989070B4793E00021BEA2090709841
:10AC0000691E00020BEA00907098693E00020BEA90
:10AC1000209AFD55987F71907094691E00020BEA8E
:10AC200000907094693E00020BEA209AFD55987FCF
:10AC3000079AFD54E07F016D337E2440009AFD5554
:10AC4000987F016D337E243F809AFD54DD9070B86B
:10AC5000793E00021BEA209070B8693E00020BEAC0
:10AC6000209AFD47C4CA0BCA1B9070B4693E00020B
:10AC70000BEA209AFD47C49AFE28BC9EF800089A69
:10AC8000FD48069070A4793E00021BEA206D117EFB
:10AC900004433490709C693E00020BEA209AFD55F3
:10ACA000987E140E567E0440499AFD56387F0190D6
:10ACB0007080693E00020BEA20791100021B1A0025
:10ACC0006D117E0443349070A0693E00020BEA20AF
:10ACD0009AFD55987E140E567E0440499AFD5638CA
:10ACE0007F01907084693E00020BEA207911000216
:10ACF0001B1A006D117E0443349070A4693E00025B
:10AD00000BEA209AFD55987E140E567E0440499A0F
:10AD1000FD56387F01907088693E00020BEA207969
:10AD20001100021B1A00AA9083A97AEB709083A8E5
:10AD3000F0C3C2B47E3400029083A8E09083A97E61
:10AD4000EB509AFC8822D3D2B4229080431BEA2095
:10AD5000793E000290803F1BEA00791E000290803D
:10AD60003EF0C3C2B4908043693E00020BEA2090DB
:10AD70007E80793E00021BEA207E34000290803EF5
:10AD8000E090803F691E00020BEA009AFC884FD3D6
:10AD9000D2B4229083AAF0C3C2B47E34000290835E
:10ADA000AA7EEBA074804CBA9AFC8AF39083ABF035
:10ADB000D3D2B49083ABE02290804C1BEA20793E42
:10ADC00000029080481BEA00791E0002908047F044
:10ADD000C3C2B490804C693E00020BEA20907E8B87
:10ADE000793E00021BEA207E3400029080477EEB11
:10ADF000A074804CBA908048691E00020BEA009A49
:10AE0000FC8B17D3D2B422907A821BEA30907A82DC
:10AE10000BEA207E347C005D32907A881BEA309009
:10AE20007A820BEA306D227D237E3480005D326DA4
:10AE3000227D236D33907A84793E00021BEA2090B4
:10AE40007A880BEA302E348400780302AF1D2E344A
:10AE50007C00680302AF48907A820BEA207E3403BC
:10AE6000FF5D32907A921BEA306D22907A920BEA63
:10AE700030BD32780D907A84693E00020BEA2002E0
:10AE8000AF73907A920BEA303E341BEA30801A900E
:10AE90007A920BEA303E341BEA30907A880BEA2033
:10AEA0007E3400012D321BEA306D22907A920BEA3B
:10AEB000107E3404005D31BD3268D4907A880BEA8C
:10AEC000207E3400709D326D2274172F111478FB90
:10AED000907A8A793E00021BEA20907A920BEA204F
:10AEE0007E3403FF5D326D22740D2F111478FB90B8
:10AEF0007A8E793E00021BEA20907A8A693E00022F
:10AF00000BEA20907A84691E00020BEA002F019060
:10AF10007A8E693E00020BEA202F108056907A82CA
:10AF20000BEA007E1403FF5D106D00740D2F0014FA
:10AF300078FB6D557E447F80907A84693E00020BD9
:10AF4000EA202F122F10802B907A820BEA207E3479
:10AF50007FFF5D326D227E14C0007E0400012F0150
:10AF6000740D2F001478FB907A84693E00020BEA7E
:10AF7000202F10229077FE1BEA20793E0002907766
:10AF8000FA1BEA00791E00029F11907802793E00B8
:10AF9000021BEA209077FE693E00020BEA200B1AA2
:10AFA0003012AE07907806793E00021BEA209077B7
:10AFB000FE693E00020BEA200B350B1A3012AE0779
:10AFC0007F017E34780A7E240001791100021B1A69
:10AFD000009077FE693E00020BEA200B360B1A3018
:10AFE00012AE077F017E34780E7E240001791100B5
:10AFF000021B1A009077FE693E00020BEA202E34F5
:10B0000000060B1A3012AE077F017E3478127E24C0
:10B010000001791100021B1A0090780A691E0002D3
:10B020000BEA0090780A693E00020BEA209AFD556F
:10B03000987F71907806691E00020BEA00907806EE
:10B04000693E00020BEA209AFD55987F079AFD544D
:10B05000E07F7190780E691E00020BEA0090780E76
:10B06000693E00020BEA209AFD55987F017F179AEE
:10B07000FD54E07F71907812691E00020BEA009087
:10B080007812693E00020BEA209AFD55987F017FF5
:10B09000179AFD54E0907802793E00021BEA209056
:10B0A0007802693E00020BEA209AFD47C49AFD48E7
:10B0B000909AFD4806907802793E00021BEA207EB5
:10B0C00014126F7E043A83907802693E00020BEA04
:10B0D000209AFD56B9380302B1C69F0090781269D4
:10B0E0003E00020BEA209AFD56B950109078026992
:10B0F0003E00020BEA209AFD56FF800A9078026912
:10B100003E00020BEA20907802793E00021BEA2002
:10B11000907802691E00020BEA0090780A693E00EE
:10B12000020BEA209AFD56387F019077FA693E00BB
:10B13000020BEA20791100021B1A00907802691EA6
:10B1400000020BEA0090780E693E00020BEA209A9A
:10B15000FD56387F019077FA693E00020BEA200B1A
:10B1600036791100021B1A00907802691E00020B4A
:10B17000EA00907806693E00020BEA209AFD5638F4
:10B180007F019077FA693E00020BEA202E34000816
:10B19000791100021B1A00907802691E00020BEA66
:10B1A00000907812693E00020BEA209AFD56387F23
:10B1B000019077FA693E00020BEA202E34000C79E8
:10B1C0001100021B1A00229074D31BEA20793E0062
:10B1D000029074CF1BEA00791E00029074CF693E82
:10B1E00000020BEA20691100020B1A009074CF696B
:10B1F0005E00020BEA40693200020B2A209AFD55DC
:10B20000989074EB793E00021BEA209074CF693E5F
:10B2100000020BEA200B36691100020B1A00907431
:10B22000CF695E00020BEA400B56693200020B2A1E
:10B23000209AFD55989074EF793E00021BEA209009
:10B2400074CF693E00020BEA202E34000869110019
:10B25000020B1A009074CF695E00020BEA402E5474
:10B260000008693200020B2A209AFD55989074F369
:10B27000793E00021BEA209074EB691E00020BEA83
:10B28000009074EF693E00020BEA209AFD54E07FC3
:10B29000016D337E2440009AFD55987F016D337E09
:10B2A000243F809AFD54DD9AFD47C4CA0BCA1B9007
:10B2B00074CF693E00020BEA202E340008691100A9
:10B2C000020B1A009074CF695E00020BEA406932EB
:10B2D00000020B2A209AFD55987F719074CF693E29
:10B2E00000020BEA202E34000C691100020B1A0038
:10B2F0009074CF695E00020BEA400B56693200027F
:10B300000B2A209AFD55987F079AFD54E07F016D26
:10B31000337E2440009AFD55989AFD47C49AFE2832
:10B32000BC9EF800089AFD48069074DF793E000242
:10B330001BEA209074CF693E00020BEA202E3400F5
:10B3400008691100020B1A009074CF695E00020BAD
:10B35000EA400B56693200020B2A209AFD55987F6D
:10B36000719074CF693E00020BEA202E34000C6904
:10B370001100020B1A009074CF695E00020BEA40C4
:10B38000693200020B2A209AFD55987F079AFD54D6
:10B39000DD7F016D337E2440009AFD55989AFD476C
:10B3A000C49AFD4B1B9AFD47099AFD48069074E329
:10B3B000793E00021BEA209074F3691E00020BEA3A
:10B3C000009074EB693E00020BEA209AFD54E07F86
:10B3D000016D337E2440009AFD55987F016D337EC8
:10B3E000243F809AFD54DD9AFD47C4CA0BCA1B90C6
:10B3F00074CF693E00020BEA202E34000C69110064
:10B40000020B1A009074CF695E00020BEA402E54C2
:10B410000008693200020B2A209AFD55987F71902E
:10B4200074CF693E00020BEA200B36691100020B53
:10B430001A009074CF695E00020BEA406932000284
:10B440000B2A209AFD55987F079AFD54E07F016DE5
:10B45000337E2440009AFD55989AFD47C49AFE28F1
:10B46000BC9EF800089AFD48069074E7793E0002F9
:10B470001BEA209074DF691E00020BEA006D337E28
:10B480002443349AFD55987E140FDA7E0440499A7D
:10B49000FD56389074DF793E00021BEA209074E379
:10B4A000691E00020BEA006D337E2443349AFD5579
:10B4B000987E140FDA7E0440499AFD56389074E362
:10B4C000793E00021BEA209074E7691E00020BEA35
:10B4D000006D337E2443349AFD55987E140FDA7E36
:10B4E0000440499AFD56389074E7793E00021BEA01
:10B4F000209074E7691E00020BEA009F119AFD5626
:10B50000B928166D117E0443B49074E7693E0002B9
:10B510000BEA209AFD54E0800A9074E7693E00022D
:10B520000BEA209074E7793E00021BEA209074DF5A
:10B53000691E00020BEA009074D3693E00020BEA18
:10B5400020791100021B1A009074E3691E00020B9F
:10B55000EA009074D7693E00020BEA2079110002DC
:10B560001B1A009074E7691E00020BEA009074DB5E
:10B57000693E00020BEA20791100021B1A0022909A
:10B5800083AC1BEA3074019083AC0BEA3012AD2718
:10B5900022E4908339F06D3390833A1BEA30908334
:10B5A0003A0BEA207E3400012D321BEA307E340053
:10B5B000FFBD3250087401908339F08028740F1257
:10B5C000AD93908338F07E1403E89082A4693E0026
:10B5D000020BEA209AFD57D39AFE253F908338E06C
:10B5E000BEB07078B9908339E022907317E0BEB096
:10B5F00006785974287E1482357E0400017E180076
:10B600000612ADB8908236E00A2B7C456C559082CC
:10B6100035E00A3B4D329072EB1BEA30908238E005
:10B620000A2B7C456C55908237E00A3B4D32907274
:10B63000ED1BEA3090823AE00A2B7C456C559082F3
:10B6400039E00A3B4D329072EF1BEA30AA90731733
:10B65000E0BEB006785974227E14823B7E0400015D
:10B660007E18000612ADB890823CE00A2B7C456C37
:10B670005590823BE00A3B4D329072F51BEA3090C8
:10B68000823EE00A2B7C456C5590823DE00A3B4DA2
:10B69000329072F71BEA30908240E00A2B7C456CB6
:10B6A0005590823FE00A3B4D329072F91BEA30AA76
:10B6B000907317E0BEB006780302B8717E347A2822
:10B6C0007E240001907A36793E00021BEA207E3407
:10B6D000008012B57F74177E702012AD2774027E31
:10B6E000703112AD27E4907A27F080717408907A57
:10B6F000277EEB603E607E704C2C7612AD2774097D
:10B7000012AD937C3B907A277EEB207402ACB29012
:10B710007A36693E00020BEA202D350B347A1B3055
:10B720007408907A277EEB603E607E704D2C761216
:10B73000AD27740912AD937C3B907A277EEB207481
:10B7400002ACB2907A36693E00020BEA202D357ABF
:10B750001B30907A277EEBA074012CBAF0907A27E8
:10B760007EEBA07404BCAB408374176C7712AD27DA
:10B770006D3312B57F7E1473077E0400017E347A28
:10B78000287E24000112AF747E3472F17E24000101
:10B790009074D7793E00021BEA207E3473187E2411
:10B7A00000019074DB793E00021BEA207E147307CF
:10B7B0007E0400017E3473037E24000112B1C7743D
:10B7C000287E147A307E0400017E18000612ADB87F
:10B7D000907A31E00A2B7C456C55907A30E00A3B38
:10B7E0004D329072EB1BEA30907A33E00A2B7C45A5
:10B7F0006C55907A32E00A3B4D329072ED1BEA3084
:10B80000907A35E00A2B7C456C55907A34E00A3BFF
:10B810004D329072EF1BEA3074227E147A307E042F
:10B8200000017E18000612ADB8907A31E00A2B7C38
:10B83000456C55907A30E00A3B4D329072F51BEA28
:10B8400030907A33E00A2B7C456C55907A32E00ACE
:10B850003B4D329072F71BEA30907A35E00A2B7C30
:10B86000456C55907A34E00A3B4D329072F91BEAF0
:10B8700030AA7E3400429AFD3CF9BEB00068049ABA
:10B88000FDB6B0AA9083831BEA30E4908385F090E4
:10B8900083830BEA50907317F07E3422979079815E
:10B8A0001BEA307E3422959079831BEA307E342265
:10B8B000969079851BEA307E34FFFF9079871BEAEA
:10B8C000307E3400026D227E1496807E0400989AA9
:10B8D000FC8E7E7E3400447E24000174017E1400C0
:10B8E000109AFD429C7E1403E89082A4693E0002F7
:10B8F0000BEA209AFD57D37E14000A9AFD57CA9A84
:10B90000FE253F12B591BEB00068157E145BB87E6F
:10B910000400FE9AFD483D7401908385F002BBCC83
:10B9200074017E700412AD277E1403E89082A4692E
:10B930003E00020BEA209AFD57D37E14001E9AFDAA
:10B9400057CA9AFE253F74127E704412AD277E348A
:10B9500000022E34000068221B3468391B34685101
:10B960001B34686980007E145B917E0400FE9AFDA2
:10B97000483D7401908385F0806D74176C7712AD2B
:10B98000277E3412E17E2446809072FB793E0002CD
:10B990001BEA20805274177E700112AD277E34128C
:10B9A000E17E2446009072FB793E00021BEA208073
:10B9B0003674177E700212AD277E3412E17E244564
:10B9C000809072FB793E00021BEA20801A74177E79
:10B9D000700312AD277E3412E17E2445009072FB85
:10B9E000793E00021BEA20908385E0BEB001780317
:10B9F00002BBCC7E3400042E34000068311B346856
:10BA0000491B3468611B3468791B34780302BA9E81
:10BA10001B34780302BABA80007E145B697E04008E
:10BA2000FE9AFD483D7401908385F002BAD47415E6
:10BA30006C7712AD277E3492477E2443649072FF68
:10BA4000793E00021BEA2002BAD474157E700112FE
:10BA5000AD277E3492477E2442E49072FF793E0007
:10BA6000021BEA20806E74157E700212AD277E34B0
:10BA7000923A7E2442649072FF793E00021BEA20D3
:10BA8000805274157E700312AD277E34923A7E2464
:10BA900041E49072FF793E00021BEA208036741563
:10BAA0007E700412AD277E34923A7E2441649072F7
:10BAB000FF793E00021BEA20801A74157E700C127A
:10BAC000AD277E34923A7E2440E49072FF793E00A6
:10BAD000021BEA20908385E0BEB001780302BBCC54
:10BAE00074107E701512AD2774117E701812AD2778
:10BAF00074167E700112AD2774187E700812AD277F
:10BB00009083830BEA207E340006BD23780302BBBA
:10BB1000CC740E7E708012AD2774137E700812AD47
:10BB20002774637E703012AD2774109083830BEA04
:10BB3000207E3400032D327C677E70104C7612AD6F
:10BB40002774119083830BEA207E3400032D327C0E
:10BB5000677E70104C7612AD277E34008012B57F60
:10BB6000745E9083830BEA303E343E343E347C670F
:10BB70007E70434C7612AD2774047E700212AD279E
:10BB800074176C7712AD276D3312B57F7E34B8729F
:10BB90007E2400FD907915793E00021BEA207E3458
:10BBA00001426D229AFE28427E3401422E34FDBDB0
:10BBB00068102E34010178146D3374029AFE095F07
:10BBC000800A7E34000274029AFE095F908385E049
:10BBD000AA90836C1BEA3090836BF07E1400007E89
:10BBE00004000190836BE090836C0BEA300A369A74
:10BBF000FCCB4D7E1400007E04000174F090836C39
:10BC00000BEA309AFCCB4D229081571BEA30908191
:10BC100056F07401908159F0E490815AF0E49081DB
:10BC20005BF0740A90815CF002BCC26D1190815C83
:10BC3000E01A3B7E2400059AFD5787BD21782C7EB3
:10BC40001400007E040001908156E09081570BEAB9
:10BC5000300A369AFCCB4D7E1400007E040001743D
:10BC6000F09081570BEA309AFCCB4D7E1400007E99
:10BC7000040001908156E09AFCCBE490815AF07E5A
:10BC80001400007E04000174F09AFCCBE490815B08
:10BC9000F090815AE00A3B7C676C7790815BE00A08
:10BCA0002B4D239081570BEA30BD327807E4908109
:10BCB00059F0801A90815C7EEBA07E70017CBA9C6A
:10BCC000B7F090815CE0BEB000680302BC2B9081AD
:10BCD00059E02290836EF07E1400007E04000190F3
:10BCE000836EE09AFCCBE490836FF07E1400007EBC
:10BCF00004000174F09AFCCBE4908370F090836FA1
:10BD0000E00A2B7C456C55908370E00A3B4D322253
:10BD10009080BA1BEA00791E0002E49080BEF06DAC
:10BD2000339080BF1BEA3074019080C1F0745C9046
:10BD30000004F09080BA691E00020BEA002E140085
:10BD400005693000020B0A20900005793E00021BB5
:10BD5000EA209080BA693E00020BEA200B1A30906C
:10BD600000001BEA309080BA693E00020BEA200B0B
:10BD7000350B1A309000021BEA30E412BCD39080DD
:10BD8000BF1BEA309080BF0BEA207E341324BD2312
:10BD9000681C9080BF0BEA207E341311BD23680E0F
:10BDA0009080BF0BEA207E341313BD237807E49004
:10BDB00080C1F080139080BE7EEBA074012CAB7A22
:10BDC000EBA07414BCAB28B29080C1E0AA90754778
:10BDD0001BEA00791E00026D3390754B1BEA306D33
:10BDE0003390754D1BEA306D3390754F1BEA306D03
:10BDF000339075511BEA306D339075531BEA306DEB
:10BE0000339075551BEA306D339075571BEA30E45B
:10BE1000907559F0E490755AF06D3390755B1BEA9C
:10BE200030907547693E00020BEA202E3400060B65
:10BE30001A3090755D1BEA30907547693E00020B21
:10BE4000EA202E34000A0B1A3090755F1BEA3090FE
:10BE50007547693E00020BEA202E34000E0B1A30A3
:10BE60009075611BEA30907547693E00020BEA202D
:10BE70002E3400120B1A309075631BEA3090754710
:10BE8000693E00020BEA202E3400160B1A30907522
:10BE9000651BEA30907547693E00020BEA202E349C
:10BEA000001A0B1A309075671BEA30907547693E8F
:10BEB00000020BEA202E34001E0B1A309075691B0D
:10BEC000EA30907547693E00020BEA202E340022CA
:10BED0000B1A3090756B1BEA3074FE7E34BEEF1285
:10BEE000BBD1740C7E34000312BBD1E412BCD390DE
:10BEF000755B1BEA3090755B0BEA207E341324BD22
:10BF000023683590755B0BEA207E341311BD2368DE
:10BF10002790755B0BEA207E341313BD23681990BC
:10BF2000755A7EEBA074012CAB7AEBA07414BCABF9
:10BF300040B97401907559F002C79B9075650BEA82
:10BF4000207E340078BD2338229075650BEA303EA0
:10BF5000343E349075531BEA307E24000290754BBA
:10BF60000BEA304E70021BEA30804E9075650BEA8A
:10BF7000207E3400F0BD2338209075650BEA303EFA
:10BF8000349075531BEA307E24000190754B0BEA08
:10BF9000304E70011BEA3080209075650BEA207EE0
:10BFA0003401E0BD2338129075650BEA309075536B
:10BFB0001BEA3090754B0BEA309075630BEA207EDC
:10BFC0003400BCBD2338229075630BEA303E343E0A
:10BFD000349075511BEA307E24000890754B0BEAB3
:10BFE000304E70081BEA30804E9075630BEA207E5D
:10BFF000340178BD2338209075630BEA303E3490CD
:10C0000075511BEA307E24000490754B0BEA304ECC
:10C0100070041BEA3080209075630BEA207E3402A6
:10C02000F0BD2338129075630BEA309075511BEA0E
:10C030003090754B0BEA309075510BEA207E34033B
:10C040004E9D329000211BEA3090755B0BEA207EFA
:10C05000341324BD23680302C1D374077E3483885C
:10C0600012BC087CAB907559E02CBAF09000210B03
:10C07000EA309075510BEA202D239075650BEA107C
:10C080007E3400022D31AD327E0800042F017E3453
:10C09000FCC07E24019B9AFD582690754D1BEA300A
:10C0A00090754D0BEA207E3401F4BD23280A7E34BE
:10C0B00001F490754D1BEA3090754D0BEA20907598
:10C0C000610BEA30BD32280C90754D0BEA3090754B
:10C0D000611BEA309075610BEA106D007E34FCC084
:10C0E0007E24019B9AFD58267E0800049F10900034
:10C0F000210BEA009075510BEA102D106D009AFD8E
:10C1000058269075650BEA209D329000841BEA301A
:10C110009000840BEA207E347E20BD23180E900010
:10C12000840BEA207E340002BD2358349000840B37
:10C13000EA207E340002BD2358067E340002801AB5
:10C140009000840BEA207E347E20BD2308067E34D6
:10C150007E2080069000840BEA309000841BEA3039
:10C160009075610BEA106D007E34FCC07E24019B4B
:10C170009AFD58267E0800049F109000840BEA0068
:10C180009075650BEA102D106D009AFD582690757C
:10C19000510BEA209D329000211BEA309000210BC8
:10C1A000EA207E34003DBD2358067E34003D801ACF
:10C1B0009000210BEA207E3403FFBD2308067E3465
:10C1C00003FF80069000210BEA309000211BEA302B
:10C1D00002C3379000210BEA309075510BEA202DF5
:10C1E000239075650BEA107E3400042D31AD327E4C
:10C1F0000800042F017E34FCC07E24019B9AFD5868
:10C200002690754D1BEA3090754D0BEA207E340167
:10C21000F4BD23280A7E3401F490754D1BEA30905A
:10C22000754D0BEA209075610BEA30BD32280C90F9
:10C23000754D0BEA309075611BEA309075610BEA21
:10C24000106D007E34FCC07E24019B9AFD58267E32
:10C250000800049F109000210BEA009075510BEA32
:10C26000102D106D009AFD58269075650BEA209DE3
:10C27000329000841BEA309000840BEA207E340B5D
:10C28000B8BD23180E9000840BEA207E340004BD54
:10C290002358349000840BEA207E340004BD2358D8
:10C2A000067E340004801A9000840BEA207E340B52
:10C2B000B8BD2308067E340BB880069000840BEAD4
:10C2C000309000841BEA309075610BEA106D007E9F
:10C2D00034FCC07E24019B9AFD58267E0800049FF2
:10C2E000109000840BEA009075650BEA102D106D1C
:10C2F000009AFD58269075510BEA209D329000213E
:10C300001BEA309000210BEA207E34002BBD23581D
:10C31000067E34002B801A9000210BEA207E340325
:10C32000FFBD2308067E3403FF80069000210BEA40
:10C33000309000211BEA309000840BEA3090756544
:10C340000BEA202D237E3400029D2390755F0BEABB
:10C3500030BD32281A9000840BEA209075650BEAF4
:10C36000302D327E2400029D3290755F1BEA3090A2
:10C3700075510BEA207E3402F09D321E3490754FC9
:10C380001BEA3090754F0BEA306D229D2390756744
:10C390000BEA30BD32580E90754F0BEA306E34FF09
:10C3A000FF0B34801E90754F0BEA209075670BEAE7
:10C3B00030BD32080890754F0BEA308006907567E3
:10C3C0000BEA309075671BEA307E24000190754FB0
:10C3D0000BEA302D321BEA309075670BEA306D2284
:10C3E0009D2390754F0BEA302D329075551BEA3026
:10C3F0009075530BEA207E3401E09D321E34907517
:10C400004F1BEA3090754F0BEA306D229D239075DB
:10C41000690BEA30BD32580E90754F0BEA306E341E
:10C42000FFFF0B34801E90754F0BEA209075690B4F
:10C43000EA30BD32080890754F0BEA3080069075DF
:10C44000690BEA309075691BEA307E240004907510
:10C450004F0BEA302D321BEA309075690BEA2090C1
:10C46000754F0BEA302D329075571BEA30741B7EE6
:10C4700034000112BC087CAB907559E02CBAF07402
:10C48000019075550BEA3012BC087CAB907559E0F1
:10C490002CBAF074029075570BEA3012BC087CABD2
:10C4A000907559E02CBAF074039075530BEA301272
:10C4B000BC087CAB907559E02CBAF07404907551AF
:10C4C0000BEA3012BC087CAB907559E02CBAF074C2
:10C4D000059000210BEA3012BC087CAB907559E046
:10C4E0002CBAF074069000840BEA3012BC087CABC6
:10C4F000907559E02CBAF0740A7E34016412BC08BD
:10C500007CAB907559E02CBAF074087E3401BB12F4
:10C51000BC087CAB907559E02CBAF074097E3401EC
:10C52000D912BC087CAB907559E02CBAF06D229002
:10C53000755D0BEA30BD327814740B90755F0BEAB1
:10C540003012BC087CAB907559E02CBAF0740D9099
:10C55000754B0BEA207E3403304D3212BC087CABA5
:10C56000907559E02CBAF074317E34002712BC0863
:10C570007CAB907559E02CBAF074327E34001A12FC
:10C58000BC087CAB907559E02CBAF074337E340053
:10C590000512BC087CAB907559E02CBAF07435904C
:10C5A000756B0BEA3012BC087CAB907559E02CBA65
:10C5B000F090755B0BEA207E341324BD23786474FD
:10C5C0007290754B0BEA207E340004BD3238067E33
:10C5D00034000180026D333E343E343E343E34122A
:10C5E000BC087CAB907559E02CBAF0740F7E340116
:10C5F0000112BC087CAB907559E02CBAF074477EF0
:10C6000034008112BC087CAB907559E02CBAF074F0
:10C61000487E3400EC12BC087CAB907559E02CBA13
:10C62000F08036740F7E34001112BC087CAB90751C
:10C6300059E02CBAF074477E34008112BC087CAB00
:10C64000907559E02CBAF074487E3400E712BC08AB
:10C650007CAB907559E02CBAF074077E34038812D5
:10C66000BC087CAB907559E02CBAF0741C7E340386
:10C670000312BC087CAB907559E02CBAF0742C7E88
:10C6800034000312BC087CAB907559E02CBAF06DF5
:10C690002290755D0BEA30BD32781374AF6D3312A2
:10C6A000BC087CAB907559E02CBAF002C76C74A53D
:10C6B00090755D0BEA3012BC087CAB907559E02C8C
:10C6C000BAF074A67E34000212BC087CAB90755997
:10C6D000E02CBAF074A87E34000212BC087CAB9047
:10C6E0007559E02CBAF074B0CAB89075650BEA20A1
:10C6F0009075630BEA30AD327E0800049AFD58262F
:10C700006D117E040001BF1058189075650BEA206A
:10C710009075630BEA30AD327E0800049AFD58260E
:10C7200080047E18FFFFDAB812BC087CAB90755904
:10C73000E02CBAF074AE7E34001412BC087CAB90CE
:10C740007559E02CBAF074AF7E34010112BC087C3C
:10C75000AB907559E02CBAF074AD90755F0BEA3070
:10C7600012BC087CAB907559E02CBAF090755D0B4B
:10C77000EA309000A51BEA3090755F0BEA3090001C
:10C78000631BEA309075650BEA309000421BEA307B
:10C7900074FE7E34DEAD12BBD1800C907559E0BEC4
:10C7A000B000780302BF3B907559E0AA9083711BDB
:10C7B000EA307401908373F09000420BEA309000ED
:10C7C000840BEA202D237E3400029D239083710B7D
:10C7D000EA30BD3228169000420BEA209000840B0C
:10C7E000EA302D327E2400029D3280069083710B48
:10C7F000EA309000631BEA3074FE7E34BEEF12BB59
:10C80000D19000A50BEA206D33BD23680474AD8080
:10C8100002740B9000630BEA3012BC08908373F033
:10C8200074FE7E34DEAD12BBD1908373E0AA908398
:10C83000151BEA30908314F07401908317F074FE96
:10C840007E34BEEF12BBD1908314E09083150BEAC7
:10C850003012BC08908317F074FE7E34DEAD12BB3C
:10C86000D1908317E0AAE47E34FA727E24007E7AA7
:10C870001BB074019000C6F0AAA2B3E433BEB001AD
:10C880007820D3D2C1D3D2FBC3C2C3C3C2B7D3D2E1
:10C89000B7C3C2B7D3D2B7D3D2C374019000E7F005
:10C8A00080219000E7E0BEB0006813C3C2C1748964
:10C8B0007E34FA717E24007E7A1BB0C3C2FBE49002
:10C8C00000E7F0AA907E97F0907E931BEA20793ED5
:10C8D0000002907E8F1BEA00791E00027E145E87A4
:10C8E0007E0400FE9AFD483D7E14FE507E04007ECC
:10C8F0007E0B707A0B70E47E34FE517E24007E7ACB
:10C900001BB074207E14FE517E04007E7E0B704CA2
:10C910007B7A0B707E14FE517E04007E7E0B707A53
:10C920000B707E14FE517E04007E7E0B707A0B70BD
:10C93000E47E34FE537E24007E7A1BB074907E34F5
:10C94000FE527E24007E7A1BB0907E97E07E34FEFD
:10C95000567E24007E7A1BB0907E987EEB303E306F
:10C960003E307E20804C23907E997EEB304C327E90
:10C9700034FA707E24007E7A1B30E47E34FA727EB4
:10C9800024007E7A1BB07E080001907E93693E00F1
:10C99000020BEA209F107D130A127E34FA867E2451
:10C9A000007E7A1B307E180001907E93691E000283
:10C9B0000BEA009F017E34FA737E24007E7A1B30DE
:10C9C000907E8F693E00020BEA207D130A127E34AE
:10C9D000FA777E24007E7A1B30907E8F693E0002BB
:10C9E0000BEA207D137E34FA787E24007E7A1B3099
:10C9F000E47E34FA7E7E24007E7A1BB0E47E34FA34
:10CA00007F7E24007E7A1BB0AA90805D1BEA20798D
:10CA10003E00029080591BEA00791E0002E49080DB
:10CA200061F0801D908059693E00020BEA207E1B58
:10CA3000A00B34793E00021BEA20908061E02CBA02
:10CA4000F090805D693E00020BEA207E2800017FA5
:10CA5000019F02791E00021BEA004D2378C69080D8
:10CA600061E022907BCF1BEA20907BCEF0907BCAC6
:10CA70001BEA00791E0002907BC81BEA309F1190D0
:10CA80007BD3793E00021BEA2074AA906A88F07476
:10CA900002906A89F0907BCA693E00020BEA204D41
:10CAA0002368046D3380047E3400013E343E343EFE
:10CAB000343E34907BC80BEA2074053E241478FB86
:10CAC0007CA54CA7907BCEE04CBA906A8AF07408A3
:10CAD000906A8BF0907BCF0BEA307C676C777E247A
:10CAE000FF005D23907BCF0BEA300A364D32906A0F
:10CAF0008C1BEA30907BD10BEA307C676C777E240C
:10CB0000FF005D23907BD10BEA300A364D32906AEC
:10CB10008E1BEA307E146A887E0400017E180008AD
:10CB200090812E695E00020BEA409928907BC80B29
:10CB3000EA301B35682A1B3468420B35785A907BE3
:10CB4000D10BEA30907BCF0BEA20AD321E341E347D
:10CB50001E346D22907BD3793E00021BEA20803880
:10CB6000907BD10BEA30907BCF0BEA20AD326D2267
:10CB7000907BD3793E00021BEA20801C907BD10B76
:10CB8000EA30907BCF0BEA20AD323E346D22907BB1
:10CB9000D3793E00021BEA20907BCA693E00020B5B
:10CBA000EA204D236820907BCA691E00020BEA0030
:10CBB000907BD3693E00020BEA2090812E695E00D3
:10CBC000020BEA409928AA907F6B1BEA20907F67AE
:10CBD0001BEA00791E0002907F651BEA3074AA9060
:10CBE00069D3F074039069D4F074089069D6F0901A
:10CBF0007F650BEA30906A461BEA30907F67693E9A
:10CC000000020BEA20906A3E793E00021BEA209067
:10CC10007F6B0BEA30906A421BEA30907F6D0BEA23
:10CC200030906A441BEA30AA9074551BEA00791EC2
:10CC30000002E4907459F0E490745AF07E3458DCA9
:10CC40007E2400FE7E14745B7E04000174249AFD31
:10CC5000585C907455693E00020BEA200B347E1B31
:10CC6000A0740F5CBA90745CF0E490745AF002CD3A
:10CC70005490745A7EEB707404ACB7907455693E4E
:10CC800000020BEA202D352E3400077E1B509074D5
:10CC90005A7EEB407404ACB47E34745F2D357A71E7
:10CCA000827A61837AEB5090745A7EEB707404AC94
:10CCB000B7907455693E00020BEA202D352E3400E2
:10CCC000067E1B3090745A7EEB207404ACB27E3426
:10CCD000745F2D357E2400010B347A1B3090745A1A
:10CCE0007EEB707404ACB7907455693E00020BEA99
:10CCF000202D352E3400057E1B3090745A7EEB209B
:10CD00007404ACB27E34745F2D357E2400010B3583
:10CD10007A1B3090745A7EEB707404ACB7907455E3
:10CD2000693E00020BEA202D350B367E1B309074D5
:10CD30005A7EEB207404ACB27E34745F2D357E24B1
:10CD400000012E3400037A1B3090745A7EEBA074DD
:10CD5000012CBAF090745C7EEBA090745AE0BCBADF
:10CD6000500302CC7174AA90745BF090745CE00A7A
:10CD70005B7E4400089D453E443E447E5400249D15
:10CD800054907459F0907459E090745EF07EA01045
:10CD900090745CE04CBAF0E490745DF07E14745BC7
:10CDA0007E040001907459E00A3B6D2212CA09907A
:10CDB000745DF0907459E00A3B6D227E14745B7EC2
:10CDC00004000190812E695E00020BEA409928AAB6
:10CDD0009081801BEA00791E00026D339081851BD3
:10CDE000EA309069D70BEA309081851BEA30908158
:10CDF000850BEA307C676C777E24FF005D23908191
:10CE0000850BEA300A364D329081851BEA309069F5
:10CE1000D5E00A3B7E2400205D236D33BD23680FDF
:10CE20007E3400029081850BEA20AD321BEA307E11
:10CE30001469D37E0400017E18000890812E695E7B
:10CE400000020BEA409928E4908184F002CF0E9012
:10CE500081847EEB707404ACB7908180691E0002FF
:10CE60000BEA002D152E14000A693000020B0A206F
:10CE70004D2368359081847EEB707404ACB790814B
:10CE800080693E00020BEA202D352E34000A69111C
:10CE900000020B1A009081850BEA306D2290812EE2
:10CEA000695E00020BEA4099289081847EEB7074E1
:10CEB00004ACB7908180691E00020BEA002D152E8C
:10CEC00014002A693000020B0A204D236835908136
:10CED000847EEB707404ACB7908180693E00020BD5
:10CEE000EA202D352E34002A691100020B1A009019
:10CEF00081850BEA306D2290812E695E00020BEA7B
:10CF00004099289081847EEBA074012CBAF0908126
:10CF1000847EEBA07408BCAB500302CE4FAA90777E
:10CF20004D1BEA00791E000290774B1BEA20907798
:10CF3000491BEA30E4907765F0E4907766F0E4907E
:10CF40007767F090774B0BEA307C676C777E24FF35
:10CF5000005D2390774B0BEA300A364D329069D74B
:10CF60001BEA30E49069D9F0E4907765F080499F3E
:10CF7000009077657EEB707404ACB77E346A482D00
:10CF8000357A71827A6183791E00021BEA009F0064
:10CF90009077657EEB707404ACB77E346A682D358B
:10CFA0007A71827A6183791E00021BEA00907765AC
:10CFB0007EEBA074012CBAF09077657EEBA0740331
:10CFC000BCAB40AB9077490BEA301B34780302D0FE
:10CFD000E61B34780302D1ED0B35680302D39B9036
:10CFE000774D693E00020BEA204D23684190776639
:10CFF0007EEBA074012CBAF07EA0019069D9E04CC0
:10D00000BAF090774D691E00020BEA009077657EBA
:10D01000EB7074012CB7F07404ACB77E346A482D01
:10D02000357A71827A6183791E00021BEA0090775B
:10D0300051693E00020BEA204D2368419077667EDD
:10D04000EBA074012CBAF07EA0029069D9E04CBA32
:10D05000F0907751691E00020BEA009077657EEB35
:10D060007074012CB7F07404ACB77E346A482D3567
:10D070007A71827A6183791E00021BEA00907755EB
:10D08000693E00020BEA204D2368419077667EEBF3
:10D09000A074012CBAF07EA0049069D9E04CBAF0DB
:10D0A000907755691E00020BEA009077657EEB7061
:10D0B00074012CB7F07404ACB77E346A482D357A0D
:10D0C00071827A6183791E00021BEA00906A440B28
:10D0D000EA207E3400FFBD32400302D39B740190EE
:10D0E0007767F002D39B907759693E00020BEA20E4
:10D0F0004D2368419077667EEBA074012CBAF07ED8
:10D10000A0019069D9E04CBAF0907759691E0002ED
:10D110000BEA009077657EEB7074012CB7F0740415
:10D12000ACB77E346A682D357A71827A6183791E54
:10D1300000021BEA0090775D693E00020BEA204D79
:10D140002368419077667EEBA074012CBAF07EA034
:10D15000029069D9E04CBAF090775D691E00020B2D
:10D16000EA009077657EEB7074012CB7F07404AC24
:10D17000B77E346A682D357A71827A6183791E00B0
:10D18000021BEA00907761693E00020BEA204D2302
:10D1900068419077667EEBA074012CBAF07EA00403
:10D1A0009069D9E04CBAF0907761691E00020BEAF1
:10D1B000009077657EEB7074012CB7F07404ACB707
:10D1C0007E346A682D357A71827A6183791E000215
:10D1D0001BEA00906A420BEA207E3400FFBD324019
:10D1E0000302D39B7401907767F002D39B90774D35
:10D1F000693E00020BEA204D236876907759693E1C
:10D2000000020BEA204D2368689077667EEBA074DD
:10D21000012CBAF07EA0019069D9E04CBAF0907769
:10D220004D691E00020BEA009077657EEB70740476
:10D23000ACB77E346A482D357A71827A6183791E63
:10D2400000021BEA00907759691E00020BEA009069
:10D2500077657EEB7074012CB7F07404ACB77E3444
:10D260006A682D357A71827A6183791E00021BEA21
:10D2700000907751693E00020BEA204D23687690BA
:10D28000775D693E00020BEA204D2368689077665F
:10D290007EEBA074012CBAF07EA0029069D9E04C1C
:10D2A000BAF0907751691E00020BEA009077657E14
:10D2B000EB707404ACB77E346A482D357A71827A8B
:10D2C0006183791E00021BEA0090775D691E0002EF
:10D2D0000BEA009077657EEB7074012CB7F0740454
:10D2E000ACB77E346A682D357A71827A6183791E93
:10D2F00000021BEA00907755693E00020BEA204DC0
:10D30000236876907761693E00020BEA204D23681E
:10D31000689077667EEBA074012CBAF07EA0049032
:10D3200069D9E04CBAF0907755691E00020BEA000B
:10D330009077657EEB707404ACB77E346A482D3507
:10D340007A71827A6183791E00021BEA009077610C
:10D35000691E00020BEA009077657EEB7074012C69
:10D36000B7F07404ACB77E346A682D357A71827A6E
:10D370006183791E00021BEA00906A420BEA207E5C
:10D380003400FFBD32400E906A440BEA207E340028
:10D39000FFBD3250067401907767F09077490BEA31
:10D3A0003074063E341478FB7CA7907767E0C42382
:10D3B00054E04CAB907766E04CBA9069D5F0AAE4A3
:10D3C000906BA9F09F11906BAA793E00021BEA2096
:10D3D0007E340008906BAE1BEA307E3459007E2408
:10D3E00000FE7E146BB47E04000174809AFD585CCC
:10D3F0009F11906C34793E00021BEA20C3C205A243
:10D40000AF9205C3C2AF7E146BB47E0400017E18D8
:10D41000008090812A695E00020BEA409928906B97
:10D42000AA793E00021BEA20906BAA693E00020B1B
:10D43000EA204D236828906BAA693E00020BEA207F
:10D44000907A42793E00021BEA207E1469FF7E0436
:10D4500000017E346BB47E2400019AFD91B902D69E
:10D46000587E180008906BAA793E00021BEA207EC5
:10D47000346BAA7E24000190789E793E00021BEA5C
:10D48000207E3400019078A21BEA307E1469FF7E72
:10D490000400017E346BB47E2400019AFD976B7EFC
:10D4A000346BB47E2400017E1BB0BEB05568117E83
:10D4B000180001906BAA793E00021BEA2002D62ACE
:10D4C0007E346BB47E240001906BB0793E00021B69
:10D4D000EA20906BB0693E00020BEA202E34000374
:10D4E0007E1BB0906BA9F0E4906BB0693E00020B1C
:10D4F000EA202E3400037A1BB07E146BB47E040045
:10D50000017E18000812CA097CAB906BA9E0BCBA76
:10D51000680302D61C906BB0693E00020BEA200B38
:10D52000367E1B30906BB0693E00020BEA200B3553
:10D530007E1B200A227E3400019D233E243E247E51
:10D54000346A1E2D327E2400012E3400037A1B30F3
:10D55000906BB0693E00020BEA202E3400057E1B62
:10D5600030906BB0693E00020BEA200B357E1B2029
:10D570000A227E3400019D233E243E247E346A1E0E
:10D580002D327E2400010B357A1B30906BB0693E42
:10D5900000020BEA202E3400067E1B30906BB0692F
:10D5A0003E00020BEA200B357E1B200A227E34004F
:10D5B000019D233E243E247E346A1E2D327E2400AB
:10D5C000010B347A1B30906BB0693E00020BEA20ED
:10D5D0002E3400077E1B50906BB0691E00020BEAD0
:10D5E000000B157E0BB07E4004ACB47E346A1A2D5D
:10D5F000357A71827A61837AEB507401906BB069ED
:10D600003E00020BEA200B357E1BA00A2A7E346AFC
:10D61000152D327A71827A6183F0800E7E180001B6
:10D62000906BAA793E00021BEA207E346BAA7E240E
:10D63000000190789E793E00021BEA206D339078BD
:10D64000A21BEA307E1469FF7E0400017E346BB4B5
:10D650007E2400019AFD976B7E1469FF7E04000111
:10D660009AFD915F7F01906BAE0BEA306D22BF1087
:10D67000380302D461A20592AFAA906A440BEA3043
:10D68000907BD11BEA30906A460BEA30906A3E6983
:10D690001E00020BEA009069D57EEBA0740F5CBA05
:10D6A000906A420BEA209AFDCA639069D57EEBA08E
:10D6B000740F5CBABEB000680C7E146A3E7E040033
:10D6C000019AFDCDD0AA7E346A907E240001907B21
:10D6D000EB793E00021BEA207E180080907BEF79F8
:10D6E0003E00021BEA207E1469FF7E0400016D33B8
:10D6F0009AFD9D28AA90792B1BEA00791E000290C2
:10D7000079291BEA309F11907933793E00021BEA98
:10D71000209F11907937793E00021BEA206D3390EB
:10D72000793B1BEA3090792F693E00020BEA20BE5C
:10D73000182710380474018001E47E1454E07E043C
:10D7400000FE7E3400B69AFDFEB890792B691E006B
:10D75000020BEA009082A4693E00020BEA209AFDC7
:10D7600057D57D326D2290793B1BEA3090792B6939
:10D770001E00020BEA009082A4693E00020BEA2020
:10D780009AFD57D5907937793E00021BEA209079AF
:10D790003B0BEA007E1400012D10907937693E00A2
:10D7A000020BEA209AFD57D37E0800019F10907962
:10D7B00037793E00021BEA2090792F693E00020B68
:10D7C000EA20BE182710684090792F693E00020BAE
:10D7D000EA20E49AFD570D7E1440007E04461C9A10
:10D7E000FD56387F01907937693E00020BEA20E44C
:10D7F0009AFD570D9AFD55989AFD574A90793379BD
:10D800003E00021BEA20801A7E08000190793769E9
:10D810003E00020BEA202F10907933793E00021B64
:10D82000EA2090793B0BEA307D530A5A7CAB907921
:10D83000290BEA20740D0E241478FB7E3400075D5A
:10D84000321A261A242F112F117E1455227E04001D
:10D85000FE2F01693000020B0A207A1BA090793B51
:10D860000BEA507CAB9079290BEA20740D0E24143E
:10D8700078FB7E3400075D321A261A247F012F00C0
:10D880002F007E3455227E2400FE2F1069110002E5
:10D890000B1A007E1800012F107A1BA090793769AF
:10D8A0003E00020BEA207CA69079290BEA20740D39
:10D8B0000E241478FB7E3400075D321A261A242FBA
:10D8C000112F117E1455B27E0400FE2F0169300025
:10D8D000020B0A207A1BA0907937695E00020BEADE
:10D8E000407CAB9079290BEA20740D0E241478FB50
:10D8F0007E3400075D321A261A247F012F002F0084
:10D900007E3455B27E2400FE2F10691100020B1ADE
:10D91000007E1800012F107A1BA0907933693E0019
:10D92000020BEA207CA69079290BEA20740D0E24C4
:10D930001478FB7E3400075D321A261A247F012FEB
:10D94000002F009079290BEA307D231A240E240E33
:10D95000240E247E3400035D321A261A242F102F41
:10D96000112F117E1455527E0400FE2F01693000E4
:10D97000020B0A207A1BA0907933695E00020BEA41
:10D98000407CAB9079290BEA20740D0E241478FBAF
:10D990007E3400075D321A261A247F012F002F00E3
:10D9A0009079290BEA307D231A240E240E240E24AC
:10D9B0007E3400035D321A261A242F107F012F00B7
:10D9C0002F007E3455527E2400FE2F106911000274
:10D9D0000B1A007E1800012F107A1BA0AA907C035E
:10D9E0001BEA00791E0002907C011BEA30907C014A
:10D9F0000BEA20740D0E241478FB7E3400075D3290
:10DA00001A261A242F112F117E1455B27E0400FEFF
:10DA10002F01693000020B0A207E1B700A277C450B
:10DA20006C55907C010BEA30740D0E341478FB7E3B
:10DA30001400075D131A021A007F202F222F227E66
:10DA40001455B27E0400FE2F02695000020B0A40FA
:10DA50007E0800012F027E0B700A374D326D229036
:10DA60007C0B793E00021BEA20907C03693E000299
:10DA70000BEA20BE182710380474018001E47E14DC
:10DA800054E07E0400FE7E3400DE9AFDFEB8907CF9
:10DA900003693E00020BEA20BE1827106840907C04
:10DAA00003693E00020BEA20E49AFD570D7E144004
:10DAB000007E04461C9AFD56387F01907C0B693E1F
:10DAC00000020BEA20E49AFD570D9AFD55989AFD45
:10DAD000574A907C07793E00021BEA20801A7E0894
:10DAE0000001907C0B693E00020BEA202F10907C15
:10DAF00007793E00021BEA20907C07693E00020B7A
:10DB0000EA207CA6907C010BEA20740D0E24147888
:10DB1000FB7E3400075D321A261A247F012F002F66
:10DB200000907C010BEA307D231A240E240E240E73
:10DB3000247E3400035D321A261A242F102F112F51
:10DB4000117E1455527E0400FE2F01693000020B35
:10DB50000A207A1BA0907C07695E00020BEA407CD9
:10DB6000AB907C010BEA20740D0E241478FB7E34FC
:10DB700000075D321A261A247F012F002F00907CA7
:10DB8000010BEA307D231A240E240E240E247E3449
:10DB900000035D321A261A242F107F012F002F0058
:10DBA0007E3455527E2400FE2F10691100020B1A9C
:10DBB000007E1800012F107A1BA0AA907A4E1BEA53
:10DBC00000791E0002907A4C1BEA306D33907A5631
:10DBD0001BEA309F11907A58793E00021BEA206DB3
:10DBE00033907A5C1BEA30907A52693E00020BEA6D
:10DBF00020BE182710380474018001E47E1454E01C
:10DC00007E0400FE7E3401009AFDFEB8907A4C0B33
:10DC1000EA207E3400FF5D327E24000174017E1410
:10DC200000109AFD429C907A4E691E00020BEA0099
:10DC30009082A4693E00020BEA209AFD57D57D32FE
:10DC40006D22907A5C1BEA30907A4E691E00020BBE
:10DC5000EA009082A4693E00020BEA209AFD57D5A3
:10DC6000907A58793E00021BEA20907A5C0BEA0019
:10DC70007E1400012D10907A58693E00020BEA20B4
:10DC80009AFD57D37E0800019F10907A58793E0084
:10DC9000021BEA20907A52693E00020BEA20BE186D
:10DCA0002710683C907A52693E00020BEA20E49A01
:10DCB000FD570D7E1440007E04461C9AFD56387FA9
:10DCC00001907A58693E00020BEA20E49AFD570D54
:10DCD0009AFD55989AFD574A907A561BEA3080185B
:10DCE000907A58693E00020BEA207D237E340001C1
:10DCF0002D32907A561BEA30907A5C0BEA307D53D5
:10DD00000A5A7CAB907A4C0BEA20740D0E241478DE
:10DD1000FB7E3400075D321A261A242F112F117E44
:10DD20001455227E0400FE2F01693000020B0A20E8
:10DD30007A1BA0907A5C0BEA507CAB907A4C0BEA91
:10DD400020740D0E241478FB7E3400075D321A26F1
:10DD50001A247F012F002F007E3455227E2400FEDE
:10DD60002F10691100020B1A007E1800012F107A83
:10DD70001BA0907A58693E00020BEA207CA6907A9C
:10DD80004C0BEA20740D0E241478FB7E3400075DE2
:10DD9000321A261A242F112F117E1455B27E040038
:10DDA000FE2F01693000020B0A207A1BA0907A58DE
:10DDB000695E00020BEA407CAB907A4C0BEA20745F
:10DDC0000D0E241478FB7E3400075D321A261A24C7
:10DDD0007F012F002F007E3455B27E2400FE2F10CD
:10DDE000691100020B1A007E1800012F107A1BA087
:10DDF000907A560BEA307D530A5A7CAB907A4C0BE2
:10DE0000EA20740D0E241478FB7E3400075D321A6C
:10DE1000261A247F012F002F00907A4C0BEA307DC8
:10DE2000231A240E240E240E247E3400035D321A9D
:10DE3000261A242F102F112F117E1455527E040004
:10DE4000FE2F01693000020B0A207A1BA0907A563F
:10DE50000BEA507CAB907A4C0BEA20740D0E241424
:10DE600078FB7E3400075D321A261A247F012F00CA
:10DE70002F00907A4C0BEA307D231A240E240E24B6
:10DE80000E247E3400035D321A261A242F107F01DF
:10DE90002F002F007E3455527E2400FE2F10691172
:10DEA00000020B1A007E1800012F107A1BA0907A36
:10DEB0004C0BEA307D531A5A0E540E547E44000126
:10DEC0005D453E44907A4C0BEA507D351A360E344F
:10DED0000E340E347E5400015D533E543E542D5496
:10DEE0007E34000160053E341478FB7C67907A4CE8
:10DEF0000BEA00740D0E041478FB7E1400075D100D
:10DF00001A021A007F202F22907A4C0BEA207D0201
:10DF10001A000E040E040E047E1400035D100E148D
:10DF20001A021A002F022F002F007E5456127E4430
:10DF300000FE2F20691200020B2A007E0B704C7627
:10DF40007A0B707E6060907A4C0BEA00740D0E04C0
:10DF50001478FB7E1400075D101A021A007F202F30
:10DF6000222F22907A4C0BEA207D021A000E040E1A
:10DF7000040E047E1400035D101A021A002F022FF3
:10DF8000002F007E54565A7E4400FE2F2069120056
:10DF9000020B2A007E0B704C767A0B707E60089024
:10DFA0007A4C0BEA00740D0E041478FB7E14000703
:10DFB0005D101A021A007F202F222F22907A4C0B1C
:10DFC000EA207D021A000E040E040E047E140003E3
:10DFD0005D101A021A002F022F002F007E54565A8D
:10DFE0007E4400FE2F20691200020B2A007E0B7077
:10DFF0004C767A0B70907A4C0BEA307D531A5A0E9D
:10E00000540E540E547E4400035D453E44907A4CB9
:10E010000BEA507D351A360E340E347E5400015D05
:10E02000532D547E34000160053E341478FB7C6728
:10E03000907A4C0BEA00740D0E041478FB7E1400E9
:10E04000075D101A021A002F002F007E54553A7EE9
:10E050004400FE2F20691200020B2A007E0B704C38
:10E06000767A0B70907A4C0BEA307D431A480E4456
:10E070000E440E447E5400035D543E54907A4C0B83
:10E08000EA307D231A247E3400035D3260053E347D
:10E090001478FB7C67907A4C0BEA00740D0E041424
:10E0A00078FB7E1400075D101A021A002F002F0063
:10E0B0007E5455CA7E4400FE2F20691200020B2AAE
:10E0C000007E0B704C767A0B707E6080907A4C0BE1
:10E0D000EA00740D0E041478FB7E1400075D101A1C
:10E0E000021A002F002F007E54550A7E4400FE2F96
:10E0F00020691200020B2A007E0B704C767A0B709E
:10E100007E6001907A4C0BEA00740D0E041478FBCB
:10E110007E1400075D101A021A002F002F007E5493
:10E1200056427E4400FE2F20691200020B2A007E18
:10E130000B704C767A0B70AA9083AF7AEB70908359
:10E14000AEF0C3C2B47E3400029083AEE09083AFE1
:10E150007EEB509AFC8822D3D2B4229083B0F0E4B4
:10E160009083B1F0C3C2B47E3400029083B07EEBE2
:10E17000A074804CBA9AFC8AF39083B1F0D3D2B4E5
:10E180009083B1E0229080551BEA20793E000290F6
:10E1900080511BEA00791E0002908050F0C3C2B487
:10E1A000908055693E00020BEA20907E8B793E00FC
:10E1B000021BEA207E3400029080507EEBA0748027
:10E1C0004CBA908051691E00020BEA009AFC8B1732
:10E1D000D3D2B4229082437AEB609082427AEB7081
:10E1E000908241F0E4908244F06D339082451BEAC6
:10E1F00030908241E03EB0F074176C7712E13874D1
:10E20000159082417EEB7012E13874169082427E46
:10E21000EB7012E13874219082437EEB7012E1388A
:10E2200074147E704C12E13880379082450BEA20DE
:10E230007E3400012D321BEA307E3400FFBD3250A7
:10E24000087401908244F080207E1403E89082A438
:10E25000693E00020BEA209AFD57D32F119AFE2542
:10E260003F742212E15B30E7C1908244E022908348
:10E270003D7AEB7090833CF06D3390833E1BEA3027
:10E2800090833CE03EB0F0741590833C7EEB707E52
:10E2900060014C7612E138741690833D7EEB70126B
:10E2A000E13874177E700112E13874147E704C12DC
:10E2B000E138802F90833E0BEA207E3400012D321E
:10E2C0001BEA307E3400FFBD3240207E1403E8900C
:10E2D00082A4693E00020BEA209AFD57D32F119ABF
:10E2E000FE253F742212E15B30E0C9740212E15B4B
:10E2F000229083B37AEB709083B2F09083B2E03EC9
:10E30000B0F074159083B27EEB707E60014C761293
:10E31000E13874169083B37EEB7012E13874177E87
:10E32000700612E13874147E706C12E13822E490A9
:10E330008340F0E4908341F06D339083421BEA30D8
:10E34000805E9083420BEA207E3400012D321BEA6E
:10E35000307E3400FFBD3250087401908340F0805D
:10E3600048740F12E15B908341F0908341E00A3BD7
:10E3700090751D1BEA307E1458D17E0400FE9AFD74
:10E38000483D7E1403E89082A4693E00020BEA2017
:10E390009AFD57D37E14000A9AFD57CA9AFE253F6C
:10E3A000908341E0BEB06B7899908340E022E49086
:10E3B0008344F0E4908345F06D339083461BEA304C
:10E3C00080499083460BEA207E3400012D321BEAFF
:10E3D000307E3400FFBD3250087401908344F080D9
:10E3E00033740D7E700D12E26E908345F07E14033F
:10E3F000E89082A4693E00020BEA209AFD57D37E82
:10E4000014000A9AFD57CA9AFE253F908345E0BE44
:10E41000B0FF78AE908344E02274287E1482477E59
:10E420000400017E18000612E185908248E00A2B64
:10E430007C456C55908247E00A3B4D329077861BB5
:10E44000EA3090824AE00A2B7C456C55908249E084
:10E450000A3B4D329077881BEA3090824CE00A2BC1
:10E460007C456C5590824BE00A3B4D3290778A1B7D
:10E47000EA30AA74227E14824D7E0400017E1800C8
:10E480000612E18590824EE00A2B7C456C55908205
:10E490004DE00A3B4D329077921BEA30908250E07B
:10E4A0000A2B7C456C5590824FE00A3B4D329077A9
:10E4B000941BEA30908252E00A2B7C456C55908286
:10E4C00051E00A3B4D329077961BEA30AA74017EE8
:10E4D000704012E138742212E15B90816BF0908100
:10E4E0006BE030E05974027E14816C7E0400017E82
:10E4F00018000612E18590816DE00A2B7C456C5571
:10E5000090816CE00A3B4D3290778C1BEA30908111
:10E510006FE00A2B7C456C5590816EE00A3B4D32D2
:10E5200090778E1BEA30908171E00A2B7C456C5508
:10E53000908170E00A3B4D329077901BEA30740175
:10E540006C7712E138AAE49083CAF07E1403E89055
:10E5500082A4693E00020BEA209AFD57D37E140084
:10E560000A9AFD57CA9AFE253F7E342297907981F8
:10E570001BEA307E3422959079831BEA307E342268
:10E58000969079851BEA307E34FFFF9079871BEAED
:10E59000307E3400026D227E1496807E0400989AAC
:10E5A000FC8E7E7E3400447E24000174017E1400C3
:10E5B000109AFD429C74016C7712E13874127E70DF
:10E5C0000112E1387E1403E89082A4693E00020B38
:10E5D000EA209AFD57D32F119AFE253F74016C77DC
:10E5E00012E13812E32EBEB00068157E1458A97EE1
:10E5F0000400FE9AFD483D74019083CAF002E912BE
:10E60000740D7E700312E1387E3400022E34000057
:10E6100068221B34683A1B3468521B34686A8000D5
:10E620007E1458807E0400FE9AFD483D740190835C
:10E63000CAF0806E74107E703012E1387E341200A1
:10E640007E244680907798793E00021BEA20805213
:10E6500074107E703812E1387E3414007E24460037
:10E66000907798793E00021BEA20803674107E7005
:10E670003C12E1387E3410007E24458090779879F2
:10E680003E00021BEA20801A74107E703412E138BA
:10E690007E3410007E244500907798793E00021B5E
:10E6A000EA209083CAE0BEB001780302E9127E340A
:10E6B00000042E34000068311B34684A1B34686241
:10E6C0001B34687A1B34780302E75A1B3478030240
:10E6D000E77680007E1458567E0400FE9AFD483D81
:10E6E00074019083CAF002E79074117E705212E1B7
:10E6F000387E34999A7E24436490779C793E000258
:10E700001BEA2002E79074117E705012E1387E34CB
:10E71000999A7E2442E490779C793E00021BEA207D
:10E72000806E74117E705412E1387E3466667E24E9
:10E73000426490779C793E00021BEA20805274115B
:10E740007E705812E1387E34CCCD7E2441E490773F
:10E750009C793E00021BEA20803674117E705C12A8
:10E76000E1387E34CCCD7E24416490779C793E00A4
:10E77000021BEA20801A74117E705112E1387E3437
:10E7800033337E2440E390779C793E00021BEA20DD
:10E790009083CAE0BEB001780302E91274127E7061
:10E7A0004412E13874137E700212E13874146C77ED
:10E7B00012E13874156C7712E13874166C7712E137
:10E7C0003874187E700112E13874017E704012E1D5
:10E7D0003874147E708012E1387E1403E89082A4AD
:10E7E000693E00020BEA209AFD57D32F119AFE25AD
:10E7F0003F74146C7712E1387E1403E89082A469A8
:10E800003E00020BEA209AFD57D32F119AFE253FB6
:10E81000740D7E700A7E608012E1D47E1403E8904D
:10E8200082A4693E00020BEA209AFD57D32F119A69
:10E83000FE253F740D7E700A6C6612E1D47E1403CF
:10E84000E89082A4693E00020BEA209AFD57D32F7C
:10E85000119AFE253F12E3AEBEB00068157E145833
:10E86000357E0400FE9AFD483D74019083CAF00293
:10E87000E9127E3400012E340000681A1B3468351A
:10E8800080007E14580C7E0400FE9AFD483D740101
:10E890009083CAF0803C740D7E70097E600912E19D
:10E8A000D47E3480007E24463B9077A0793E0002DF
:10E8B0001BEA20801D740D7E70097E601912E1D460
:10E8C0007E3480007E24453B9077A0793E00021B79
:10E8D000EA209083CAE0BEB0016837740D7E700BE9
:10E8E0007E600112E1D4740D6C7712E2F174016C58
:10E8F0007712E1387E1403E89082A4693E00020B8F
:10E90000EA209AFD57D37E1400149AFD57CA9AFE46
:10E91000253F9083CAE0AA907B611BEA00791E0024
:10E9200002907B5F1BEA30E4907B69F06D33907B53
:10E930006A1BEA306D33907B6C1BEA30907B5F0B77
:10E94000EA307E2400029AFE27C17E145E5D7E04BA
:10E9500000FE7E3400409AFDFEB87E14FF017E0466
:10E9600000FE907B61693E00020BEA20BF10380375
:10E9700002EAA87E14000C907B61693E00020BEA5B
:10E98000209AFD57D3793E00021BEA20907B5F0B53
:10E99000EA50BE54000E400302EBBB7EA003A490DD
:10E9A000E9A37302E9CD02E9D302E9D902E9DF0262
:10E9B000E9E502E9EB02EA0002EA1502EA2A02EAC4
:10E9C0003F02EA5402EA6902EA7E02EA93538E7F2A
:10E9D00002EBBB538EBF02EBBB538EFB02EBBB5370
:10E9E000DDFD02EBBB53DDDF02EBBB74FD7E14FBF0
:10E9F000B37E04007E7E0B705C7B7A0B7002EBBBF7
:10EA000074DF7E14FBB37E04007E7E0B705C7B7A29
:10EA10000B7002EBBB74FD7E14FBBB7E04007E7E9C
:10EA20000B705C7B7A0B7002EBBB74DF7E14FBBB5C
:10EA30007E04007E7E0B705C7B7A0B7002EBBB74F5
:10EA4000FD7E14FBC37E04007E7E0B705C7B7A0B24
:10EA50007002EBBB74DF7E14FBC37E04007E7E0B72
:10EA6000705C7B7A0B7002EBBB74EF7E14FE787ED9
:10EA700004007E7E0B705C7B7A0B7002EBBB74FD36
:10EA80007E14FBCB7E04007E7E0B705C7B7A0B7069
:10EA900002EBBB74DF7E14FBCB7E04007E7E0B702A
:10EAA0005C7B7A0B7002EBBB907B5F0BEA50BE5431
:10EAB000000E400302EBBB7EA003A490EABF7302EA
:10EAC000EAE902EAEF02EAF502EAFB02EB0102EBF5
:10EAD0000702EB1C02EB3102EB4502EB5902EB6D36
:10EAE00002EB8102EB9502EBA9438E8002EBBB4364
:10EAF0008E4002EBBB438E0402EBBB43DD0202EB14
:10EB0000BB43DD2002EBBB74027E14FBB37E04002A
:10EB10007E7E0B704C7B7A0B7002EBBB74207E14F4
:10EB2000FBB37E04007E7E0B704C7B7A0B7002EB95
:10EB3000BB74027E14FBBB7E04007E7E0B704C7B9C
:10EB40007A0B70807674207E14FBBB7E04007E7E80
:10EB50000B704C7B7A0B70806274027E14FBC37E58
:10EB600004007E7E0B704C7B7A0B70804E74207E8E
:10EB700014FBC37E04007E7E0B704C7B7A0B70808E
:10EB80003A74107E14FE787E04007E7E0B704C7BFF
:10EB90007A0B70802674027E14FBCB7E04007E7E8E
:10EBA0000B704C7B7A0B70801274207E14FBCB7E32
:10EBB00004007E7E0B704C7B7A0B70907B61693E0B
:10EBC00000020BEA207CB5907B69F0907B69E00A3B
:10EBD0003B6D227E0800012F01907B61693E00029F
:10EBE0000BEA209AFD57D5907B6A1BEA30907B6A2E
:10EBF0000BEA306E34FFFF0B34907B6C1BEA3090D5
:10EC00007B5F0BEA50BE54000E400302F04B7EA027
:10EC100003A490EC167302EC4002EC6F02EC9E022F
:10EC2000ECCA02ECF602ED2502ED8102EDDD02EE0A
:10EC30003902EE9502EEF102EF4D02EF9702EFF28C
:10EC4000907B69E07E34FEA07E24007E7A1BB05368
:10EC500089F0907B6C0BEA50F58A907B6C0BEA3064
:10EC60007D530A5AF58CD3D28CD3D2A902F04B90A3
:10EC70007B69E07E34FEA17E24007E7A1BB053893E
:10EC80000F907B6C0BEA50F58B907B6C0BEA307D20
:10EC9000530A5AF58DD3D28ED3D2AB02F04B907B70
:10ECA00069E07E34FEA27E24007E7A1BB0907B6CED
:10ECB0000BEA50F5D7907B6C0BEA307D530A5AF57E
:10ECC000D6438E1043AF0402F04B907B69E07E3454
:10ECD000FEA37E24007E7A1BB0907B6C0BEA50F57D
:10ECE000D5907B6C0BEA307D530A5AF5D443DD088E
:10ECF00043AF2002F04B907B69E07E34FEA47E247B
:10ED0000007E7A1BB0907B6C0BEA50F5D3907B6C45
:10ED10000BEA307D530A5AF5D243DD9053DDFB43B5
:10ED2000AF4002F04B907B69E07E34FBB07E240064
:10ED30007E7A1BB0907B6C0BEA107E34FBB77E248E
:10ED4000007E7A1B30907B6C0BEA307D130A127EBA
:10ED500034FBB67E24007E7A1B3074087E14FBB32D
:10ED60007E04007E7E0B704C7B7A0B7074017E14E7
:10ED7000FBB27E04007E7E0B704C7B7A0B7002F03F
:10ED80004B907B69E07E34FBB17E24007E7A1BB021
:10ED9000907B6C0BEA107E34FBB57E24007E7A1BE0
:10EDA00030907B6C0BEA307D130A127E34FBB47E0C
:10EDB00024007E7A1B3074807E14FBB37E04007EB8
:10EDC0007E0B704C7B7A0B7074107E14FBB27E0449
:10EDD000007E7E0B704C7B7A0B7002F04B907B694F
:10EDE000E07E34FBB87E24007E7A1BB0907B6C0BF7
:10EDF000EA107E34FBBF7E24007E7A1B30907B6C51
:10EE00000BEA307D130A127E34FBBE7E24007E7A2C
:10EE10001B3074087E14FBBB7E04007E7E0B704C9E
:10EE20007B7A0B7074017E14FBBA7E04007E7E0B2D
:10EE3000704C7B7A0B7002F04B907B69E07E34FB68
:10EE4000B97E24007E7A1BB0907B6C0BEA107E3476
:10EE5000FBBD7E24007E7A1B30907B6C0BEA307DFC
:10EE6000130A127E34FBBC7E24007E7A1B30748031
:10EE70007E14FBBB7E04007E7E0B704C7B7A0B7095
:10EE800074107E14FBBA7E04007E7E0B704C7B7A7D
:10EE90000B7002F04B907B69E07E34FBC07E240057
:10EEA0007E7A1BB0907B6C0BEA107E34FBC77E240D
:10EEB000007E7A1B30907B6C0BEA307D130A127E49
:10EEC00034FBC67E24007E7A1B3074087E14FBC39C
:10EED0007E04007E7E0B704C7B7A0B7074017E1476
:10EEE000FBC27E04007E7E0B704C7B7A0B7002F0BE
:10EEF0004B907B69E07E34FBC17E24007E7A1BB0A0
:10EF0000907B6C0BEA107E34FBC57E24007E7A1B5E
:10EF100030907B6C0BEA307D130A127E34FBC47E8A
:10EF200024007E7A1B3074807E14FBC37E04007E36
:10EF30007E0B704C7B7A0B7074107E14FBC27E04C7
:10EF4000007E7E0B704C7B7A0B7002F04B907B69DD
:10EF5000E07E34FE797E24007E7A1BB0907B6C0BC1
:10EF6000EA107E34FE7B7E24007E7A1B30907B6C20
:10EF70000BEA307D130A127E34FE7A7E24007E7AFC
:10EF80001B3074827E14FE787E04007E7E0B704CF3
:10EF90007B7A0B7002F04B907B69E07E34FBC87E7D
:10EFA00024007E7A1BB0907B6C0BEA107E34FBCF82
:10EFB0007E24007E7A1B30907B6C0BEA307D130A36
:10EFC000127E34FBCE7E24007E7A1B3074087E14C1
:10EFD000FBCB7E04007E7E0B704C7B7A0B70740141
:10EFE0007E14FBCA7E04007E7E0B704C7B7A0B7015
:10EFF0008059907B69E07E34FBC97E24007E7A1BB9
:10F00000B0907B6C0BEA107E34FBCD7E24007E7AC0
:10F010001B30907B6C0BEA307D130A127E34FBCCE4
:10F020007E24007E7A1B3074807E14FBCB7E04002D
:10F030007E7E0B704C7B7A0B7074107E14FBCA7E44
:10F0400004007E7E0B704C7B7A0B70907B65691E92
:10F0500000020BEA00907B5F0BEA203E243E247EF8
:10F060003471AF2D327A71827A6183791E00021B6E
:10F07000EA00AA907A95E0BEB00D50717EA003A47C
:10F0800090F0847302F0AB02F0B102F0ED02F0B741
:10F0900002F0ED02F0BD02F0C302F0C902F0CF02AF
:10F0A000F0D502F0DB02F0E102F0E79AFDF0F28029
:10F0B000409AFDF2B7803A9AFDF39680349AFDF4B7
:10F0C0006B802E9AFDF4DC80289AFDF5D680229A7A
:10F0D000FDF5DB801C9AFDF66480169AFDF72E8004
:10F0E000109AFDF787800A9AFDF7C280049AFDFA0C
:10F0F000BEAA907A947EEBA074805CBABEB0807891
:10F1000020907A97E0BEB0007817907A96E0BEB073
:10F1100000780E907A9A0BEA207E340002BD2368B4
:10F12000079AFDFABE02F2B6907A947EEBA0740FB5
:10F130005CBA14684514780302F1BB0BB168030292
:10F14000F2AC907A99E0BEB0007809907A98E0BE6F
:10F15000B00068079AFDFABE02F2B67E3407367E2A
:10F160002400FF907AA0793E00021BEA207E340042
:10F1700002907A9E1BEA3002F2B2907A9CE0BEB016
:10F18000047812907A99E0BEB0007809907A98E0FD
:10F19000BEB00068079AFDFABE02F2B67E340736AA
:10F1A0007E2400FF907AA0793E00021BEA207E3484
:10F1B0000002907A9E1BEA3002F2B2907A9CE0BE86
:10F1C000B0047809907A99E0BEB00068079AFDFA19
:10F1D000BE02F2B6907A987EEBA0740F5CBA908370
:10F1E000CEF0907A98E0146864247F68060468037F
:10F1F00002F2A69083CEE07E34000160053E341416
:10F2000078FB907AA4E00A2B5D236D33BD23681F41
:10F210007E3407387E2400FF907AA0793E00021BDE
:10F22000EA207E340002907A9E1BEA3002F2B27E1F
:10F230003407367E2400FF907AA0793E00021BEA54
:10F24000207E340002907A9E1BEA3080659083CE47
:10F25000E07E34000160053E341478FB907AA5E02E
:10F260000A2B5D236D33BD23681E7E3407387E2450
:10F2700000FF907AA0793E00021BEA207E34000253
:10F28000907A9E1BEA30802A7E3407367E2400FF67
:10F29000907AA0793E00021BEA207E340002907A28
:10F2A0009E1BEA30800C9AFDFABE800A9AFDFABED7
:10F2B00080049AFDFACEAA907A9CE0BEB004783021
:10F2C000907A94E0BEB0027827907A99E0BEB000C0
:10F2D000781E907A97E0BEB0007815907A96E0BEDE
:10F2E000B000780C6D22907A9A0BEA30BD32680734
:10F2F0009AFDFABE02F395907A987EEBA0740F5CAB
:10F30000BA9083CFF0907A98E0146843247F680322
:10F310000478789083CFE07E34000160053E341499
:10F3200078FB7CB77CAB6EA0FF907AA4E05CBAF06F
:10F33000740E9083CF7EEB709AFDF84C74117E7042
:10F34000409AFDF84C740E6C779AFDF84C80429010
:10F3500083CFE07E34000160053E341478FB7CB737
:10F360007CAB6EA0FF907AA5E05CBAF0740E90833F
:10F37000CF7EEB709AFDF84C74147E70809AFDF885
:10F380004C740E6C779AFDF84C80069AFDFABE809C
:10F39000049AFDFAF2AA907A9CE0BEB0047830900C
:10F3A0007A94E0BEB0027827907A99E0BEB00078F7
:10F3B0001E907A97E0BEB0007815907A96E0BEB0C5
:10F3C00000780C6D22907A9A0BEA30BD3268079A69
:10F3D000FDFABE02F46A907A987EEBA0740F5CBAD4
:10F3E0009083D0F0907A98E014683E247F680304FC
:10F3F000786E9083D0E07E34000160053E3414784E
:10F40000FB7CA7907AA4E04CBAF0740E9083D07E77
:10F41000EB709AFDF84C74117E70109AFDF84C74E4
:10F420000E6C779AFDF84C803D9083D0E07E3400DE
:10F430000160053E341478FB7CA7907AA5E04CBAB5
:10F44000F0740E9083D07EEB709AFDF84C74147EAD
:10F4500070209AFDF84C740E6C779AFDF84C80067B
:10F460009AFDFABE80049AFDFAF2AA907A94E0BE60
:10F47000B0007833907A99E0BEB000782A907A98FC
:10F48000E0BEB0007821907A97E0BEB00078189086
:10F490007A967EEBA07480BCAB500C6D22907A9A69
:10F4A0000BEA30BD3268069AFDFABE802E907A963D
:10F4B000E09083D1F0E49083D17EEB709AFDF84C1C
:10F4C0009083D1E0BEB00068087403907A9CF0800D
:10F4D000067402907A9CF09AFDFAF2AA907A947ED1
:10F4E000EBA074805CBABEB08068079AFDFABE02D9
:10F4F000F5D5907A97E01BB168291468440BB16880
:10F500000302F5AF7E3406E17E2400FF907AA079F5
:10F510003E00021BEA207E340012907A9E1BEA30E5
:10F5200002F5B57E3406F37E2400FF907AA0793E82
:10F5300000021BEA207E340043907A9E1BEA308052
:10F5400074907A96E01468251468400BB1785A7E5E
:10F550003406DD7E2400FF907AA0793E00021BEA8B
:10F56000207E340004907A9E1BEA3080487E340767
:10F570003A7E2400FF907AA0793E00021BEA207EAA
:10F58000340008907A9E1BEA30802A7E3406BF7EC3
:10F590002400FF907AA0793E00021BEA207E34000E
:10F5A0001E907A9E1BEA30800C9AFDFABE80269A45
:10F5B000FDFABE8020907A9A0BEA20907A9E0BEAA0
:10F5C00030BD32280C907A9A0BEA30907A9E1BEA72
:10F5D000309AFDFACEAA9AFDFABEAA907A94E0BEBD
:10F5E000B0807832907A97E0BEB0007829907A9611
:10F5F000E0BEB0007820907A99E0BEB00078179015
:10F600007A98E0BEB000780E907A9A0BEA207E34A9
:10F610000001BD2368069AFDFABE8047907A9CE0FF
:10F62000BEB004781E7E3407387E2400FF907AA096
:10F63000793E00021BEA207E340001907A9E1BEA8C
:10F6400030801C7E3407367E2400FF907AA0793EFD
:10F6500000021BEA207E340001907A9E1BEA309A59
:10F66000FDFACEAA907A9CE0BEB0026830907A94FF
:10F67000E0BEB0007827907A97E0BEB000781E9088
:10F680007A99E0BEB0007815907A98E0BEB0007824
:10F690000C6D22907A9A0BEA30BD3268079AFDFA17
:10F6A000BE02F72D907A96E0BEB001786A7404909D
:10F6B0007A9CF0E4907AA4F0E4907AA5F0740E7E3F
:10F6C00070019AFDF84C74127E70209AFDF84C740B
:10F6D000107E70089AFDF84C740E7E70029AFDF848
:10F6E0004C74127E70209AFDF84C74107E70089A4B
:10F6F000FDF84C740E7E70019AFDF84C74126C7714
:10F700009AFDF84C74137E70089AFDF84C740E6CD8
:10F71000779AFDF84C80127403907A9CF074FF90F5
:10F720007AA4F074FF907AA5F09AFDFAF2AA907A82
:10F730009CE0BEB0047829907A94E0BEB081782035
:10F74000907A97E0BEB0007817907A99E0BEB0004A
:10F75000780E907A9A0BEA207E340001BD23680669
:10F760009AFDFABE80207E3407367E2400FF907A10
:10F77000A0793E00021BEA207E340001907A9E1B95
:10F78000EA309AFDFACEAA907A9CE0BEB0047827BF
:10F79000907A94E0BEB001781E907A97E0BEB000F7
:10F7A0007815907A99E0BEB000780C6D22907A9A24
:10F7B0000BEA30BD3268069AFDFABE80049AFDFA63
:10F7C000F2AA9AFDFABEAAE4F5DC7490F5F4E46CB2
:10F7D000779AFDF84C74017E70089AFDF84C740716
:10F7E0007E703F9AFDF84C74097E703F9AFDF84C8C
:10F7F000740B7E70079AFDF84C74016C779AFDF8D3
:10F800004C7402907A9CF0E4907A9DF0E4907AA493
:10F81000F0E4907AA5F0C3C200C3C20143B58043AF
:10F82000B680D3A9D7AFAA9083B4F0E5FC20E7FB5C
:10F830009083B47EEBA074804CBAF5FCE5FC20E725
:10F84000FBE5EC9083B5F09083B5E0AA9083B77A9E
:10F85000EB709083B6F0E5FC20E7FB9083B67EEB7F
:10F86000A0747F5CBAF5FC9083B7E0F5ECAA9081B8
:10F87000731BEA00791E0002908172F074169AFDE3
:10F88000F827908177F0908178F0802B908172E05A
:10F890009AFDF827908173693E00020BEA207A1BDB
:10F8A000B0908173693E00020BEA200B34908173A3
:10F8B000793E00021BEA209081777EEBA07E7001EA
:10F8C0007CBA9CB7F0BEA00078C2908178E0AA9084
:10F8D00082587AEB709082541BEA00791E000290E5
:10F8E0008253F0801E908253E0908254691E000281
:10F8F0000BEA007E0B700B14791E00021BEA009AC3
:10F90000FDF84C9082587EEBA07E70017CBA9CB7CB
:10F91000F0BEA00078CFAACA7BCA6BCA5BCA4BCA2A
:10F920002BCA1BCA0BC0D0C083C082E5FC90834B9E
:10F93000F074069AFDF827908348F074029AFDF857
:10F9400027908349F074049AFDF82790834AF09039
:10F950008348E030E1049AFDF9B7908348E030E253
:10F96000049AFDF9B8908349E030E0049AFDFA0A60
:10F97000908349E030E1049AFDFC20908349E03017
:10F98000E2049AFDFC5690834AE030E1049AFDFCC3
:10F9900089908348E030E0049AFDFA0990834BE0B7
:10F9A000F5FCD082D083D0D0DA0BDA1BDA2BDA4B1D
:10F9B000DA5BDA6BDA7B32AAE46C779AFDF84C7486
:10F9C00002907A9CF0E4907A9DF0740E7E70019A19
:10F9D000FDF84C74117E70489AFDF84C740E7E70E0
:10F9E000029AFDF84C74117E70489AFDF84C740E22
:10F9F0007E70019AFDF84C74147E70909AFDF84C5C
:10FA0000740E6C779AFDF84CAAAA740E6C779AFD66
:10FA1000F84C74119AFDF8279083CBF09083CBE0DB
:10FA200030E21674119083CB7EEB707E60FB5C76C7
:10FA30009AFDF84CE4907A9DF09083CBE030E4118D
:10FA400074119083CB7EEB707E60804C769AFDF8CB
:10FA50004C907A9DE024FD685A14685D0BB2785D85
:10FA60009083CBE030E05674207E147A947E0400BC
:10FA7000019AFDF86E907A9A0BEA309AFE278890E8
:10FA80007A9A1BEA30907A947EEBA074605CBA2478
:10FA9000E0680E24E06810244078129AFDF073802C
:10FAA0001C9AFE264D80169AFDFFE880109AFDFAFA
:10FAB000BE800A9AFDFB0180049AFDFB9FAA740593
:10FAC000907A9DF074117E70609AFDF84CAA7403D0
:10FAD000907A9DF074117E70409AFDF84C9AFDFB6F
:10FAE00001AA7404907A9DF074117E70409AFDF81A
:10FAF0004CAAE4907A9DF074117E70489AFDF84CFF
:10FB0000AA740E6C779AFDF84C74119AFDF8279040
:10FB100083B8F09083B8E030E10302FB9E907A9EB8
:10FB20000BEA207E340040BD2328047440800690F8
:10FB30007A9E0BEA509083B9F07420907AA0691EE7
:10FB400000020BEA009083B97EEB709AFDF8CF902B
:10FB500083B9E00A2B907A9E0BEA309D321BEA3083
:10FB60009083B9E00A1B907AA0693E00020BEA205C
:10FB70002D31793E00021BEA206D22907A9E0BEA1D
:10FB800030BD32781074117E700A9AFDF84CE49002
:10FB90007A9DF0800974117E70029AFDF84CAA7467
:10FBA0000E6C779AFDF84C74119AFDF8279083BA81
:10FBB000F09083BAE030E0677420907AA0691E006C
:10FBC000020BEA009AFDF86E9083BBF09083BBE0D5
:10FBD0000A2B907A9E0BEA309D321BEA309083BB51
:10FBE000E00A1B907AA0693E00020BEA202D3179D1
:10FBF0003E00021BEA206D22907A9E0BEA30BD3255
:10FC0000781074117E70489AFDF84CE4907A9DF05B
:10FC1000800974117E70409AFDF84C9AFE2706AA5E
:10FC2000740E7E70019AFDF84C74119AFDF82790BD
:10FC300083CCF09083CCE030E50974117E70409A5B
:10FC4000FDF84C9083CCE030E20874116C779AFD9B
:10FC5000F84CC3C200AA740E7E70029AFDF84C7470
:10FC6000119AFDF8279083CDF09083CDE030E5091F
:10FC700074117E70409AFDF84C9083CDE030E2081C
:10FC800074116C779AFDF84CAA740E7E70019AFD7F
:10FC9000F84C74149AFDF827907039F0907039E0A0
:10FCA00030E60974147E70809AFDF84C907039E04B
:10FCB00030E07774169AFDF82790703AF0E490706F
:10FCC0003BF0802874219AFDF8277CAB90703BE0D4
:10FCD0000A2B7E34703C2D327A71827A61837AEB02
:10FCE000A090703B7EEBA074012CBAF090703A7E2D
:10FCF000EBA090703BE0BCBA40CA908308693E001C
:10FD0000020BEA204D23681A7E14703C7E04000129
:10FD100090703AE00A3B908308695E00020BEA406B
:10FD2000992874146C779AFDF84CAA9080661BEAA7
:10FD300020793E00029080621BEA00791E0002904A
:10FD40008066693E00020BEA20BE18FFFF2824905F
:10FD50008062691E00020BEA007E34FFFF9AFE22D9
:10FD6000167E08FFFF908066693E00020BEA209F26
:10FD700010801A908062691E00020BEA0090806673
:10FD8000693E00020BEA209AFE22169F11AA90807B
:10FD90006E1BEA20793E000290806A1BEA00791E01
:10FDA00000027E34806E7E24000190789E793E00B1
:10FDB000021BEA206D339078A21BEA307E146B910F
:10FDC0007E04000190806A693E00020BEA209AFDE1
:10FDD000976B90806E693E00020BEA20AA907BDB55
:10FDE0001BEA30907BD71BEA00791E00027E345D4F
:10FDF000C87E2400FE7E147BDD7E04000174089A18
:10FE0000FD585C7E340008CA397E347BDD7E2400D8
:10FE100001907BD7691E00020BEA009AFE29151B90
:10FE2000FDBEB000784FC3C2AFE47E34FE007E2436
:10FE3000007E7A1BB0E4F5F453DCF0E47E34FE0778
:10FE40007E24007E7A1BB0E47E34FE037E24007E96
:10FE50007A1BB07E1403E89082A4693E00020BEA8C
:10FE6000209AFD57D37E14000A9AFD57CA9AFE25A0
:10FE70003F7460F5C7906BA8E0BEB0006828907B27
:10FE8000DB0BEA306D22907A42793E00021BEA20B9
:10FE90007E146B917E040001907BD7693E00020BBB
:10FEA000EA209AFD91B9AA9083BEF09083BEE09AB1
:10FEB000FE23319083BEE0AA9078DE1BEA30907872
:10FEC000DA1BEA00791E00029078D9F07E345DD00A
:10FED0007E2400FE7E1478E07E040001740D9AFDFD
:10FEE000585C805C7E3478E07E24000190751B793C
:10FEF0003E00021BEA209078DA693E00020BEA20FD
:10FF0000907517793E00021BEA209078DE0BEA30EC
:10FF10009075151BEA307E145DB07E0400FE9AFDDC
:10FF2000483D7E1403E89082A4693E00020BEA205B
:10FF30009AFD57D37E1401F49AFD57CA9AFE253FC5
:10FF40009078D9E0BEB000689BAA9AFE22117E3458
:10FF50006B107E240001907BEB793E00021BEA20AF
:10FF60007E180080907BEF793E00021BEA207E1411
:10FF70006B917E0400016D339AFD9D287E14FDDD9A
:10FF80007E0400FD9AFE2379AA9083BC1BEA309080
:10FF900083BC0BEA301B36682A0B36784A7E34FD68
:10FFA0002B7E2400FD90812E793E00021BEA207EEC
:10FFB00034FD8E7E2400FD90812A793E00021BEAEA
:10FFC0002080247E3488787E2400FD90812E793E26
:10FFD00000021BEA207E348A3B7E2400FD90812AA9
:10FFE000793E00021BEA20AA9AFDFABEAA2830290F
:01FFF0000010
:0200000400FEFC
:100000009083A37AEB709083A2F0C3C2B47E3400D5
:10001000029083A2E09083A37EEB509AFC8822D3C7
:10002000D2B4229080311BEA20793E000290802DCC
:100030001BEA00791E000290802CF0C3C2B49080AD
:1000400031693E00020BEA20907E80793E00021B5F
:10005000EA207E34000290802CE090802D691E0002
:10006000020BEA009AFC884FD3D2B422908380F02E
:10007000C3C2B47E180002907E8B793E00021BEA58
:10008000207E3400029083807EEBA074804CBA7E88
:100090001483817E0400019AFC8B17D3D2B4908321
:1000A00082E022907A191BEA20793E0002907A15AC
:1000B0001BEA00791E0002907A14F06D33907A1DCD
:1000C0001BEA30C3C2B47E080001907A19693E0071
:1000D000020BEA202F10907E8B793E00021BEA2053
:1000E0007E340002907A147EEBA074804CBA7E14A9
:1000F0007A1F7E0400019AFC8B17D3D2B46D339023
:100100007A1D1BEA308045907A1D0BEA207E347AF6
:10011000202D327A71827A6183E0907A15693E00EF
:10012000020BEA207A1BB0907A15693E00020BEAB6
:10013000200B34907A15793E00021BEA20907A1D3C
:100140000BEA207E3400012D321BEA30907A1D0B21
:10015000EA106D00907A19693E00020BEA20BF0197
:1001600040A522E4908330F0E4908331F06D339029
:1001700083321BEA309083320BEA207E3400012D5B
:10018000321BEA307E340064BD232808740190835A
:1001900031F08027E412006C908330F07E1403E885
:1001A0009082A4693E00020BEA209AFD57D39AFE82
:1001B000253F908330E0BEB02478BA908331E022AE
:1001C000740C7E1482117E0400017E180006120059
:1001D000A3908212E00A2B7C456C55908211E00AB4
:1001E0003B4D3290798D1BEA30908214E00A2B7CD3
:1001F000456C55908213E00A3B4D3290798F1BEA93
:1002000030908216E00A2B7C456C55908215E00AEE
:100210003B4D329079911BEA30AA74127E148217FA
:100220007E0400017E1800061200A3908218E00AE6
:100230002B7C456C55908217E00A3B4D32907993A8
:100240001BEA3090821AE00A2B7C456C559082198B
:10025000E00A3B4D329079951BEA3090821CE00A0F
:100260002B7C456C5590821BE00A3B4D3290799770
:100270001BEA30AAE49083C8F07E1403E89082A4BD
:10028000693E00020BEA209AFD57D37E1400149AAF
:10029000FD57CA9AFE253F7E3422979079811BEA4A
:1002A000307E3422959079831BEA307E34229690FA
:1002B00079851BEA307E34FFFF9079871BEA307E18
:1002C0003400026D227E1496807E0400989AFC8E83
:1002D0007E7E3400447E24000174017E1400109A56
:1002E000FD429CE412006C120163BEB00068157EF2
:1002F0001459EA7E0400FE9AFD483D74019083C8BB
:10030000F00204F0747C6C771200007E1403E89015
:1003100082A4693E00020BEA209AFD57D39AFE257B
:100320003F74596C77120000745E7E1429667E0457
:1003300000FE7E18200012002374597E7001120006
:10034000007E1403E89082A4693E00020BEA209A22
:10035000FD57D37E1400149AFD57CA9AFE253F74A8
:100360002112006CBEB00168157E1459D37E0400C2
:10037000FE9AFD483D74019083C8F00204F0747D3C
:100380007E700E12000074407E70A712000074424E
:100390007E70A91200007E3400022E340000682214
:1003A0001B3468371B34684D1B34686380007E142F
:1003B00059AA7E0400FE9AFD483D74019083C8F05E
:1003C000806574416C771200006D337E2446809006
:1003D0007999793E00021BEA20804C74417E7001BD
:1003E0001200006D337E244600907999793E000218
:1003F0001BEA20803274417E70021200006D337E51
:10040000244580907999793E00021BEA2080187477
:10041000417E70031200006D337E2445009079996F
:10042000793E00021BEA209083C8E0BEB001780349
:100430000204F07E3400042E340000682A1B346865
:10044000421B34685A1B3468721B3478030204D789
:1004500080007E1459807E0400FE9AFD483D7401A0
:100460009083C8F00204F074437E70041200007E92
:100470003433337E24438390799D793E00021BEA16
:1004800020806D74437E70031200007E3433337E0F
:1004900024430390799D793E00021BEA2080517429
:1004A000437E70021200007E3433337E24428390F8
:1004B000799D793E00021BEA20803574437E7001ED
:1004C0001200007E3433337E24420390799D793EBE
:1004D00000021BEA20801974436C771200007E34FE
:1004E00033337E24418390799D793E00021BEA20BC
:1004F0009083C8E0AA9083A57AEB709083A4F0C3A0
:10050000C2B47E3400029083A4E09083A57EEB50B9
:100510009AFC8822D3D2B4229083A6F0C3C2B47EC0
:100520003400029083A67EEBA074804CBA9AFC8AB9
:10053000F39083A7F0D3D2B49083A7E02290803ABF
:100540001BEA20793E00029080361BEA00791E00EB
:1005500002908035F0C3C2B490803A693E00020B2D
:10056000EA20907E8B793E00021BEA207E34000256
:100570009080357EEBA074804CBA908036691E0066
:10058000020BEA009AFC8B17D3D2B422E490833496
:10059000F0E4908335F06D339083361BEA3090831E
:1005A000360BEA207E3400012D321BEA307E340007
:1005B000FFBD2328087401908335F08028740F1242
:1005C0000518908334F07E1403E89082A4693E00FD
:1005D000020BEA209AFD57D39AFE253F908334E020
:1005E000BEB06B78B9908335E02274287E14821DEA
:1005F0007E0400017E18000612053D90821EE00A6E
:100600002B7C456C5590821DE00A3B4D32907E5705
:100610001BEA30908220E00A2B7C456C5590821FAB
:10062000E00A3B4D32907E591BEA30908222E00A6C
:100630002B7C456C55908221E00A3B4D32907E5BCD
:100640001BEA30AA74227E1482237E0400017E18E5
:10065000000612053D908224E00A2B7C456C5590E3
:100660008223E00A3B4D32907E5D1BEA3090822669
:10067000E00A2B7C456C55908225E00A3B4D329078
:100680007E5F1BEA30908228E00A2B7C456C5590F7
:100690008227E00A3B4D32907E611BEA30AA9082AD
:1006A000291BEA309F1190822B793E00021BEA2021
:1006B0007E34003C2E34FFCC780302073A1B3668A8
:1006C000311B3668512E34000C680302075C90829F
:1006D000290BEA207CB49AFD57127E1412007E0486
:1006E00046809AFD563890822B793E00021BEA2004
:1006F000806A9082290BEA207CB49AFD57127E14FE
:1007000014007E0446009AFD563890822B793E00F4
:10071000021BEA2080469082290BEA207CB49AFDD5
:1007200057127E1410007E0445809AFD5638908240
:100730002B793E00021BEA2080229082290BEA20BE
:100740007CB49AFD57127E1410007E0445009AFD79
:10075000563890822B793E00021BEA2090822B694A
:100760003E00020BEA20AA90822F1BEA309F1190D4
:100770008231793E00021BEA207E34005C2E34FF79
:10078000B068491B34780302085D2E34FFFD6861B0
:100790001B3678030208151B3678030208392E34FD
:1007A000000A680302087F90822F0BEA207CB49A2B
:1007B000FD57127E14999A7E0443649AFD56389030
:1007C0008231793E00021BEA2002087F90822F0BC3
:1007D000EA207CB49AFD57127E14999A7E0442E472
:1007E0009AFD5638908231793E00021BEA200208B9
:1007F0007F90822F0BEA207CB49AFD57127E1466FC
:10080000667E0442649AFD5638908231793E000239
:100810001BEA20806A90822F0BEA207CB49AFD5755
:10082000127E14CCCD7E0441E49AFD56389082317C
:10083000793E00021BEA20804690822F0BEA207C42
:10084000B49AFD57127E14CCCD7E0441649AFD56B5
:1008500038908231793E00021BEA20802290822F5C
:100860000BEA207CB49AFD57127E1433337E044089
:10087000E39AFD5638908231793E00021BEA2090BF
:100880008231693E00020BEA20AAE49083C9F07E1F
:100890001403E89082A4693E00020BEA209AFD57F7
:1008A000D37E1400149AFD57CA9AFE253F7E342247
:1008B000979079811BEA307E3422959079831BEAE8
:1008C000307E3422969079851BEA307E34FFFF908B
:1008D00079871BEA307E3400026D227E1496807E7A
:1008E0000400989AFC8E7E7E3400447E24000174BD
:1008F000017E1400109AFD429C12058CBEB0006867
:10090000147E145ED97E0400FE9AFD483D74019069
:1009100083C9F08045740D7E70031204F574107E57
:10092000703C1204F574117E705C1204F574127E32
:1009300070441204F574137E70021204F574146C82
:10094000771204F574156C771204F574166C77122F
:1009500004F574187E70011204F59083C9E0AA9022
:100960008352F09083501BEA306D229083500BEA43
:10097000300E340E340E340E34BD32784E90835027
:100980000BEA307C677E700F5C769083527EEBA022
:1009900074015CAB7CB760053EA01478FB7CBA4266
:1009A000B89083500BEA307C677E700F5C76908342
:1009B000527EEB601E607EA0015CA67CB760053EA7
:1009C000A01478FB7CBA42B7020DA09083500BEACA
:1009D000200E240E240E240E247E340001BD237824
:1009E0004E9083500BEA307C677E700F5C7690836C
:1009F000527EEBA074015CAB7CB760053EA014781E
:100A0000FB7CBA42B59083500BEA307C677E700F56
:100A10005C769083527EEB601E607EA0015CA67CBB
:100A2000B760053EA01478FB7CBA42B6020DA090D8
:100A300083500BEA200E240E240E240E247E340054
:100A400002BD237803020DA09083500BEA509E5400
:100A50000030BE5400114003020DA07EA003A490FC
:100A60000A6373020A96020AC3020AF0020B1D020D
:100A70000B4A020B77020BA4020BD1020BFE020CF5
:100A80002D020C5C020C8B020CBA020CE9020D1850
:100A9000020D46020D7474F97E14FBB27E04007ED2
:100AA0007E0B705C7B7A0B709083527EEB603E60B5
:100AB0007E14FBB27E04007E7E0B704C767A0B7047
:100AC000020DA0743F7E14FBB27E04007E7E0B708C
:100AD0005C7B7A0B70908352E0030354C07E14FB5E
:100AE000B27E04007E7E0B704C7B7A0B70020DA0F0
:100AF00074F97E14FBBA7E04007E7E0B705C7B7AF8
:100B00000B709083527EEB603E607E14FBBA7E04D5
:100B1000007E7E0B704C767A0B70020DA0743F7EC7
:100B200014FBBA7E04007E7E0B705C7B7A0B7090A7
:100B30008352E0030354C07E14FBBA7E04007E7E21
:100B40000B704C7B7A0B70020DA074F97E14FBC203
:100B50007E04007E7E0B705C7B7A0B709083527EED
:100B6000EB603E607E14FBC27E04007E7E0B704C08
:100B7000767A0B70020DA0743F7E14FBC27E0400D7
:100B80007E7E0B705C7B7A0B70908352E003035483
:100B9000C07E14FBC27E04007E7E0B704C7B7A0B01
:100BA00070020DA074F97E14FBCA7E04007E7E0BD9
:100BB000705C7B7A0B709083527EEB603E607E149B
:100BC000FBCA7E04007E7E0B704C767A0B70020DA1
:100BD000A0743F7E14FBCA7E04007E7E0B705C7B9B
:100BE0007A0B70908352E0030354C07E14FBCA7EDC
:100BF00004007E7E0B704C7B7A0B70020DA074F3A8
:100C00007E14FA387E04007E7E0B705C7B7A0B705B
:100C10009083527EEB603E603E607E14FA387E0424
:100C2000007E7E0B704C767A0B70020DA074F37E02
:100C300014FA487E04007E7E0B705C7B7A0B709009
:100C400083527EEB603E603E607E14FA487E040074
:100C50007E7E0B704C767A0B70020DA074F37E14BE
:100C6000FA587E04007E7E0B705C7B7A0B7090835A
:100C7000527EEB603E603E607E14FA587E04007E39
:100C80007E0B704C767A0B70020DA074F37E14FA12
:100C9000687E04007E7E0B705C7B7A0B70908352C2
:100CA0007EEB603E603E607E14FA687E04007E7ECD
:100CB0000B704C767A0B70020DA074F37E14F76003
:100CC0007E04007E7E0B705C7B7A0B709083527E7C
:100CD000EB603E603E607E14F7607E04007E7E0B1B
:100CE000704C767A0B70020DA074F37E14F7907E30
:100CF00004007E7E0B705C7B7A0B709083527EEBDF
:100D0000603E603E607E14F7907E04007E7E0B7035
:100D10004C767A0B70020DA074F37E14F7C07E043B
:100D2000007E7E0B705C7B7A0B709083527EEB6052
:100D30003E603E607E14F7C07E04007E7E0B704CE9
:100D4000767A0B70805A74F37E14F7F07E04007E7E
:100D50007E0B705C7B7A0B709083527EEB603E6002
:100D60003E607E14F7F07E04007E7E0B704C767A37
:100D70000B70802C74F37E14FA707E04007E7E0B60
:100D8000705C7B7A0B709083527EEB603E603E60BD
:100D90007E14FA707E04007E7E0B704C767A0B70A7
:100DA000AAC3C2AFAAD3D2AFAA907D2AE0BEB00038
:100DB0007803020F906D339082A21BEA30E4908298
:100DC0009FF074319082A0F07E18000290794579EE
:100DD0003E00021BEA207E3482A17E24000190792D
:100DE00049793E00021BEA207E18000190794D7976
:100DF0003E00021BEA207E147D1E7E0400017E342C
:100E0000829F7E2400019AFCC7AD9082A1E0BEB013
:100E1000007803020F81E490829FF074869082A094
:100E2000F074019082A1F07E180003907945793E1C
:100E300000021BEA207E34829F7E240001907949C3
:100E4000793E00021BEA209F1190794D793E000205
:100E50001BEA207E147D1E7E0400017E34829F7E6C
:100E60002400019AFCC7ADE490829FF074899082BF
:100E7000A0F07E180002907945793E00021BEA201E
:100E80007E3482A17E240001907949793E00021BC4
:100E9000EA207E18000190794D793E00021BEA207D
:100EA0007E147D1E7E0400017E34829F7E2400011C
:100EB0009AFCC7AD9082A1E0BEB0896803020F70B2
:100EC000E490829FF074969082A0F07E18000290C9
:100ED0007945793E00021BEA207E34829F7E240001
:100EE00001907949793E00021BEA207E18000290A9
:100EF000794D793E00021BEA207E147D1E7E04009F
:100F0000017E34829F7E2400019AFCC7AD90829FAF
:100F1000E00A3B9082A21BEA309082A20BEA207C7E
:100F2000456C559082A0E00A3B4D329082A21BEAAC
:100F3000309082A20BEA207E340FA0BD23180C6DE6
:100F4000229082A20BEA30BD3258117E34200090EC
:100F50007D271BEA30E4907D29F080349082A20B3B
:100F6000EA30907D271BEA307401907D29F08020C3
:100F70007E342000907D271BEA30E4907D29F080AC
:100F80000F7E342000907D271BEA30E4907D29F00D
:100F9000AAAAE4906C38F06D33906CC21BEA307EE4
:100FA000340071907CD91BEA307E340073907CDB76
:100FB0001BEA307E147D1E7E04000174299F119A65
:100FC000FCCCBF7E3400747E24000174017E1400CA
:100FD000109AFD429C7E1403E89082A4693E0002B0
:100FE0000BEA209AFD57D37E1400329AFD57CA9A15
:100FF000FE253F7E340074E49AFD3EF67E1403E83D
:101000009082A4693E00020BEA209AFD57D37E1419
:10101000000A9AFD57CA9AFE253F7E340074740177
:101020009AFD3EF67E1403E89082A4693E00020B0E
:10103000EA209AFD57D37E1400329AFD57CA9AFED1
:10104000253FE4906C39F074E5906C3AF07E18001E
:1010500002907945793E00021BEA207E346C3B7E8B
:10106000240001907949793E00021BEA207E180095
:101070000190794D793E00021BEA207E147D1E7E90
:101080000400017E346C397E2400019AFCC7AD90C7
:101090006C3B7EEBA074015CBABEB0017803E480C7
:1010A000027401906C38F0906C38E0BEB0017803A7
:1010B0000211C6E4906C39F07401906C3AF07E3401
:1010C0000087CA397E3449667E2400FE7E146C3B5C
:1010D0007E0400019AFCFFCB1BFD7E1800899079ED
:1010E00045793E00021BEA207E346C397E240001E3
:1010F000907949793E00021BEA209F1190794D7941
:101100003E00021BEA207E147D1E7E0400017E3418
:101110006C397E2400019AFCC7ADE4906C39F07400
:1011200031906C3AF07E180002907945793E0002C9
:101130001BEA207E346C3B7E240001907949793E85
:1011400000021BEA207E18000190794D793E0002D2
:101150001BEA207E147D1E7E0400017E346C397EE5
:101160002400019AFCC7AD906C3BE020E00A6D338F
:10117000906CC21BEA308038906CC20BEA207E343F
:1011800000012D321BEA307E3403E8BD3250087472
:1011900001906C38F080197E1403E89082A4693EB7
:1011A00000020BEA209AFD57D39AFE253F02111A3E
:1011B0007401907D2AF07E3400027E140F917E042B
:1011C00000FE9AFE24BF906C38E0AA745AF5C674EB
:1011D000A5F5C600000000AA7480F5C79AFE11F7B5
:1011E000AAE4F5C7AA7EA1C774015CBABEB00178B3
:1011F0000474018001E4AA7E1442407E04000F9032
:1012000082A4693E00020BEA209AFD57D57CB79074
:1012100083BFF09083BFE00A4B7E5400012D54F54C
:10122000F5AA90825E1BEA20793E0002C3C202A2A8
:10123000AF9202C3C2AF7401F5C590825E695E00D1
:10124000020BEA40F5C490825E693E00020BEA2080
:101250007CB6F5C390825E693E00020BEA207CB545
:10126000F5F69AFE11CBE5C2908262F0A20292AF2F
:10127000908262E0AA908267F09082631BEA2079F4
:101280003E0002C3C203A2AF9203C3C2AF7402F511
:10129000C5908263695E00020BEA40F5C4908263E8
:1012A000693E00020BEA207CB6F5C3908263693E7A
:1012B00000020BEA207CB5F5F6908267E0F5C29A51
:1012C000FE11CBA20392AFAA907EBF1BEA00791E4B
:1012D0000002907EBB1BEA20793E00028048907E8F
:1012E000BB693E00020BEA209AFE1222907EBF6983
:1012F0003E00020BEA207A1BB0907EBF693E0002DE
:101300000BEA200B34907EBF793E00021BEA20904E
:101310007EBB691E00020BEA007E1800012F1079C7
:101320003E00021BEA20907EC30BEA207E140001DF
:101330007D329D311BEA306D33BD2378A1AA907EAA
:10134000C91BEA00791E0002907EC51BEA20793E87
:1013500000028045907EC5693E00020BEA20907E27
:10136000C9691E00020BEA007E0BB09AFE1275904E
:101370007EC5691E00020BEA007E1800012F10795D
:101380003E00021BEA20907EC9693E00020BEA2063
:101390000B34793E00021BEA20907ECD0BEA207EC2
:1013A0001400017D329D311BEA306D33BD2378A4DA
:1013B000AA9082BC1BEA20793E0002C3C204A2AFFD
:1013C0009204C3C2AF7403F5C59082BC695E00028B
:1013D0000BEA40F5C49082BC693E00020BEA207C17
:1013E000B6F5C39082BC693E00020BEA207CB5F5DD
:1013F000F69AFE11CBA20492AF7E1403E89082A469
:10140000693E00020BEA209AFD57D37E14000A9A27
:10141000FD57CA9AFE253FAA905D601BEA20905DA9
:101420005C1BEA00791E0002905D5A1BEA307E3494
:1014300052E07E2400FE7E145D627E0400017E5434
:1014400002009AFD585E6D33905F621BEA30802384
:10145000E4905F620BEA207E345D622D327A718205
:101460007A6183F0905F620BEA207E3400012D32B6
:101470001BEA30905F620BEA207E340200BD2340FD
:10148000CF7E340200907EC31BEA30905D5A0BEA97
:10149000207E34FE005D326D227E145D627E04008B
:1014A000019AFE12C86D33905F621BEA308045904E
:1014B0005F620BEA10905D5C693E00020BEA202D32
:1014C000317E1BB0905D5A0BEA207E3401FF5D3205
:1014D000905F620BEA202D237E345D622D327A719B
:1014E000827A6183F0905F620BEA207E3400012DE6
:1014F000321BEA30905D600BEA20905F620BEA30AD
:10150000BD3240AB905D5A0BEA306D229AFE13B1AA
:101510007E340200907ECD1BEA30905D5A0BEA20AB
:101520007E34FE005D326D227E145D627E04000119
:101530009AFE133EAA908374F07E34006490837503
:101540001BEA3080257E1403E89082A4693E0002E5
:101550000BEA209AFD57D39AFE253F9083750BEA3C
:10156000307E2400019D321BEA309083750BEA2007
:101570006D33BD2368107E3400A49AFD3CF90A2B1C
:101580006D33BD2378BF9083750BEA206D33BD2387
:10159000680C7E340007908374E09AFCD1D16D22F0
:1015A0009083750BEA30BD3278067E180001800208
:1015B0009F11AA907E071BEA20793E0002907E03CD
:1015C0001BEA00791E00026D33907E0B1BEA306D22
:1015D00033907E0D1BEA30907E03693E00020BEAD9
:1015E000204D23680474018001E47E145D547E0460
:1015F00000FE7E3400689AFDFEB80216AB7E340011
:10160000A49AFD3CF9BEB000787C907E07693E004C
:10161000020BEA20BE180040500C907E07693E0085
:10162000020BEA2080047E340040907E0D1BEA30DD
:101630007E340007907E03691E00020BEA00907E54
:101640000D0BEA209AFCCDA2907E0D0BEA10907E45
:1016500003693E00020BEA202D31793E00021BEAAD
:1016600020907E0D0BEA106D00907E07693E00020F
:101670000BEA209F10793E00021BEA206D33907E1A
:101680000B1BEA3080257E1403E89082A4693E009B
:10169000020BEA209AFD57D39AFE253F907E0B0B52
:1016A000EA207E3400012D321BEA30907E07693E2D
:1016B00000020BEA204D236811907E0B0BEA207E7E
:1016C000340064BD2350030215FD907E07693E007F
:1016D000020BEA20AA90810A1BEA00791E00029000
:1016E000810A691E00020BEA009AFCFFF06D22904D
:1016F000810E793E00021BEA2090810A693E0002B9
:101700000BEA204D23680474018001E47E145D54CB
:101710007E0400FE7E3400889AFDFEB890810A693E
:101720001E00020BEA0090810E693E00020BEA20C7
:101730009AFE15B3AA907E131BEA20793E00029010
:101740007E0F1BEA00791E0002907E13693E0002A4
:101750000BEA20907E17793E00021BEA20907E0F54
:10176000693E00020BEA204D23680474018001E405
:101770007E145D547E0400FE7E3400999AFDFEB80E
:101780007E347E177E24000190789E793E00021BF5
:10179000EA206D339078A21BEA307E146D677E04D8
:1017A0000001907E0F693E00020BEA209AFD976BC4
:1017B000907E17693E00020BEA20AA9083C4F07E57
:1017C000180001907A42793E00021BEA207E146DD7
:1017D000677E0400017E3483C47E2400019AFD915B
:1017E000B9AAE49083C5F07E1403E89082A4693E10
:1017F00000020BEA209AFD57D37E1400329AFD575F
:10180000CA9AFE253F7E346D277E240001907BEB33
:10181000793E00021BEA207E180040907BEF793E63
:1018200000021BEA207E146D677E0400016D339A6E
:10183000FD9D287E3400A46D2274017E1400039A5D
:10184000FD429C7E3472A29079BD1BEA307E34004A
:10185000077E14C2007E0400017E2472A39AFCE677
:10186000E27E34000774017E1417BB7E0400FE9AEA
:10187000FCD3CC9083C5E0AA908377F07E340064DB
:101880009083781BEA3080257E1403E89082A46957
:101890003E00020BEA209AFD57D39AFE253F908323
:1018A000780BEA307E2400019D321BEA3090837869
:1018B0000BEA206D33BD2368107E3400A49AFD3CF2
:1018C000F90A2B6D33BD2378BF9083780BEA206D26
:1018D00033BD23680C7E340007908377E09AFCD1F7
:1018E000D16D229083780BEA30BD3278067E1800E5
:1018F0000180029F11AA907E2B1BEA20793E0002F4
:10190000907E271BEA00791E00026D33907E2F1B0C
:10191000EA306D33907E311BEA30907E27693E00BD
:10192000020BEA204D23680474018001E47E145CFC
:101930002A7E0400FE7E34006E9AFDFEB80219EE87
:101940007E3400A49AFD3CF9BEB000787C907E2BDA
:10195000693E00020BEA20BE18001E500C907E2B40
:10196000693E00020BEA2080047E34001E907E3126
:101970001BEA307E340007907E27691E00020BEAC6
:1019800000907E310BEA209AFCCDA2907E310BEACA
:1019900010907E27693E00020BEA202D31793E002F
:1019A000021BEA20907E310BEA106D00907E2B69BD
:1019B0003E00020BEA209F10793E00021BEA206DD8
:1019C00033907E2F1BEA3080257E1403E89082A49A
:1019D000693E00020BEA209AFD57D39AFE253F90FC
:1019E0007E2F0BEA207E3400012D321BEA30907EE0
:1019F0002B693E00020BEA204D236811907E2F0BCD
:101A0000EA207E340064BD235003021940907E2BEF
:101A1000693E00020BEA20AA90811A1BEA00791E97
:101A2000000290811A691E00020BEA009AFCFFF086
:101A30006D2290811E793E00021BEA2090811A6976
:101A40003E00020BEA204D23680474018001E47E0D
:101A5000145C2A7E0400FE7E34008E9AFDFEB8904F
:101A6000811A691E00020BEA0090811E693E000285
:101A70000BEA209AFE18F6AA907E371BEA20793EE0
:101A80000002907E331BEA00791E0002907E3769C7
:101A90003E00020BEA20907E3B793E00021BEA20CA
:101AA000907E33693E00020BEA204D2368047401E6
:101AB0008001E47E145C2A7E0400FE7E34009F9A3E
:101AC000FDFEB87E347E3B7E24000190789E793EF8
:101AD00000021BEA206D339078A21BEA307E146D61
:101AE0007E7E040001907E33693E00020BEA209A5C
:101AF000FD976B907E3B693E00020BEA20AA908323
:101B0000C6F07E180001907A42793E00021BEA205E
:101B10007E146D7E7E0400017E3483C67E24000127
:101B20009AFD91B9AAE49083C7F07E346D957E2426
:101B30000001907BEB793E00021BEA207E180040FA
:101B4000907BEF793E00021BEA207E146D7E7E04BE
:101B500000016D339AFD9D287E3400A46D2274012E
:101B60007E1400039AFD429C7E3472A29079BD1BC4
:101B7000EA307E3400077E14C2007E0400017E2419
:101B800072A39AFCE6E27E34000774017E141AFE0A
:101B90007E0400FE9AFCD3CC9083C7E0AA90809488
:101BA000F09080921BEA30908094E07E145E337E49
:101BB0000400FE7E3400389AFDFEB89F1190809696
:101BC000793E00021BEA20E4908095F0802C908002
:101BD000920BEA309AFE1C307D136D00908096695E
:101BE0003E00020BEA202F10793E00021BEA2090F3
:101BF00080957EEBA074012CBAF09080947EEBA0CF
:101C0000908095E0BCBA40C6908094E00A1B6D00BD
:101C1000908096693E00020BEA209AFD57D5793EE6
:101C200000021BEA20908096693E00020BEA20AA7F
:101C30009082B01BEA306D339082B21BEA306D2285
:101C40009082B00BEA301A360E340E340E340E3455
:101C5000BD32785B53BCDF53BCF09082B00BEA30EE
:101C60001A367C677E700F5C767CB742BC43BC4002
:101C7000E5BC30E5FBE5BD0A3B7C676C779082B242
:101C80001BEA30E5BE0A2B9082B20BEA304D321BC4
:101C9000EA30E4F5BDE4F5BE908386E09082B20BB5
:101CA000EA3060051E341478FB1BEA30021D889070
:101CB00082B00BEA307D231A240E240E240E240E4B
:101CC000247E340001BD236803021D8874DF7E1466
:101CD000FB387E04007E7E0B705C7B7A0B7074F0A8
:101CE0007E14FB387E04007E7E0B705C7B7A0B706A
:101CF0009082B00BEA301A367E600F5C677E14FB70
:101D0000387E04007E7E0B704C767A0B7074407EB9
:101D100014FB387E04007E7E0B704C7B7A0B707E49
:101D200034FB387E24007E7E1BB030E5F27E34FB2F
:101D30003A7E24007E7E1B700A377C676C77908227
:101D4000B21BEA307E34FB3B7E24007E7E1B700A91
:101D5000279082B20BEA304D321BEA30E47E34FB2E
:101D60003A7E24007E7A1BB0E47E34FB3B7E240066
:101D70007E7A1BB0908387E09082B20BEA306005D8
:101D80001E341478FB1BEA309082B20BEA30AA9022
:101D900082B61BEA209082B41BEA309082B40BEA30
:101DA000207E3400FF5D326D2274017E1400019AA2
:101DB000FD429C6D229082B40BEA301A360E340E2E
:101DC000340E340E34BD32782C53BCF09082B40BF8
:101DD000EA301A367C677E700F5C767CB742BC4373
:101DE000DE0F43DE209082B60BEA50908386F043EC
:101DF000BC80021E7E9082B40BEA307D231A240E32
:101E0000240E240E240E247E340001BD23786F742A
:101E1000F07E14FB387E04007E7E0B705C7B7A0BB8
:101E2000709082B40BEA301A367E600F5C677E14C5
:101E3000FB387E04007E7E0B704C767A0B70740F3C
:101E40007E14FB397E04007E7E0B704C7B7A0B7017
:101E500074207E14FB397E04007E7E0B704C7B7AEE
:101E60000B709082B60BEA50908387F074807E14DA
:101E7000FB387E04007E7E0B704C7B7A0B707E14E8
:101E800003E89082A4693E00020BEA209AFD57D332
:101E90009AFE253FAA9083681BEA309083680BEA7C
:101EA000309AFDC7AC90836AF090836AE0AA908371
:101EB000111BEA30908310F0908310E09083110B97
:101EC000EA309AFDC82E908313F0908313E0AA7431
:101ED00001907F29F07E3400C6907CD91BEA307EC9
:101EE0003400C7907CDB1BEA307E147F2A7E04001E
:101EF00001E47E1800329AFCCCBF7E147F2A7E0457
:101F000000019AFDBD10BEB00078107E145EB17E57
:101F10000400FE9AFDBDCD907F29F0907F29E0AAB4
:101F2000E4908396F0E4908397F09AFE1ECF90831E
:101F300097F0908397E0BEB000680302204F7E3494
:101F400000306D22E47E1400039AFD429C7E340032
:101F5000316D22E47E1400039AFD429C7E340032EF
:101F60006D22E47E1400039AFD429C7E3400336DA2
:101F700022E47E1400039AFD429C7E3400346D22DC
:101F8000E47E1400039AFD429C7E3400356D22E409
:101F90007E1400039AFD429C7E3400366D22E47E5E
:101FA0001400039AFD429C7E3400376D22E47E14B7
:101FB00000039AFD429C7E3400517E240001E47EA1
:101FC0001400109AFD429C7E3400837E240001742C
:101FD000017E1400109AFD429C7E3400477E24004E
:101FE0000174017E1400109AFD429C7E3400827EB2
:101FF000240001E47E1400109AFD429C7E340053BC
:102000007E24000174017E1400109AFD429C7E34EF
:1020100000436D2274017E1400039AFD429C7403F8
:10202000907E98F07403907E99F07E1400E87E0410
:1020300000017E185820E49AFDC8C47E3402436D26
:10204000229AFE28427E34000274039AFE095F90B1
:102050008397E0AA9082591BEA20793E00027E1401
:1020600042407E04000F908259693E00020BEA2034
:102070009AFD57D57E08004E9F107E1400039AFDEE
:1020800057D37CB790825DF09AFE0DA1D3A9D7BA41
:10209000908259691E00020BEA007E340E007E24F5
:1020A0000727BF0140067404F5E9803C9082596916
:1020B0001E00020BEA007E34B4007E2404C4BF017B
:1020C00040067403F5E98020908259691E00020BD6
:1020D000EA007E34B4007E2404C4BF0140067402CA
:1020E000F5E980047404F5E974027E34FE017E246F
:1020F000007E7A1BB07E34FDF67E24007E7E1BB00F
:10210000F5A67E34FDEC7E24007E7E1BB0F59F5349
:102110009DFC439D0174EF7E14FE0C7E04007E7EC8
:102120000B705C7B7A0B7074047E34FE0D7E240091
:102130007E7A1BB090825D7EEB60740F5C6B7E14C8
:10214000FE0C7E04007E7E0B704C767A0B707480E1
:102150007E14FE0C7E04007E7E0B704C7B7A0B702E
:102160007E18C3509AFE250874FC7E14FE007E047F
:10217000007E7E0B705C7B7A0B7074F37E14FE0025
:102180007E04007E7E0B705C7B7A0B7074047E1480
:10219000FE007E04007E7E0B704C7B7A0B70E4F5B3
:1021A000DEE4F58EE4F598E4F59AE4F5ACE4F5FDAB
:1021B000E4F5A2E4F5AFE4F589908259693E0002A6
:1021C0000BEA209082A4793E00021BEA2053B2FC65
:1021D00043B10374807E34FE077E24007E7A1BB0F8
:1021E0007E34FE077E24007E7E1BB030E0F27E143B
:1021F00003E89082A4693E00020BEA209AFD57D3BF
:102200007E14000A9AFD57CA9AFE253F9AFE0DA534
:10221000AA9AFDF7C7AA907D8F1BEA30907D8B1B91
:10222000EA00791E00027E182710907D91793E0009
:10223000021BEA20E4907D95F0E4907D96F0907A80
:102240009CE0BEB0046809907D8F0BEA3002233019
:1022500002231F7E182710907D91793E00021BEA11
:1022600020907D8F0BEA207E340040BD2340047413
:10227000408006907D8F0BEA50907D95F0D3D20080
:10228000C3A9C7AF740E7E70019AFDF84CE4907D2F
:1022900096F080277421907D8B691E00020BEA0066
:1022A0007E0B700B14791E00021BEA009AFDF84C9D
:1022B000907D967EEBA074012CBAF0907D957EEB1C
:1022C000A0907D96E0BCBA40CB74117E70019AFD5F
:1022D000F84CD3A9D7AF30001D907D91693E000224
:1022E0000BEA207E2800017F019F02791E00021B5D
:1022F000EA004D2378E0907D91693E00020BEA20D0
:10230000BE1800001808907D8F0BEA308022907D67
:1023100095E00A2B907D8F0BEA309D321BEA306DE1
:1023200022907D8F0BEA30BD3228030222536D3399
:10233000AA9083C0F07E1483C07E0400017E340026
:10234000019AFE2216AA9081E71BEA00791E00027C
:102350009081E7691E00020BEA009AFCFFF0908171
:10236000EB1BEA309081E7691E00020BEA009081C6
:10237000EB0BEA309AFE2216AA90830C1BEA007936
:102380001E000290830C693E00020BEA2090830835
:10239000793E00021BEA20AAAA907C731BEA00790E
:1023A0001E0002907C711BEA30907C710BEA309029
:1023B00077681BEA30907C7B693E00020BEA204D77
:1023C00023780A7E3423987E2400FE800A907C7B4A
:1023D000693E00020BEA2090777C793E00021BEAFE
:1023E00020907C73693E00020BEA204D23780A7E20
:1023F0003423987E2400FE800A907C73693E00029C
:102400000BEA20907778793E00021BEA20907C77D7
:10241000693E00020BEA204D23780A7E3423987E21
:102420002400FE800A907C77693E00020BEA20902F
:102430007774793E00021BEA20AA9081EF1BEA0024
:10244000791E00029081ED1BEA309081ED0BEA309D
:1024500090776E1BEA3090776E0BEA207E34000492
:10246000BD23782E9081EF693E00020BEA204D23B8
:10247000780A7E3423987E2400FE800A9081EF69DA
:102480003E00020BEA20907780793E00021BEA2092
:10249000802C9081EF693E00020BEA204D23780AE0
:1024A0007E3423987E2400FE800A9081EF693E00EE
:1024B000020BEA20907770793E00021BEA20AA9076
:1024C00081F51BEA00791E00029081F31BEA30902F
:1024D00081F30BEA309077841BEA309081F5693EF6
:1024E00000020BEA204D23780A7E3423987E2400D4
:1024F000FE800A9081F5693E00020BEA2090776A1F
:10250000793E00021BEA20AA9082B81BEA20793E9D
:1025100000029F117A1F00109082B8693E00020BE2
:10252000EA207A1F0010800E7E1F00107E08000136
:102530009F107A1F00107E1F00104D2378EAAA908A
:102540007F781BEA20793E0002E47E34FE787E2408
:10255000007E7A1BB07E14FF017E0400FE907F781F
:10256000693E00020BEA20BF1028367E0800059065
:102570007F78693E00020BEA202F107E14000C9A2F
:10258000FD57D3907F78793E00021BEA2074EF7EDE
:1025900014FE787E04007E7E0B705C7B7A0B70806C
:1025A0001274107E14FE787E04007E7E0B704C7BCD
:1025B0007A0B70907F78693E00020BEA207CB59020
:1025C0007F7CF0907F7CE00A3B6D227E0800012F2B
:1025D00001907F78693E00020BEA209AFD57D59062
:1025E0007F7D1BEA30907F7D0BEA207E34FFFF9DCC
:1025F00032907F7F1BEA30907F7CE07E34FE797ED4
:1026000024007E7A1BB0907F7F0BEA107E34FE7B25
:102610007E24007E7A1B30907F7F0BEA307D130A88
:10262000127E34FE7A7E24007E7A1B3074807E1403
:10263000FE787E04007E7E0B704C7B7A0B707E34BD
:10264000FE787E24007E7E1BB030E0F2AA907A9560
:10265000E024DF680D1468100BB178129AFE26731F
:1026600080109AFE26AE800A9AFE26E980049AFD22
:10267000FABEAA907A9CE0BEB0047809907A94E001
:10268000BEB02168069AFDFABE80227E3481797E32
:10269000240001907AA0793E00021BEA20907A9AE9
:1026A0000BEA30907A9E1BEA309AFDFAE2AA907A01
:1026B0009CE0BEB0047809907A94E0BEB0A16806B0
:1026C0009AFDFABE80227E3481797E240001907AC0
:1026D000A0793E00021BEA20907A9A0BEA30907AA9
:1026E0009E1BEA309AFDFACEAA907A9CE0BEB00416
:1026F0007809907A94E0BEB02168069AFDFABE800F
:10270000049AFDFAF2AA907A95E0BEB020780BE424
:1027100090817DF0740890817FF0AA9081221BEA5D
:1027200020793E00027E3481257E2400017E1B300C
:102730007E3481267E2400017A1B307E3481247E03
:102740002400017E1B307E3481277E2400017A1B09
:10275000307E3481237E2400017E1B307E3481282C
:102760007E2400017A1B307E3481227E2400017E8B
:102770001B307E3481297E2400017A1B3090812613
:10278000693E00020BEA20AA90834C1BEA307E349B
:10279000834D7E2400017E1B307E34834E7E2400D8
:1027A000017A1B307E34834C7E2400017E1B307EF8
:1027B00034834F7E2400017A1B3090834E0BEA3025
:1027C000AA9082881BEA209082861BEA30740190CE
:1027D000828AF06D229082860BEA103E147E347756
:1027E000DE2D317A71827A61830BEA30BD32781F37
:1027F0009082880BEA209082860BEA103E147E3489
:1028000077DE2D317A71827A61831BEA20802E90E7
:1028100082860BEA203E247E3477DE2D327A718266
:102820007A61830BEA209082880BEA30BD23780816
:10283000740190828AF08005E490828AF090828A06
:10284000E0AA9082C61BEA209082C41BEA309082E4
:10285000C40BEA207E340142BD23780F9082C60B60
:10286000EA302E34FFFF9288D3D2A89082C40BEABC
:10287000207E340243BD23780F9082C60BEA302EAF
:1028800034FFFF928AD3D2AA9082C40BEA207E340E
:102890000346BD237803438F109082C40BEA207E49
:1028A000340447BD237803438F209082C40BEA2071
:1028B0007E340540BD237803438F40AA698FFFF61D
:1028C000699FFFF869AFFFFA69BFFFFC9AFD4609EF
:1028D0009AFD50CA7F607F717F1F2E34FFF67E1BEA
:1028E000B030E72C9F449F557F067F179AFD46A87E
:1028F00038067E84400980047E84C0097E9421FBD2
:102900007EA454447EB42D187F067F179AFD43EAB7
:102910009F009F11AA7F617F7080177E7BB0600C43
:10292000693FFFFC1B34793FFFFC7802E4AA0BF4FB
:102930000BD47E6B607E7B70BC7668DF7E6B607EC6
:102940007B70BC7628037401AA74FFAACAF87DF3D1
:102950007CFB7F207F1080071BF47A2BF00B544DFB
:10296000FF78F5DAF8AAC82E002E802E3DB1C82EC9
:10297000002E802E9103802EBCB0802EA303C82E83
:10298000002E802E00B05030212E59F51030212E0F
:102990006AF5802E3B0300000000081901002200A8
:1029A000750000100010D100B343802E00C1802EAE
:1029B00000C1802E00C1802E00C1802E00C1802E5B
:1029C00000C1802E00C1802E00C1802E00C1802E4B
:1029D00000C1802E00C1802E00C1802E00C1802E3B
:1029E00000C1802E00C1802E00C1802E00C1802E2B
:1029F00000C1802E00C1802E00C1802E00C1802E1B
:102A000000C1802E00C1802E00C1802E00C1802E0A
:102A100000C1802E00C1802E00C1802E00C1802EFA
:102A200000C1802E00C1802E00C1802E00C1802EEA
:102A300000C1802E00C1802E00C1802E00C1802EDA
:102A400000C1802E00C1802E00C1802E00C1802ECA
:102A500000C1E05F00000000010000000000000075
:102A600000000000920000000000000000000000D4
:102A700000000000000008190000880000000000AD
:102A8000000005E0AA3805E09030FA0096004B09F6
:102A90001100110002002D01D47B3B01DB7A040000
:102AA0003F7BCD6CC3048509C304ECE60C460100F2
:102AB000270019009600A00001000C00F03C000166
:102AC0000100030001000E00000032000500EE06C8
:102AD0000400C80000000400A805EE060004BC02C3
:102AE000B3008507000000000000000000000000A7
:102AF0000000000000000000B4000100B900010067
:102B000098000000000000000000010080000400A8
:102B100000000000000000000000000000000000B5
:102B200000000000000000000000000000000000A5
:102B30000000000000000000000000000000000095
:102B40000000000000000000000000000000000085
:102B50000000000000000000000000000000000075
:102B6000802E00C1FD2DDE00EB00DA00000CFF0F0F
:102B70000004C0005BF5C9011EF280003FFF19F49C
:102B800058F566F564F5C0F1F000E000CD01D30121
:102B9000DB01FF7FFF01E40074F7F300FA00FF3F61
:102BA000CA036C3856FE44FDBC02F90600FC120252
:102BB000AE0158FA9AFD7705BB02960195017F0197
:102BC00082018901870188018A018C018F018D01B1
:102BD00092019101DD009F017E01DB00B601706969
:102BE00026D39C071F059D000008BC0537FAA201EB
:102BF000AA01A101A801A001A805B401B401CE0059
:102C0000D000FC00C501FFFBB10000380030FDF52D
:102C1000FCF5CD01A0005FFF0040FF0000806D0FBC
:102C2000EB007FFFC2F568F7B3F1670F5B0F610F31
:102C3000800F58F75BF7830F8600720F850FC6F180
:102C40007F0F6CF700E000FFD1F5870F8A0FFF03BD
:102C5000F03F8B008E009000B9002DF5CAF5CB0136
:102C600020F2000000000000000000000000000052
:102C70000000000000000000000000000000000054
:102C80000000000000000000000000000000000044
:102C90000000000000000000000000000000000034
:102CA0000000000000000000000000000000000024
:102CB0000000000000000000000000000000000014
:102CC0000000000000000000000000000000000004
:102CD00000000000000000000000000000000000F4
:102CE00000000000000000000000000000000000E4
:102CF00000000000000000000000000000000000D4
:102D000000000000000000000000000000000000C3
:102D100000000000000000000000000000000000B3
:102D200000000000000000000000000000000000A3
:102D30000000000000000000000000000000305013
:102D4000982ED70E5032982EFA030030F07F002EC6
:102D5000002ED02E002E018008A2FB2F982EBA0341
:102D6000212E1900012EEE0000B2072F012E1900AE
:102D700000B2032F01500352982E07CC012EDD0024
:102D800000B2272F052E8A000552982EC7C1032EA8
:102D9000E90040B2F07F082F012E190000B2042F85
:102DA0000030212EE900982EB4B1012E180000B297
:102DB000102F0550982E4DC30550982E5AC7982EA7
:102DC000F9B4982E54B2982E67B6982E17B21030D8
:102DD000212E7700012EEF0000B2042F982E7AB733
:102DE0000030212EEF00012ED40004AE0B2F012E57
:102DF000DD0000B2072F0552982E8E0E00B2022F72
:102E00001030212E7D00012E7D000090902EF102C9
:102E1000012ED70000B2042F982E2F0E0030212E45
:102E20007B00012E7B0000B2122F012ED4000090F7
:102E3000022F982E1F0E092D982E810D012ED400E1
:102E40000490022F5032982EFA030030212E7B007E
:102E5000012E7C0000B2902E0903012E7C0001316E
:102E6000010800B2042F982E47CB1030212E770096
:102E70008130012E7C00010800B2612F032E8900F1
:102E8000012ED40098BC98B805B20F58232F079094
:102E900009540030372F15410441DCBE44BEDCBA72
:102EA0002C0161000F564A0F0C2FD14294B8C14239
:102EB0001130052E6AF72CBD2FB980B20822982E4A
:102EC000C3B7212D6130232ED400982EC3B7003014
:102ED000212E5AF5182DE17F5030982EFA030F520B
:102EE0000750504270300D5442427E82E26F80B2F1
:102EF0004242052F212ED4001030982EC3B7032D47
:102F00006030212ED400012ED4000690182F012EFF
:102F100076000B540752E07F982E7AC1E16F081AB1
:102F20004030082F212ED4002030982EAFB75032D9
:102F3000982EFA03052D982E380E0030212ED4003D
:102F40000030212E7C00182D012ED40003AA012F61
:102F5000982E450E012ED4003F8003A2012F002E93
:102F6000022D982E5B0E3030982ECEB70030212ED9
:102F70007D005032982EFA03012E770000B2242FE4
:102F8000982EF5CB032ED5001154010ABC848386FC
:102F9000212EC901E0401352C4408240A8B95242D8
:102FA00043BE5342040A5042E17FF0314140F26F88
:102FB00025BD0808020AD07F982EA8CF06BCD16F85
:102FC000E26F080A8042982E58B70030212EEE009A
:102FD000212E7700212EDD00802EF4011A242200FC
:102FE000802EEC011050FB7F982EF3035750FB6F9F
:102FF000013071541142420EFC2FC02E0142F05F8D
:10300000802E00C1FD2D0100000000000000000026
:1030100000009A01340300000000000000000000DE
:1030200000000000000000000000000000000000A0
:103030000000000000000000000000000000000090
:103040000000000000000000000000000000000080
:103050000000000000000000000000000000000070
:103060000000000000000000000000000000000060
:103070000000000000000000000000000000000050
:1030800000000000000000002050E77FF67F0632BD
:103090000F2E61F5FE09C0B3042F17302F2EEF005D
:1030A0002D2E61F5F66FE76FE05FC82E2050E77FA9
:1030B000F67F46300F2EA4F1BE0980B3062F0D2EE9
:1030C000D40084AF022F16302D2E7B0086302D2E9B
:1030D00060F5F66FE76FE05FC82E012E77F709BC49
:1030E0000FB800B21050FB7F10300B2F032E8A0058
:1030F00096BC9FB840B2052F032E68F79EBC9FB8C0
:1031000040B2072F032E7E004190012F982EDC0342
:10311000032C0030212E7E00FB6FF05FB82E205074
:10312000E07FFB7F002E2750982E3BC82950982E19
:10313000A7C80150982E55CCE16F2B50982EE0C9AE
:10314000FB6F0030E05F212E7E00B82E73500130FF
:1031500057541142420EFC2FB82E212E59F5103033
:10316000C02E212E4AF19050F77FE67FD57FC47F95
:10317000B37FA17F907F827F7B7F982E35B700B28F
:10318000902E97B0032E8F00072E9100052EB100D0
:103190003FBA9FB8012EB100A3BD4C0A052EB10065
:1031A00004BEBFB9CB0A4FBA22BD012EB300DC0A60
:1031B0002FB9032EB8000ABE9A0ACFB99BBC012EC4
:1031C00097009FB8930A0FBC910A0FB8900A252E5A
:1031D0001800052EC1F52EBD2EB9012E1900313073
:1031E0008A040090072F012ED40004A2032F012E81
:1031F000180000B20C2F19500552982E4DB7052E0D
:10320000780080901030012F212E7800252EDD00CF
:10321000982E3EB700B202300130042F012E190063
:1032200000B2002F2130012EEA00081A0E2F232EA3
:10323000EA0033301B500B090140175646BE4B08BD
:103240004C0A01420A8015520142002E012E18003C
:1032500000B21F2F032EC0F5F030480847AA743083
:10326000072E7A0061224B1A052F072E66F5BFBD87
:10327000BFB9C0900B2F1D562B30D242DB42010448
:10328000C24204BDFE808184232E7A0002420232B3
:10329000252E62F5052ED6008184252ED60002311A
:1032A000252E60F5052E8A000B50900880B20B2F5A
:1032B000052ECAF5F03E9008252ECAF5052E59F5C3
:1032C000E03F9008252E59F5906FA16FB36FC46F42
:1032D000D56FE66FF76F7B6F826F705FC82EC0503F
:1032E000907FE57FD47FC37FB17FA27F877FF67F0A
:1032F0007B7F002E012E60F5607F982E35B702305F
:10330000636F1552507F627F5A2C02321A0900B344
:10331000142F00B2032F092E180000910C2F437FA9
:10332000982E97B71F50028A02320430252E64F57A
:103330001552506F436F4443252E60F5D908C0B233
:10334000362F982E3EB700B2062F012E190000B27C
:10335000022F506F00900A2F012E79000090192F34
:103360001030212E79000030982EDC03132D012E11
:10337000C3F50CBC0FB81230100403B02625215041
:103380000352982E4DB71030212EEE000230607F90
:10339000252E7900606F0090052F0030212EEA0065
:1033A0001550212E64F51552232E60F50232506F10
:1033B0000090022F0330272E7800072E60F51A099F
:1033C0000091A32F19090091A02F906FA26FB16FE8
:1033D000C36FD46FE56F7B6FF66F876F405FC82E4A
:1033E000C050E77FF67F26300F2E61F52F2E7C0030
:1033F0000F2E7C00BE09A27F807F80B3D57FC47F63
:10340000B37F917F7B7F0B2F23501A251240427F81
:1034100074821240527F002E0040607F982E6AD640
:103420008130012E7C00010800B2422F032E89005A
:10343000012E890097BC06BC9FB80FB80090232EC0
:10344000D800103001302A2F032ED40044B2052FAB
:1034500047B200302D2F212E7C002B2D032EFDF5A1
:103460009EBC9FB84090142F032EFCF599BC9FB8CA
:1034700040900E2F032E49F125544A084090082F02
:10348000982E35B700B21030032F5030212ED400C3
:10349000102D982EAFB70030212E7C000A2D052E5E
:1034A00069F72DBD2FB980B2012F212E7D00232E6B
:1034B0007C00E031212E61F5F66FE76F806FA26F1F
:1034C000B36FC46FD56F7B6F916F405FC82E605133
:1034D0000A253688F47FEB7F0032315232301330C8
:1034E000982E15CB0A253384D27F433005502D52B8
:1034F000982E95C1D26F2752982ED7C72A25B0860D
:10350000C07FD37FAF842950F16F982E4DC82A25F4
:10351000AE8AAA88F26E2B50C16FD36FF47F982EBB
:10352000B6C8E06E00B2322F33548386F16FC37F8A
:1035300004303030F47FD07FB27FE330C56F564027
:103540004541280803140EB408BC8240100A2F54C9
:103550002605917F4428A37F982ED9C008B933301F
:103560005309C16FD36FF46F831747406C15B26F67
:10357000BE09750B90424542510E32BC0289A16FC3
:103580007E86F47FD07FB27F0430916FD62FEB6FB1
:10359000A05EB82E032E97001BBC60509FBC0CB8D9
:1035A000F07F40B2EB7F2B2F032E7F004140012E96
:1035B000C800011A112F3758232EC8001041A07FD0
:1035C00038810141D07FB17F982E64CFD06F0780C2
:1035D000A16F1142002EB16F01421130012EFC008B
:1035E00000A80330CB224A25012E7F003C893552AA
:1035F0000554982EC4CEC16FF06F982E95CF042D30
:103600000130F06F982E95CFEB6FA05FB82E032E90
:10361000B3000232F030033130508A080808CB087A
:10362000E07F80B2F37FDB7F252F032ECA0041901D
:10363000042F0130232ECA00982E3F03C0B2052F5D
:10364000032EDA0000304104232EDA00982E92B2C5
:103650001025F06F00B2052F012EDA0002301004A1
:10366000212EDA0040B2012F232EC801DB6FE06F5C
:10367000D05F802E95CF0130E06F982E95CF11301E
:10368000232ECA00DB6FD05FB82ED0500A253384BA
:103690005550D27FE27F038CC07FBB7F0030055A3C
:1036A00039545141A57F967F807F982ED9C005302F
:1036B000F57F2025916F3B583D5C3B56982E67CC9B
:1036C000C16FD56F52405043C17FD57F1025982ED2
:1036D000FEC91025982E74C0866F3028926F828C98
:1036E000A56F6F52690E3954DB2F19A01530032FC7
:1036F0000030212E81010A2D012E8101052842363C
:10370000212E8101020E012F982EF3035750123003
:103710000140982EFEC9516F0B5C8E0E3B6F5758BF
:103720000230212E9501456F2A8DD27FCB7F132F3A
:1037300002303F50D27FA80E0E2FC06F53540200AC
:103740005154420E103059520230012F002E032DD9
:10375000504242421230D27F80B2032F0030212EDD
:103760008001122D012EC9000280052E800111302A
:1037700091280040252E8001100E052F012E7F017B
:103780000190012F982EF303002EA0410190A67FF7
:10379000902EE3B4012E950100A8902EE3B45B5463
:1037A0009580824080B202402D8C3F52967F902EB1
:1037B000C2B3290E762F012EC90000408128455240
:1037C000B330982E0FCA5D54807F002EA140727FC7
:1037D00082808240607F982EFEC91025982E74C08A
:1037E000626F05308740C0910430052F052E83019C
:1037F00080B21430002F0430052EC900736F814051
:10380000E2406904110FE1401630FE29CB40022F3F
:10381000836F830F222F4756130F1230772F49548F
:10382000420E1230732F00910A2F012E8B0119A81E
:1038300002306C2F6350002E17420542682C123064
:103840000B25080F5030022F212E8301032D40300D
:10385000212E83012B2E85015A2C123000912B250D
:10386000042F635002301742172C0242982EFEC9D3
:103870001025982E74C0052EC90081845B308240CB
:10388000372E8301020E072F5F52403062404140C5
:10389000910E012F212E830105302B2E8501123030
:1038A000362C16301525817F982EFEC91025982EAE
:1038B00074C019A21630152F052E9701806F820E45
:1038C000052F012E86010628212E86010B2D032EA1
:1038D00087015F544E289142002E8240900E012FA6
:1038E000212E88010230132C0530C06F081CA80F50
:1038F000163005305B50092F02802D2E82010542C3
:103900000580002E02423E80002E06420230906F5B
:103910003E88014004414C28014207801025244084
:10392000004000A8F522232944427A827E88434041
:10393000044100ABF523DF284342D9A0142F0090A7
:10394000022FD26F81B2052F635406289042854220
:10395000092C02305B500380292E7E012B2E820120
:10396000054212302B2E83014582002E40407A8280
:1039700002A0082F63503B30154205423780372E96
:103980007E0105421230012EC900028C4040844164
:103990007A8C040F032F012E8B0119A4042F2B2ED8
:1039A0008201982EF303123081906152082F6542F4
:1039B00065424380398482880542454285420543F9
:1039C000002E80410090902EE1B46554C16F80407C
:1039D00000B243586950442F555CB7878C0F0D2EA9
:1039E0009601C440362F41568B0E2A2F0B52A10E42
:1039F0000A2F052E8F011425982EFEC94B54020F55
:103A0000695005306554152F032E8E014D5C8E0FC5
:103A10003A2F052E8F01982EFEC94F54820F053084
:103A200069506554302F6D521530428C4542043038
:103A30002B2C84436B52428C002E85431530242C52
:103A400045428E0F202F0D2E8E01B10E1C2F232EDE
:103A50008E011A2D0E0E172FA10F152F232E8D015B
:103A6000132D982E74C04354C20E0A2F6550048043
:103A70000B3006820B42798041401230252E8C019A
:103A8000014205306950655484824384BE8C844071
:103A9000864126299442BE8ED57F19A143400B2E24
:103AA0008C018440C7415D29272945428442C27F59
:103AB000012FC0B31D2F052E940199A0012F80B3B3
:103AC000132F80B3182FC0B3162F12400140927FDE
:103AD000982E74C0926F100F2030032F1030212EBB
:103AE0007E010A2D212E7E01072D2030212E7E0100
:103AF000032D1030212E7E01C26F012EC900BC841F
:103B0000028082400040900ED56F022F1530982E13
:103B1000F30341910530072F67503D802B2E8F0115
:103B200005420480002E0542022C00300030A26FB6
:103B3000988A864080A7052F982EF303C030212E47
:103B4000950106251A25E26F768296405643510E5E
:103B5000FB2FBB6F305FB82E012EB800013141083A
:103B600040B22050F2300208FB7F0130102F052EAA
:103B7000CC008190E07F032F232ECC00982E55B6E9
:103B8000982E1DB51025FB6FE06FE05F802E95CF5E
:103B9000982E95CF1030212ECC00FB6FE05FB82E11
:103BA00000510558EB7F2A2589526F5A89501341DD
:103BB0000640B3011642CB160640F3021342650ECF
:103BC000F52F054014302C29044208A10030902E16
:103BD00052B6B388B08AB684A47FC47FB57FD57F40
:103BE000927F73300430554042408A17F3086B01CE
:103BF000900253B84B82ADBE717F450A0954847F51
:103C0000982ED9C0A36F7B54D042A37FF27F607FF0
:103C10002025716F755A7758795C7556982E67CC48
:103C2000B16F626F5042B17FB3301025982E0FCA2A
:103C3000846F2029716F926FA56F76826A0E733040
:103C40000030D02FD26FD17FB47F982E2BB715BD07
:103C50000BB8020AC26FC07F982E2BB715BD0BB8E8
:103C6000420AC06F081741188916E118D018A17FC1
:103C700027251625982E79C08B54907FB33082402B
:103C800080900D2F7D52926F982E0FCAB26F900EBA
:103C9000062F8B501430426F516F14421242014272
:103CA000002E316F982E74C0416F807F982E74C0A3
:103CB000826F10044352010F052ECB0000300430F8
:103CC000212F516F43588C0E04301C2F8588416F73
:103CD00004418C0F0430162F8488002E0441040503
:103CE0008C0E04300F2F8288316F044104058C0E36
:103CF0000430082F8388002E04418C0F0430022FDB
:103D0000212EAD0114300091142F032EA1014190FA
:103D10000E2F032EAD0114304C28232EAD0146A0EA
:103D2000062F81848D5248828240212EA101424279
:103D30005C2C0230052EAA0180B20230552F032ED2
:103D4000A901926FB330982E0FCAB26F900F003056
:103D500002304A2FA26F875291008552510E022FD6
:103D6000002E432C0230C26F7F52910E02303C2F46
:103D7000516F8154982EFEC91025B3302125982EFD
:103D80000FCA326FC07FB3301225982E0FCA426F10
:103D9000B07FB3301225982E0FCAB26F902883528D
:103DA000982EFEC9C26F900F003002301D2F052ED5
:103DB000A10180B212300F2F426F032EAB01910E82
:103DC0000230122F526F032EAC01910F02300C2FD4
:103DD000212EAA010A2C1230032ECB008D580889FF
:103DE000414011430043252EA101D46F8F5200435F
:103DF0003A89002E10431043610EFB2F032EA001C1
:103E0000111A022F0225212EA001EB6F005FB82EA0
:103E1000915210300230955652424B0EFC2F8D5469
:103E20008882935680425342404242868354C02E39
:103E3000C242002EA3520051524047401A25012E83
:103E400097008FBE7286FB7F0B307CBFA550100899
:103E5000DFBA7088F8BFCB42D37F6CBBFCBBC50A0E
:103E6000907F1B7F0B43C0B2E57FB77FA67FC47FE7
:103E7000902E1CB7072ED200C0B20B2F9752012EE6
:103E8000CD00827F982EBBCC0B30372ED200826FB4
:103E9000906F1A2500B28B7F142FA6BD25BDB6B931
:103EA0002FB980B2D4B00C2F99549B560B300B2EE7
:103EB000B100A1589B42DB426C092B2EB1008B4212
:103EC000CB42867F7384A756C30839520550727F50
:103ED000637F982EC2C0E16F626FD10A012ECD00C0
:103EE000D56FC46F726F97529D5C982E06CD236F6D
:103EF000906F9952C0B204BD5440AFB94540E17FC4
:103F00000230062FC0B20230032F9B5C1230944364
:103F1000854303BF6FBB80B3202F066F2601166F4A
:103F20006E034542C090292ECE009B52142F9B5CFD
:103F3000002E93418641E304AE0780AB042F8091AD
:103F40000A2F866F730F072F836FC0B2042F54425E
:103F500045421230042C1130022C1130113002BCB9
:103F60000FB8D27F00B20A2F012EFC00052EC70128
:103F7000101A022F212EC701032D022C013001300F
:103F8000B06F982E95CFD16FA06F982E95CFE26F1E
:103F90009F52012ECE00824050420C2C42421130E2
:103FA000232ED2000130B06F982E95CFA06F013034
:103FB000982E95CF002EFB6F005FB82E83860130C0
:103FC0000030944024180600530E4F02F92FB82EEB
:103FD000A952002E604041400DBC98BCC02E010A81
:103FE0000FB8AB52533C524040404B00821626B9AA
:103FF00001B84140100897B80108C02E11300108DF
:10400000438625400440D8BE2C0B22115442038025
:104010004B0EF62FB82E9F501050AD52052ED300E8
:10402000FB7F002E13409342410EFB2F982EA5B725
:10403000982E87CF012ED90000B2FB6F0B2F012ED7
:1040400069F7B13F01080130F05F232ED900212E1E
:1040500069F7802E7AB7F05FB82E012EC0F8032ED4
:10406000FCF51554AF5682080B2E69F7CB0AB158F0
:104070008090DDBE4C085FB959228090072F033431
:10408000C308F23A0A080235C0904A0A4822C02EF4
:10409000232EFCF51050FB7F982E56C7982E49C34F
:1040A0001030FB6FF05F212ECC00212ECA00B82EFD
:1040B000032ED30016B802344A0C212E2DF5C02E43
:1040C000232ED30003BC212ED500032ED50040B2F1
:1040D0001030212E77000130052F052ED80080905A
:1040E000012F232E6FF5C02E212ED900113081080B
:1040F000012E6AF7713F23BD0108020AC02E212E4E
:104100006AF730250030212E5AF51050212E7B0001
:10411000212E7C00FB7F982EC3B74030212ED40087
:10412000FB6FF05F0325802EAFB7802E00C1802E7D
:1041300000C1802E00C1802E00C1802E00C1802EC3
:1041400000C1802E00C1802E00C1802E00C1802EB3
:1041500000C1802E00C1802E00C1802E00C1802EA3
:1041600000C1802E00C1012E5DF708BC80AC0EBBE3
:10417000022F003041048206C0A40030112F40A954
:10418000032F40910D2F00A70B2F80B3B358022FA0
:1041900090A12613202380901030012FCC0E002FE9
:1041A0000030B82EB550180808BC88B60D17C6BD2B
:1041B00056BCB758DABA04011D0A10500530322532
:1041C0004503FB7FF6302125982E37CA16B59ABCD9
:1041D00006B880A8410A0E2F8090022F2D50480F5C
:1041E000092FBFA0042FBF90062FB754CA0F032F6B
:1041F000002E022CB7522D52F233982ED9C0FB6FED
:10420000F137C02E0108F05FBF56B954D040C4400A
:104210000B2EFDF3BF529042944295420530C1509F
:104220000F88064004419642C54248BE73300D2EA9
:10423000D8004FBA8442034281B3022F2B2E6FF570
:10424000062D052E77F7BD569308252E77F7BB541C
:10425000252EC2F5072EFDF34230B433DA0A4C00A6
:10426000272EFDF34340D43FDC084342002E002EAE
:1042700043402430DC0A43420480032EFDF34A0A03
:10428000232EFDF36134C02E0142002E60501A250A
:104290007A86E07FF37F0325C3524184DB7F33308E
:1042A000982E16C21A257D82F06FE26F32251640D5
:1042B0009440260185408E17C4426E039542410EFC
:1042C000F42FDB6FA05FB82EB051FB7F982EE80D66
:1042D0005A25982E0F0ECB583287C47F65896B8D77
:1042E000C55A657FE17F837FA67F747FD07FB67FCD
:1042F000947F1730C752C954517F002E856F427F7B
:10430000002E51414581424113403B8A00404B04FD
:10431000D006C0AC857F022F02305104D306418401
:1043200005305D02C916DF08D3008D02AFBCB1B9FC
:10433000590A656F1143A1B4524153410143347F7F
:10434000657F2631E56FD46F982E37CA326F756F4F
:1043500083404241237F127FF63040255125982E1D
:1043600037CA146F2005706F256F6907A26F316F10
:104370000B3004429B428B425542327F40A9C36FAF
:10438000717F0230D040C37F032F4091152F00A7CB
:10439000132F00A4112F84BD982E79CA556FB754DE
:1043A00054418200F33F4541CB02F630982E37CA84
:1043B000356FA46F4143032C0043A46F356F173052
:1043C000426F516F934042820041C3000343517FCB
:1043D000002E944041414C02C46FD156630E746F5D
:1043E0005143A57F8A2F092ED80001B3212FCB5826
:1043F000906F1341B66FE47F002E914114409241BB
:104400001540172E6FF5B67FD07FCB7F982E000C0E
:104410000715C26F140B292E6FF5C3A3C18FE46F6C
:10442000D06FE62F1430052E6FF5140B292E6FF583
:10443000182DCD560432B56F1C0151415241C34075
:10444000B57FE47F982E1F0CE46F21870043043270
:10445000CF545A0EEF2F1554092E77F7220B292E21
:1044600077F7FB6F505EB82E1050012ED40000B2CB
:10447000FB7F512F01B2482F02B2422F0390562FDB
:10448000D75279804240818400404242982E930C5A
:10449000D954D750A14098BD82403E82DA0A4440A8
:1044A0008B16E3005342002E43409A025242002EE4
:1044B000414015544A0E3A2F3A8200304140212E95
:1044C000850F40B20A2F982EB10C982E450E982ECB
:1044D0005B0EFB6FF05F0030802ECEB7DD52D35401
:1044E00042424F847330DB5283421B306B42233095
:1044F000272ED700372ED400212ED6007A84172CF1
:1045000042423030212ED400122D21300030232E93
:10451000D400212E7BF70B2D1730982E510CD5503F
:104520000C8272302F2ED400252E7BF74042002EB5
:10453000FB6FF05FB82E70500A253986FB7FE132A1
:104540006230982EC2C4B556A56FAB08916F4B0868
:10455000DF56C46F23094DBA93BC8C0BD16F0B0986
:10456000CB52E15E5642AF094DBA23BD940AE56FC6
:1045700068BBEB08BDB963BEFB6F5242E30AC02EB5
:104580004342905FD150032E25F3134000409BBC63
:104590009BB408BDB8B998BCDA0A08B68916C02E13
:1045A000190062021050FB7F982E810D012ED4005D
:1045B00031300804FB6F0130F05F232ED600212E2E
:1045C000D700B82E012ED700032ED600480E012F9B
:1045D000802E1F0EB82EE350213401428230C132AA
:1045E000252E62F50100223001404A0A0142B82E10
:1045F000E354F03B8340D808E552834200308330D7
:104600005042C432272E64F5940050424042D33FBA
:1046100084407D82E30840428342B82EDD52003060
:1046200040427C86B952092E700FBF54C442D386D3
:104630005440554094428542212ED7004240252EB9
:10464000FDF3C0427E82052E7D0080B2142F052E20
:10465000890027BD2FB98090022F212E6FF50C2DD8
:10466000072E710F14301C09052E77F7BD5647BE73
:104670009308940A252E77F7E75450424A0EFC2FF0
:10468000B82E505002304386E550FB7FE37FD27F47
:10469000C07FB17F002E414000404804982E74C076
:1046A0001EAAD36F1430B16FE322C06F5240E46F83
:1046B0004C0E1242D37FEB2F032E860F4090113009
:1046C000032F232E860F022C0030D06FFB6FB05FBC
:1046D000B82E4050F17F0A253C86EB7F41332230D3
:1046E000982EC2C4D36FF430DC094758C26F9409C6
:1046F000EB586ABBDC08B4B9B1BDE95A950821BDD5
:10470000F6BF770B51BEF16FEB6F52425442C02E91
:104710004342C05F5050F55031301142FB7F7B3037
:104720000B4211300280233301420300072E800325
:10473000052ED3002352E27FD37FC07F982EB60E82
:10474000D16F080A1A257B86D07F01331230982E4C
:10475000C2C4D16F080A00B20D2FE36F012E80038F
:104760005130C786232E21F208BCC042982EA5B72F
:10477000002E002ED02EB06F0BB8032E1B00081A8F
:10478000B07F7030042F212E21F2002E002ED02E6B
:10479000982E6DC0982E5DC0ED50982E44CBEF50F2
:1047A000982E46C3F150982E53C73550982E64CF9B
:1047B0001030982EDC032026C06F02311242AB333A
:1047C0000B42378001300142F337F752FB5044402F
:1047D000A20A42428B31092E5EF7F954E308834264
:1047E0001B4223334B00BC840B40333083420B42CB
:1047F000E07FD17F982E58B7D16F80304042033090
:10480000E06FF3540430002E002E0189620EFA2F5F
:1048100043421130FB6FC02E0142B05FC14A00001D
:104820006D570000778E0000E0FFFFFFD3FFFFFF12
:10483000E5FFFFFFEEE1FFFF7C13000046E6FFFF10
:104840000000000000000000000000000000000068
:104850000000000000000000000000000000000058
:104860000000000000000000000000000000000048
:1048700000000000000000000000802E00C1802E1B
:1048800000C1802E00C1802E00C1802E00C1802E6C
:1048900000C1802E00C1802E00C1802E00C1802E5C
:1048A00000C1802E00C1802E00C1802E00C1802E4C
:1048B00000C1802E00C1802E00C1802E00C1802E3C
:1048C00000C1802E00C1802E00C1802E00C1802E2C
:1048D00000C1802E00C1802E00C1802E00C1802E1C
:1048E00000C1802E00C1802E00C1802E00C1802E0C
:1048F00000C1802E00C1802E00C1802E00C1802EFC
:1049000000C1802E00C1802E00C1802E00C1802EEB
:1049100000C1802E00C1802E00C1802E00C1802EDB
:1049200000C1802E00C1802E00C1802E00C1802ECB
:1049300000C1802E00C1802E00C1802E00C1802EBB
:1049400000C1802E00C1802E00C1802E00C1802EAB
:1049500000C1802E00C1802E00C1802E00C1802E9B
:1049600000C1802E00C12902100025BC51818007A2
:104970009300FFFF75FFFE0D00170100000000000F
:104980000000000000003000170A000000000000D6
:1049900000000000001102000208000810010100E0
:1049A000000000FF00020000000000200B000002D9
:1049B000FF21000001000000008C000038FF010012
:1049C000270034006507008705016800C00838002B
:1049D00000000099C800030000000000020705065F
:1049E00006030002C7FFDB02000001012100FF01F6
:1049F0000100040182A4000000000001016B90018D
:104A00000001016BA801000201838600000014016F
:104A10007901FFFFFFFFFFFFFFFFFFFFFFFFFFFF2A
:104A2000FFFFFFFFFFFF00140179150000000000E9
:104A30000000000000000000000000000000000076
:104A4000380171AF0000000000000000000000000D
:104A50000000000000000000000000000000000056
:104A60000000000000000000000000000000000046
:104A7000000000000000000000000000001C0177A2
:104A8000DE00000000000000000000000000000048
:104A9000000000000000000000000000000008010D
:104AA000747F0000000000000000002001748700F7
:104AB00000000000000000000000000000000000F6
:104AC00000000000000000000000000000000000E6
:104AD0000401830800000000000201776800000064
:104AE0000401776A00FE2398000201776E0000003F
:104AF0000401777000FE2398000401777400FE2300
:104B000098000401777800FE2398000401777C0068
:104B1000FE2398000401778000FE239800020177AD
:104B20008400000002010021000000020100420098
:104B30000000020100630000000201008400000088
:104B4000020100A5000000010100C60000010100F3
:104B5000E70000020180C2F80000020180C4FFFFEC
:104B600000020180C6000300010180C8F0000101BD
:104B700080C98700020180DAF80000020180DCFFB2
:104B8000FF00020180DE000000010180E0A00001C2
:104B90000180E1800002017F47F8000002017F49A7
:104BA000FFFF0002017F4B00000002017F4D00F07B
:104BB0000002017F4F01400001016EBE00000101B3
:104BC0006EBF000001016EC0000001016EC1000057
:104BD00001016EC2000001016EC3000001016EC43C
:104BE000000001016EC5000001016EC60004000155
:104BF0005908000000000000000000000000000054
:104C000000000000000000000000000000000000A4
:104C10000000000000000000000000000000000094
:104C20000000000000000000000000000000000084
:104C30000000000000000000000000000000000074
:104C40000000000000000000000000000000000064
:104C50000000000000000000000000000000000054
:104C60000000000000000000000000000000000044
:104C70000000000000000000000000000000000034
:104C80000000000000000000000000000000000024
:104C90000000000000000000000000000000000014
:104CA0000000000000000000000000000000000004
:104CB00000000000000000000000000000000000F4
:104CC00000000000000000000000000000000000E4
:104CD00000000000000000000000000000000000D4
:104CE00000000000000000000000000000000000C4
:104CF00000000000000000000000000000000000B4
:104D000000000000000000000000000000000000A3
:104D10000000000000000000000000000000000093
:104D20000000000000000000000000000000000083
:104D30000000000000000000000000000000000073
:104D40000000000000000000000000000000000063
:104D50000000000000000000000000000000000053
:104D60000000000000000000000000000000000043
:104D70000000000000000000000000000000000033
:104D80000000000000000000000000000000000023
:104D90000000000000000000000000000000000013
:104DA0000000000000000000000000000000000003
:104DB00000000000000000000000000000000000F3
:104DC00000000000000000000000000000000000E3
:104DD00000000000000000000000000000000000D3
:104DE00000000000000000000000000000000000C3
:104DF00000000000000000000000000000000000B3
:104E000000000000000000000000000000000000A2
:104E10000000000000000000000000000000000092
:104E20000000000000000000000000000000000082
:104E30000000000000000000000000000000000072
:104E40000000000000000000000000000000000062
:104E50000000000000000000000000000000000052
:104E60000000000000000000000000000000000042
:104E70000000000000000000000000000000000032
:104E80000000000000000000000000000000000022
:104E90000000000000000000000000000000000012
:104EA0000000000000000000000000000000000002
:104EB00000000000000000000000000000000000F2
:104EC00000000000000000000000000000000000E2
:104ED00000000000000000000000000000000000D2
:104EE00000000000000000000000000000000000C2
:104EF00000000000000000000000000000000000B2
:104F000000000000000000000000000000000000A1
:104F10000000000000000000000000000000000091
:104F20000000000000000000000000000000000081
:104F30000000000000000000000000000000000071
:104F40000000000000000000000000000000000061
:104F50000000000000000000000000000000000051
:104F60000000000000000000000000000000000041
:104F70000000000000000000000000000000000031
:104F80000000000000000000000000000000000021
:104F90000000000000000000000000000000000011
:104FA0000000000000000000000000000000000001
:104FB00000000000000000000000000000000000F1
:104FC00000000000000000000000000000000000E1
:104FD00000000000000000000000000000000000D1
:104FE00000000000000000000000000000000000C1
:104FF00000000019015D0800000000000000000032
:1050000000000000000000000000000000000000A0
:10501000000C015D21000000000000000000000005
:10502000000017015D2D00000000000000000000DE
:10503000000000000000000000000000000014015B
:105040005D440000000000000000000000000000BF
:105050000000000000000002015D58000000020195
:105060007D1A20000001017D1C000001017D1D0052
:105070000002017D2720000001017D2900000101BF
:105080007D2A00000201798D0000000201798F0065
:1050900000000201799100000002017993000000F4
:1050A00002017995000000020179970000000801D3
:1050B000799945800000418333330002017E570017
:1050C000000002017E5900000002017E5B0000002A
:1050D00002017E5D00000002017E5F00000002010F
:1050E0007E61000000020172EB000000020172ED1F
:1050F000000000020172EF000000040172F10000E4
:10510000000000020172F5000000020172F70000C9
:1051100000020172F90000000401730300000000A6
:1051200000040173180000000000020177860000EF
:1051300000020177880000000201778A0000000267
:1051400001778C0000000201778E000000020177D9
:1051500090000000020177920000000201779400A5
:105160000000020177960000000C0177984580103E
:10517000004164CCCD453B800000080169D30000AC
:1051800000000000000000240169DB0000000000B6
:10519000000000000000000000000000000000000F
:1051A00000000000000000000000000000000000FF
:1051B000170169FF0000000000000000000000006F
:1051C00000000000000000000000000008016A1656
:1051D00000000000000000000020016A1E00000026
:1051E00000000000000000000000000000000000BF
:1051F00000000000000000000000000000004A0164
:105200006A3E0000000000000000000000000000F6
:10521000000000000000000000000000000000008E
:10522000000000000000000000000000000000007E
:10523000000000000000000000000000000000006E
:105240000000000000000000000000000008016AEB
:105250008800000000000000000080016A9000004B
:10526000000000000000000000000000000000003E
:10527000000000000000000000000000000000002E
:10528000000000000000000000000000000000001E
:10529000000000000000000000000000000000000E
:1052A00000000000000000000000000000000000FE
:1052B00000000000000000000000000000000000EE
:1052C00000000000000000000000000000000000DE
:1052D00000000000000000000000000000000000CE
:1052E00000000000000000000000000000000000BE
:1052F00000000000000000000000000000000000AE
:10530000000000000000000000000000000000009D
:10531000000000000000000000000000000000008D
:10532000000000000000000000000000000000007D
:10533000000000000000000000000000000000006D
:10534000000000000000000000000000000000005D
:10535000000000000000000000000000000000004D
:10536000000000000000000000000000000000003D
:10537000000000000000000000000000000000002D
:10538000000000000000000000000000000000001D
:10539000000000000000000000000000000000000D
:1053A00000000000000000000000000000000000FD
:1053B00000000000000000000000000000000000ED
:1053C00000000000000000000000000000000000DD
:1053D00000000000000000000000000000000000CD
:1053E00000000000000000000000000000000000BD
:1053F00000000000000000000000000000000000AD
:10540000000000000000000000000000000000009C
:10541000000000000000000000000000000000008C
:10542000000000000000000000000000000000007C
:10543000000000000000000000000000000000006C
:10544000000000000000000000000000000000005C
:10545000000000000000000000000000000000004C
:10546000000000000000000000000000000000003C
:10547000000000000000000000000000000000002C
:10548000000000000000000000000000000000001C
:10549000000000000000000000000000000000000C
:1054A00000000000000000000000000000000000FC
:1054B00000000000000000000000000000000000EC
:1054C00000000000000000000000000000000000DC
:1054D00000000000000000000000000000000000CC
:1054E0002E2E5C2E2E5C6C69627261726965735C33
:1054F0007A665F6472697665725C7A665F64726907
:105500007665725F70776D2E6300007EFEDD007E33
:10551000FEFD007EF8DD007EF8FD007EF6DD007EFB
:10552000F6FD007EFED0007EFEF0007EF8D0007E0C
:10553000F8F0007EF6D0007EF6F0007EFEB1007E30
:10554000FEB5007EF8B1007EF8B5007EF6B1007EB3
:10555000F6B5007EFED5007EFED7007EFED9007E29
:10556000FEDB007EFEF5007EFEF7007EFEF9007E8B
:10557000FEFB007EF8D5007EF8D7007EF8D9007ECD
:10558000F8DB007EF8F5007EF8F7007EF8F9007E83
:10559000F8FB007EF6D5007EF6D7007EF6D9007EB9
:1055A000F6DB007EF6F5007EF6F7007EF6F9007E6B
:1055B000F6FB007EFED2007EFEF2007EF8D2007E78
:1055C000F8F2007EF6D2007EF6F2007EFEB2007E99
:1055D000FEB6007EF8B2007EF8B6007EF6B2007E1F
:1055E000F6B6007EFEC2007EFEE2007EF8C2007EBD
:1055F000F8E2007EF6C2007EF6E2007EFECE007E7D
:10560000FEEE007EF8CE007EF8EE007EF6CE007E46
:10561000F6EE007EFECC007EFECD007EFEEC007E2F
:10562000FEED007EF8CC007EF8CD007EF8EC007E2A
:10563000F8ED007EF6CC007EF6CD007EF6EC007E26
:10564000F6ED007EFEC0007EFEE0007EF8C0007E2B
:10565000F8E0007EF6C0007EF6E0007EFEC8007E28
:10566000FEC9007EFECA007EFECB007EFEE8007E04
:10567000FEE9007EFEEA007EFEEB007EF8C8007EBA
:10568000F8C9007EF8CA007EF8CB007EF8E8007EFC
:10569000F8E9007EF8EA007EF8EB007EF6C8007EAE
:1056A000F6C9007EF6CA007EF6CB007EF6E8007EE4
:1056B000F6E9007EF6EA007EF6EB2E2E5C2E2E5CDE
:1056C0006C69627261726965735C7A665F64726943
:1056D0007665725C7A665F6472697665725F737014
:1056E000692E6300007EFA21007EF811007EF831F9
:1056F000007EFBF8007EF809007EF829000000001B
:105700000000000000000000000000000000000099
:105710000000000000000000000000000000000089
:105720000000000000000000000000000000000079
:105730000000000000000000000000000000000069
:105740000000000000000000000000000000000059
:105750000000000000000000000000000000000049
:105760000000000000000000000000000000000039
:10577000000000000000000000000000007EFA842D
:10578000007EF814007EF834007EFA27007EF81AB6
:10579000007EF83A007EFA25007EF818007EF83880
:1057A000007EFA28007EF81B007EF83B007EFA2679
:1057B000007EF819007EF839007EFA2E007EF81E71
:1057C000007EF83E007EFA2F007EF81F007EF83F34
:1057D000007EFBF9007EF80A007EF82A007EFA209F
:1057E000007EF810007EF830007EFA23007EF81567
:1057F000007EF835007EFA22007EF812007EF83234
:10580000007EFE90007EF808007EF828494D55394C
:10581000363352415F4D41475F53414D504C455FD8
:1058200044454641554C5420736574206572726F2F
:10583000722E0D0A00494D553936335241206D61A3
:10584000672073656C6620636865636B20657272A0
:105850006F722E0D0A00494D5539363352415F475C
:1058600059524F5F53414D504C455F444546415559
:105870004C5420736574206572726F722E0D0A008D
:10588000494D5539363352415F4143435F53414D92
:10589000504C455F44454641554C54207365742037
:1058A0006572726F722E0D0A00494D5539363352AA
:1058B000412061636320616E64206779726F207399
:1058C000656C6620636865636B206572726F722E0B
:1058D00000646174203D2025640D0A000000000072
:1058E00000000000000000000000000000000000B8
:1058F00000000000000000000000000000000000A8
:105900000000000000000000000000000000000097
:105910000000000000000000000000000000000087
:105920000000000000000000000000000000000077
:105930000000000000000000000000000000000067
:105940000000000000000000000000000000000057
:105950000000000000000000000000000000000047
:105960000000000000000000000000000000000037
:105970000000000000000000000000000000000027
:10598000494D5536363052415F4759524F5F53416A
:105990004D504C455F44454641554C542073657409
:1059A000206572726F722E0D0A00494D55363630E1
:1059B00052415F4143435F53414D504C455F444525
:1059C0004641554C5420736574206572726F722E77
:1059D0000D0A00696D75363630726120696E697422
:1059E000206572726F722E0D0A00696D7536363041
:1059F00072612073656C6620636865636B206572F5
:105A0000726F722E0D0A002E2E5C2E2E5C6C696257
:105A10007261726965735C7A665F646576696365F5
:105A20005C7A665F6465766963655F776966695FFE
:105A30007370692E630025730D0A25730D0A257393
:105A40000D0A25730D0A0025730D0A0025730D0A32
:105A500025730D0A004F4B00563200000000000075
:105A60000000000000000000000000000000000036
:105A700000000000000000000000000000000044E2
:105A80004C314120706572666F726D2073696E676C
:105A90006C65207265666572656E63652063616C16
:105AA0006962726174696F6E206572726F722E0D19
:105AB0000A00444C31412073656C6620636865635D
:105AC0006B206572726F722E0D0A002E2E5C2E2EC8
:105AD0005C6C69627261726965735C7A665F646549
:105AE000766963655C7A665F6465766963655F6441
:105AF0006C31612E63002E2E5C2E2E5C6C696272FE
:105B000061726965735C7A665F6472697665725CFE
:105B10007A665F6472697665725F756172742E630E
:105B20000000000000000000000000000000000075
:105B30000000000000000000000000000000000065
:105B40000000000000000000000000000000000055
:105B50000000000000000000000000000000000045
:105B6000000102030405060708494D553636305238
:105B7000435F4759524F5F53414D504C455F444539
:105B80004641554C5420736574206572726F722EB5
:105B900000494D5536363052435F4143435F5341D0
:105BA0004D504C455F44454641554C5420736574F7
:105BB000206572726F722E00696D753636307263B1
:105BC0002073656C6620636865636B206572726F15
:105BD000722E00286E756C6C29002E2E5C2E2E5CA9
:105BE0006C69627261726965735C7A665F636F6D1E
:105BF0006D6F6E5C7A665F636F6D6D6F6E5F6675FD
:105C00006E6374696F6E2E63003031323334353613
:105C100037383941424344454630313233343536E2
:105C2000373839616263646566002E2E5C2E2E5C07
:105C30006C69627261726965735C7A665F646576CD
:105C40006963655C7A665F6465766963655F7769D9
:105C500072656C6573735F756172742E630025667F
:105C6000002564002E2E5C2E2E5C6C6962726172BF
:105C70006965735C7A665F6465766963655C7A669C
:105C80005F6465766963655F6970733131342E6373
:105C9000002566002564002E2E5C2E2E5C6C696249
:105CA0007261726965735C7A665F64657669636563
:105CB0005C7A665F6465766963655F7466743138C3
:105CC000302E63002566002564002E2E5C2E2E5C8F
:105CD0006C69627261726965735C7A665F6465762D
:105CE0006963655C7A665F6465766963655F697040
:105CF000733230302E63002E2E5C2E2E5C6C696267
:105D00007261726965735C7A665F647269766572E6
:105D10005C7A665F6472697665725F736F66745FE2
:105D20006969632E63002E2E5C2E2E5C6C69627294
:105D300061726965735C7A665F6472697665725CCC
:105D40007A665F6472697665725F656E636F6465BB
:105D5000722E63002E2E5C2E2E5C6C696272617254
:105D60006965735C7A665F6465766963655C7A66AB
:105D70005F6465766963655F626C65366132302E9B
:105D80006300696E697420737563636573732E00B5
:105D90006D743976303378207265696E69742E00BF
:105DA0006D74397630337820696E69742E00300056
:105DB0000D0A2025732066696C65202573206C69A7
:105DC0006E652025640D0A00405354434953502307
:105DD000417373657274206572726F72002E2E5C4F
:105DE0002E2E5C6C69627261726965735C7A665FA3
:105DF000636F6D6D6F6E5C7A665F636F6D6D6F6EF6
:105E00005F6669666F2E63002E2E5C2E2E5C6C69B9
:105E1000627261726965735C7A665F6472697665E5
:105E2000725C7A665F6472697665725F6770696FCB
:105E30002E63002E2E5C2E2E5C6C6962726172697C
:105E400065735C7A665F6472697665725C7A665FB8
:105E50006472697665725F6164632E63002E2E5CE6
:105E60002E2E5C6C69627261726965735C7A665F22
:105E70006472697665725C7A665F6472697665726F
:105E80005F7069742E63005345454B46524545206B
:105E90005354433332473134344B204F70656E7363
:105EA0006F75726563204C696272617279200D0AA8
:105EB00000000000000001000000020200000300DA
:105EC00064000400BC000500780006000000070024
:105ED000000008002000000000696D753636307241
:105EE000622073656C6620636865636B20657272FF
:045EF0006F722E009F
:0200000400FFFB
:1000000002074288008001FF0100000001FF00801C
:1000100000FF014F004E2CFF00B6B4FF010000FFAF
:1000200000090010001100240125FF7500FF014E9A
:100030002C48003020FF00300954003104320340C6
:1000400083462560002700500651005296560857F7
:1000500030610062006400650066A0FF0122324743
:100060001449FF4A00FF007A0A7B007821FF012330
:1000700034420044FF4526460540400E06201A4300
:1000800040FF0034033544FF0131044B094C054D5A
:1000900004FF0044004520470848286700700471A9
:1000A0000172FE76007700FF010D01FF0080010163
:0B00B000F8FF018E010001FF0080003E
:1000CB008AFDF9170000000000000000000000008E
:1000DB0000000000000000080808080808080000DD
:1000EB000808000000482424120000000000000053
:1000FB00000000000000004848487E2424247E2491
:10010B00242400000000103C5252121C305050525C
:10011B00523C1010000000222515150D2A5854547E
:10012B00522200000000000C1212120A7625291927
:10013B00916E0000000604040200000000000000A5
:10014B0000000000004020101008080808080810E4
:10015B0010204000000204080810101010101008A6
:10016B00080402000000000008086B1C1C6B080848
:10017B00000000000000000000101010FE10101016
:10018B000000000000000000000000000000000064
:10019B000604040200000000000000007E000000C6
:1001AB000000000000000000000000000000000044
:1001BB00060600000000402020201010080808044C
:1001CB000402020000000018244242424242424212
:1001DB0024180000000000101C101010101010103C
:1001EB00107C00000000003C4242424020100804FA
:1001FB00427E00000000003C42424020182040425A
:10020B00423C000000000020303028242422FE2035
:10021B0020F800000000007E0202021E2240404235
:10022B00221C0000000000182402023A46424242FF
:10023B00443800000000007E4220201010080808FF
:10024B00080800000000003C4242422418244242AD
:10025B00423C00000000001C22424242625C4040D3
:10026B002418000000000000000018180000000017
:10027B00181800000000000000000008000000003B
:10028B0000080808000000402010080402040810B1
:10029B00204000000000000000007E00007E0000F7
:1002AB00000000000000000204081020402010088D
:1002BB00040200000000003C4242462010101000D7
:1002CB00181800000000001C225A55555555553A78
:1002DB00423C00000000000808181414243C224281
:1002EB0042E700000000001F2222221E224242424F
:1002FB00221F00000000007C42420101010101426B
:10030B00221C00000000001F224242424242424295
:10031B00221F00000000003F4212121E1212024266
:10032B00423F00000000003F4212121E1212020256
:10033B00020700000000003C222201010171212272
:10034B00221C0000000000E7424242427E42424231
:10035B0042E700000000003E0808080808080808EB
:10036B00083E00000000007C101010101010101040
:10037B001010110F0000007722120A0E0A1212221F
:10038B0022770000000000070202020202020202B2
:10039B00427F00000000007736363636362A2A2A8E
:1003AB002A6B0000000000E346464A4A5252526252
:1003BB00624700000000001C224141414141414184
:1003CB00221C00000000003F424242423E02020259
:1003DB00020700000000001C224141414141414DF8
:1003EB00321C60000000003F4242423E12122222A9
:1003FB0042C700000000007C424202041820404229
:10040B00423E00000000007F490808080808080861
:10041B00081C0000000000E74242424242424242B6
:10042B00423C0000000000E742422224241414182E
:10043B00080800000000006B2A2A2A2A2A36141406
:10044B0014140000000000E7422424181818242478
:10045B0042E7000000000077222214140808080865
:10046B00081C00000000007E21201010080404422C
:10047B00423F000000780808080808080808080828
:10048B000808780000000204040408080810102073
:10049B0020204040001E10101010101010101010D3
:1004AB0010101E00001824000000000000000000C7
:1004BB000000000000000000000000000000000031
:1004CB00000000FF00060800000000000000000014
:1004DB0000000000000000000000001C22302C2255
:1004EB00326C0000000000000302021A2642424256
:1004FB00261A00000000000000000038440202022F
:10050B0044380000000000006040407C4242424200
:10051B0062DC0000000000000000003C42427E0252
:10052B00423C0000000000003048083E0808080864
:10053B00083E0000000000000000007C22221C028C
:10054B003C42423C000000000302023A4642424257
:10055B0042E700000000000C0C00000E0808080821
:10056B00083E000000000030300000382020202022
:10057B002020221E0000000003020272120A0E123B
:10058B0022770000000000080E0808080808080879
:10059B00083E0000000000000000007F9292929243
:1005AB0092B70000000000000000003B46424242B0
:1005BB0042E70000000000000000003C42424242C3
:1005CB00423C0000000000000000001B264242429B
:1005DB00261A020700000000000000586442424245
:1005EB00645840E000000000000000774C04040455
:1005FB00041F0000000000000000007C42023C4091
:10060B00423E0000000000000008083E08080808F1
:10061B0048300000000000000000006342424242EC
:10062B0062DC00000000000000000077222214149E
:10063B000808000000000000000000DB91525A2A5D
:10064B0024240000000000000000006E241818187D
:10065B002476000000000000000000E7422424186C
:10066B0018080806000000000000007E2210080891
:10067B00447E000000C020202020202010202020BD
:10068B002020C0001010101010101010101010109F
:10069B0010101010000304040404040408040404E0
:1006AB0004040300045A20000000000000000000B6
:1006BB00000000001E0353005400430020005500AF
:1006CB005300420020005300650072006900610076
:1006DB006C00040309041201000202000040BF3445
:1006EB0002FF000101020001090243000201008028
:1006FB00320904000001020201000524001001056B
:10070B0024010001042402020524060001070582CE
:10071B00034000FF09040100020A000000070581E5
:10072B000240000007050102400000000001000824
:10073B00035300540043007584017E443FFFE47A69
:10074B0049B01B4478F99000007E34FFFFE4F0A31E
:10075B001B3478FA7EF800207E0400FE7E1449F1EB
:10076B000B0A405D446822295000020A25693000BB
:10077B00032E0800050B44800A7E0BB07A1BB00BCE
:0D078B001C0B0C1B4478F280D78AFCFED7B3
:00000001FF
